post_number,topic,post_text,tracking_link
1,Browser automation,Quick update: Avoid browser fingerprint drift under repeated runs when you build reliable browser automation stacks. Our site is about reliability-first comparisons beat feature lists when you want a stable stack for browser profile stability. It helps LinkedIn audiences save time on proof-of-concept and checkout due diligence while staying smart on affiliate messaging. Check the verified promo and use SAAS50 for 50% off. This is the kind of content that builds long-term affiliate trust. [1/1000],https://saasverdict.com/go/multilogin?utm_source=linkedin&utm_medium=auto_post&utm_campaign=SAAS50&utm_content=post0001
2,Promo verification,Pro tip for browser ops teams: Avoid promo claims with no proof when you build reliable browser automation stacks. Our site is about reliability-first comparisons beat feature lists when you want a stable stack for browser profile stability. It helps LinkedIn audiences save time on proof-of-concept and checkout due diligence while staying smart on affiliate messaging. See the discount proof and apply SAAS50 at checkout. This is the kind of content that builds long-term affiliate trust. [2/1000],https://saasverdict.com/go/multilogin?utm_source=linkedin&utm_medium=auto_post&utm_campaign=SAAS50&utm_content=post0002
3,Affiliate trust,"Short reminder: Avoid fragile profile consistency when you build reliable browser automation stacks. Our site is about reliability-first comparisons beat feature lists when you want a stable stack for browser profile stability. It helps LinkedIn audiences save time on proof-of-concept and checkout due diligence while staying smart on affiliate messaging. Use SAAS50 when you buy, and share the verified savings path. This is the kind of content that builds long-term affiliate trust. [3/1000]",https://saasverdict.com/go/multilogin?utm_source=linkedin&utm_medium=auto_post&utm_campaign=SAAS50&utm_content=post0003
4,Multi-account ops,"Insight for automation engineers: Avoid API connection failures during scale when you build reliable browser automation stacks. Our site is about reliability-first comparisons beat feature lists when you want a stable stack for browser profile stability. It helps LinkedIn audiences save time on proof-of-concept and checkout due diligence while staying smart on affiliate messaging. Open the promo hub, validate the offer, and use SAAS50. This is the kind of content that builds long-term affiliate trust. [4/1000]",https://saasverdict.com/go/multilogin?utm_source=linkedin&utm_medium=auto_post&utm_campaign=SAAS50&utm_content=post0004
5,Workflow reliability,"If you care about multi-account reliability, note this: Avoid manual discount checks before checkout when you build reliable browser automation stacks. Our site is about reliability-first comparisons beat feature lists when you want a stable stack for browser profile stability. It helps LinkedIn audiences save time on proof-of-concept and checkout due diligence while staying smart on affiliate messaging. Use SAAS50 for your next Multilogin checkout with confidence. This is the kind of content that builds long-term affiliate trust. [5/1000]",https://saasverdict.com/go/multilogin?utm_source=linkedin&utm_medium=auto_post&utm_campaign=SAAS50&utm_content=post0005
6,API runbooks,Smart operators do this: Avoid privacy leaks in multi-account browsers when you build reliable browser automation stacks. Our site is about reliability-first comparisons beat feature lists when you want a stable stack for browser profile stability. It helps LinkedIn audiences save time on proof-of-concept and checkout due diligence while staying smart on affiliate messaging. Bookmark the comparison hub and use SAAS50 for a better deal. This is the kind of content that builds long-term affiliate trust. [6/1000],https://saasverdict.com/go/multilogin?utm_source=linkedin&utm_medium=auto_post&utm_campaign=SAAS50&utm_content=post0006
7,Privacy engineering,"Today’s note on browser privacy: Avoid team handoff friction with operational stacks when you build reliable browser automation stacks. Our site is about reliability-first comparisons beat feature lists when you want a stable stack for browser profile stability. It helps LinkedIn audiences save time on proof-of-concept and checkout due diligence while staying smart on affiliate messaging. Start with the reliability framework, then apply SAAS50. This is the kind of content that builds long-term affiliate trust. [7/1000]",https://saasverdict.com/go/multilogin?utm_source=linkedin&utm_medium=auto_post&utm_campaign=SAAS50&utm_content=post0007
8,Cost sustainability,Here’s a strong rule for scale: Avoid unreliable anti-detect browser setup when you build reliable browser automation stacks. Our site is about reliability-first comparisons beat feature lists when you want a stable stack for API integration quality. It helps LinkedIn audiences save time on proof-of-concept and checkout due diligence while staying smart on affiliate messaging. Follow the evidence-first process and use SAAS50 if it fits. This is the kind of content that builds long-term affiliate trust. [8/1000],https://saasverdict.com/go/multilogin?utm_source=linkedin&utm_medium=auto_post&utm_campaign=SAAS50&utm_content=post0008
9,Review methodology,"A practical take: Avoid high subscription cost without a proper comparison when you build reliable browser automation stacks. Our site is about reliability-first comparisons beat feature lists when you want a stable stack for API integration quality. It helps LinkedIn audiences save time on proof-of-concept and checkout due diligence while staying smart on affiliate messaging. Validate the stack, then apply SAAS50 for the discount. This is the kind of content that builds long-term affiliate trust. [9/1000]",https://saasverdict.com/go/multilogin?utm_source=linkedin&utm_medium=auto_post&utm_campaign=SAAS50&utm_content=post0009
10,Comparison hub,"If you manage accounts at scale, this helps: Avoid unclear vendor tradeoffs for automation projects when you build reliable browser automation stacks. Our site is about reliability-first comparisons beat feature lists when you want a stable stack for API integration quality. It helps LinkedIn audiences save time on proof-of-concept and checkout due diligence while staying smart on affiliate messaging. Use SAAS50 and keep recommending trusted, verified offers. This is the kind of content that builds long-term affiliate trust. [10/1000]",https://saasverdict.com/go/multilogin?utm_source=linkedin&utm_medium=auto_post&utm_campaign=SAAS50&utm_content=post0010
11,Browser automation,Quick update: Avoid browser fingerprint drift under repeated runs when you build reliable browser automation stacks. Our site is about promo verification keeps you from paying full price for unreliable claims for API integration quality. It helps LinkedIn audiences save time on proof-of-concept and checkout due diligence while staying smart on affiliate messaging. Check the verified promo and use SAAS50 for 50% off. This is the kind of content that builds long-term affiliate trust. [11/1000],https://saasverdict.com/go/multilogin?utm_source=linkedin&utm_medium=auto_post&utm_campaign=SAAS50&utm_content=post0011
12,Promo verification,Pro tip for browser ops teams: Avoid promo claims with no proof when you build reliable browser automation stacks. Our site is about promo verification keeps you from paying full price for unreliable claims for API integration quality. It helps LinkedIn audiences save time on proof-of-concept and checkout due diligence while staying smart on affiliate messaging. See the discount proof and apply SAAS50 at checkout. This is the kind of content that builds long-term affiliate trust. [12/1000],https://saasverdict.com/go/multilogin?utm_source=linkedin&utm_medium=auto_post&utm_campaign=SAAS50&utm_content=post0012
13,Affiliate trust,"Short reminder: Avoid fragile profile consistency when you build trusted vendor proof before purchase. Our site is about promo verification keeps you from paying full price for unreliable claims for API integration quality. It helps LinkedIn audiences save time on proof-of-concept and checkout due diligence while staying smart on affiliate messaging. Use SAAS50 when you buy, and share the verified savings path. This is the kind of content that builds long-term affiliate trust. [13/1000]",https://saasverdict.com/go/multilogin?utm_source=linkedin&utm_medium=auto_post&utm_campaign=SAAS50&utm_content=post0013
14,Multi-account ops,"Insight for automation engineers: Avoid API connection failures during scale when you build trusted vendor proof before purchase. Our site is about promo verification keeps you from paying full price for unreliable claims for API integration quality. It helps LinkedIn audiences save time on proof-of-concept and checkout due diligence while staying smart on affiliate messaging. Open the promo hub, validate the offer, and use SAAS50. This is the kind of content that builds long-term affiliate trust. [14/1000]",https://saasverdict.com/go/multilogin?utm_source=linkedin&utm_medium=auto_post&utm_campaign=SAAS50&utm_content=post0014
15,Workflow reliability,"If you care about multi-account reliability, note this: Avoid manual discount checks before checkout when you build trusted vendor proof before purchase. Our site is about promo verification keeps you from paying full price for unreliable claims for promo verification evidence. It helps LinkedIn audiences save time on proof-of-concept and checkout due diligence while staying smart on affiliate messaging. Use SAAS50 for your next Multilogin checkout with confidence. This is the kind of content that builds long-term affiliate trust. [15/1000]",https://saasverdict.com/go/multilogin?utm_source=linkedin&utm_medium=auto_post&utm_campaign=SAAS50&utm_content=post0015
16,API runbooks,Smart operators do this: Avoid privacy leaks in multi-account browsers when you build trusted vendor proof before purchase. Our site is about promo verification keeps you from paying full price for unreliable claims for promo verification evidence. It helps LinkedIn audiences save time on proof-of-concept and checkout due diligence while staying smart on affiliate messaging. Bookmark the comparison hub and use SAAS50 for a better deal. This is the kind of content that builds long-term affiliate trust. [16/1000],https://saasverdict.com/go/multilogin?utm_source=linkedin&utm_medium=auto_post&utm_campaign=SAAS50&utm_content=post0016
17,Privacy engineering,"Today’s note on browser privacy: Avoid team handoff friction with operational stacks when you build trusted vendor proof before purchase. Our site is about promo verification keeps you from paying full price for unreliable claims for promo verification evidence. It helps LinkedIn audiences save time on proof-of-concept and checkout due diligence while staying smart on affiliate messaging. Start with the reliability framework, then apply SAAS50. This is the kind of content that builds long-term affiliate trust. [17/1000]",https://saasverdict.com/go/multilogin?utm_source=linkedin&utm_medium=auto_post&utm_campaign=SAAS50&utm_content=post0017
18,Cost sustainability,Here’s a strong rule for scale: Avoid unreliable anti-detect browser setup when you build trusted vendor proof before purchase. Our site is about promo verification keeps you from paying full price for unreliable claims for promo verification evidence. It helps Telegram communities save time on proof-of-concept and checkout due diligence while staying smart on affiliate messaging. Follow the evidence-first process and use SAAS50 if it fits. This is the kind of content that builds long-term affiliate trust. [18/1000],https://saasverdict.com/go/multilogin?utm_source=linkedin&utm_medium=auto_post&utm_campaign=SAAS50&utm_content=post0018
19,Review methodology,"A practical take: Avoid high subscription cost without a proper comparison when you build trusted vendor proof before purchase. Our site is about promo verification keeps you from paying full price for unreliable claims for promo verification evidence. It helps Telegram communities save time on proof-of-concept and checkout due diligence while staying smart on affiliate messaging. Validate the stack, then apply SAAS50 for the discount. This is the kind of content that builds long-term affiliate trust. [19/1000]",https://saasverdict.com/go/multilogin?utm_source=linkedin&utm_medium=auto_post&utm_campaign=SAAS50&utm_content=post0019
20,Comparison hub,"If you manage accounts at scale, this helps: Avoid unclear vendor tradeoffs for automation projects when you build trusted vendor proof before purchase. Our site is about promo verification keeps you from paying full price for unreliable claims for promo verification evidence. It helps Telegram communities save time on proof-of-concept and checkout due diligence while staying smart on affiliate messaging. Use SAAS50 and keep recommending trusted, verified offers. This is the kind of content that builds long-term affiliate trust. [20/1000]",https://saasverdict.com/go/multilogin?utm_source=linkedin&utm_medium=auto_post&utm_campaign=SAAS50&utm_content=post0020
21,Browser automation,Quick update: Avoid browser fingerprint drift under repeated runs when you build trusted vendor proof before purchase. Our site is about a decision workflow is better than chasing every new tool for promo verification evidence. It helps Telegram communities save time on proof-of-concept and checkout due diligence while staying smart on affiliate messaging. Check the verified promo and use SAAS50 for 50% off. This is the kind of content that builds long-term affiliate trust. [21/1000],https://saasverdict.com/go/multilogin?utm_source=linkedin&utm_medium=auto_post&utm_campaign=SAAS50&utm_content=post0021
22,Promo verification,Pro tip for browser ops teams: Avoid promo claims with no proof when you build trusted vendor proof before purchase. Our site is about a decision workflow is better than chasing every new tool for team handoff reliability. It helps Telegram communities save time on proof-of-concept and checkout due diligence while staying smart on affiliate messaging. See the discount proof and apply SAAS50 at checkout. This is the kind of content that builds long-term affiliate trust. [22/1000],https://saasverdict.com/go/multilogin?utm_source=linkedin&utm_medium=auto_post&utm_campaign=SAAS50&utm_content=post0022
23,Affiliate trust,"Short reminder: Avoid fragile profile consistency when you build trusted vendor proof before purchase. Our site is about a decision workflow is better than chasing every new tool for team handoff reliability. It helps Telegram communities save time on proof-of-concept and checkout due diligence while staying smart on affiliate messaging. Use SAAS50 when you buy, and share the verified savings path. This is the kind of content that builds long-term affiliate trust. [23/1000]",https://saasverdict.com/go/multilogin?utm_source=linkedin&utm_medium=auto_post&utm_campaign=SAAS50&utm_content=post0023
24,Multi-account ops,"Insight for automation engineers: Avoid API connection failures during scale when you build trusted vendor proof before purchase. Our site is about a decision workflow is better than chasing every new tool for team handoff reliability. It helps Telegram communities save time on proof-of-concept and checkout due diligence while staying smart on affiliate messaging. Open the promo hub, validate the offer, and use SAAS50. This is the kind of content that builds long-term affiliate trust. [24/1000]",https://saasverdict.com/go/multilogin?utm_source=linkedin&utm_medium=auto_post&utm_campaign=SAAS50&utm_content=post0024
25,Workflow reliability,"If you care about multi-account reliability, note this: Avoid manual discount checks before checkout when you build technical decision support for account ops. Our site is about a decision workflow is better than chasing every new tool for team handoff reliability. It helps Telegram communities save time on proof-of-concept and checkout due diligence while staying smart on affiliate messaging. Use SAAS50 for your next Multilogin checkout with confidence. This is the kind of content that builds long-term affiliate trust. [25/1000]",https://saasverdict.com/go/multilogin?utm_source=linkedin&utm_medium=auto_post&utm_campaign=SAAS50&utm_content=post0025
26,API runbooks,Smart operators do this: Avoid privacy leaks in multi-account browsers when you build technical decision support for account ops. Our site is about a decision workflow is better than chasing every new tool for team handoff reliability. It helps Telegram communities avoid expensive surprises during browser stack migration while staying smart on affiliate messaging. Bookmark the comparison hub and use SAAS50 for a better deal. This is the kind of content that builds long-term affiliate trust. [26/1000],https://saasverdict.com/go/multilogin?utm_source=linkedin&utm_medium=auto_post&utm_campaign=SAAS50&utm_content=post0026
27,Privacy engineering,"Today’s note on browser privacy: Avoid team handoff friction with operational stacks when you build technical decision support for account ops. Our site is about a decision workflow is better than chasing every new tool for team handoff reliability. It helps Telegram communities avoid expensive surprises during browser stack migration while staying smart on affiliate messaging. Start with the reliability framework, then apply SAAS50. This is the kind of content that builds long-term affiliate trust. [27/1000]",https://saasverdict.com/go/multilogin?utm_source=linkedin&utm_medium=auto_post&utm_campaign=SAAS50&utm_content=post0027
28,Cost sustainability,Here’s a strong rule for scale: Avoid unreliable anti-detect browser setup when you build technical decision support for account ops. Our site is about a decision workflow is better than chasing every new tool for team handoff reliability. It helps Telegram communities avoid expensive surprises during browser stack migration while staying smart on affiliate messaging. Follow the evidence-first process and use SAAS50 if it fits. This is the kind of content that builds long-term affiliate trust. [28/1000],https://saasverdict.com/go/multilogin?utm_source=linkedin&utm_medium=auto_post&utm_campaign=SAAS50&utm_content=post0028
29,Review methodology,"A practical take: Avoid high subscription cost without a proper comparison when you build technical decision support for account ops. Our site is about a decision workflow is better than chasing every new tool for leak and fingerprint parity. It helps Telegram communities avoid expensive surprises during browser stack migration while staying smart on affiliate messaging. Validate the stack, then apply SAAS50 for the discount. This is the kind of content that builds long-term affiliate trust. [29/1000]",https://saasverdict.com/go/multilogin?utm_source=linkedin&utm_medium=auto_post&utm_campaign=SAAS50&utm_content=post0029
30,Comparison hub,"If you manage accounts at scale, this helps: Avoid unclear vendor tradeoffs for automation projects when you build technical decision support for account ops. Our site is about a decision workflow is better than chasing every new tool for leak and fingerprint parity. It helps Telegram communities avoid expensive surprises during browser stack migration while staying smart on affiliate messaging. Use SAAS50 and keep recommending trusted, verified offers. This is the kind of content that builds long-term affiliate trust. [30/1000]",https://saasverdict.com/go/multilogin?utm_source=linkedin&utm_medium=auto_post&utm_campaign=SAAS50&utm_content=post0030
31,Browser automation,Quick update: Avoid browser fingerprint drift under repeated runs when you build technical decision support for account ops. Our site is about API runbooks reduce downtime and release risk for leak and fingerprint parity. It helps Telegram communities avoid expensive surprises during browser stack migration while staying smart on affiliate messaging. Check the verified promo and use SAAS50 for 50% off. This is the kind of content that builds long-term affiliate trust. [31/1000],https://saasverdict.com/go/multilogin?utm_source=linkedin&utm_medium=auto_post&utm_campaign=SAAS50&utm_content=post0031
32,Promo verification,Pro tip for browser ops teams: Avoid promo claims with no proof when you build technical decision support for account ops. Our site is about API runbooks reduce downtime and release risk for leak and fingerprint parity. It helps Telegram communities avoid expensive surprises during browser stack migration while staying smart on affiliate messaging. See the discount proof and apply SAAS50 at checkout. This is the kind of content that builds long-term affiliate trust. [32/1000],https://saasverdict.com/go/multilogin?utm_source=linkedin&utm_medium=auto_post&utm_campaign=SAAS50&utm_content=post0032
33,Affiliate trust,"Short reminder: Avoid fragile profile consistency when you build technical decision support for account ops. Our site is about API runbooks reduce downtime and release risk for leak and fingerprint parity. It helps Telegram communities avoid expensive surprises during browser stack migration while staying smart on affiliate messaging. Use SAAS50 when you buy, and share the verified savings path. This is the kind of content that builds long-term affiliate trust. [33/1000]",https://saasverdict.com/go/multilogin?utm_source=linkedin&utm_medium=auto_post&utm_campaign=SAAS50&utm_content=post0033
34,Multi-account ops,"Insight for automation engineers: Avoid API connection failures during scale when you build technical decision support for account ops. Our site is about API runbooks reduce downtime and release risk for leak and fingerprint parity. It helps Telegram communities avoid expensive surprises during browser stack migration while staying smart on affiliate messaging. Open the promo hub, validate the offer, and use SAAS50. That’s how you scale browser operations without burning credibility. [34/1000]",https://saasverdict.com/go/multilogin?utm_source=linkedin&utm_medium=auto_post&utm_campaign=SAAS50&utm_content=post0034
35,Workflow reliability,"If you care about multi-account reliability, note this: Avoid manual discount checks before checkout when you build technical decision support for account ops. Our site is about API runbooks reduce downtime and release risk for leak and fingerprint parity. It helps Twitter thread readers avoid expensive surprises during browser stack migration while staying smart on affiliate messaging. Use SAAS50 for your next Multilogin checkout with confidence. That’s how you scale browser operations without burning credibility. [35/1000]",https://saasverdict.com/go/multilogin?utm_source=linkedin&utm_medium=auto_post&utm_campaign=SAAS50&utm_content=post0035
36,API runbooks,Smart operators do this: Avoid privacy leaks in multi-account browsers when you build technical decision support for account ops. Our site is about API runbooks reduce downtime and release risk for operational cost transparency. It helps Twitter thread readers avoid expensive surprises during browser stack migration while staying smart on affiliate messaging. Bookmark the comparison hub and use SAAS50 for a better deal. That’s how you scale browser operations without burning credibility. [36/1000],https://saasverdict.com/go/multilogin?utm_source=linkedin&utm_medium=auto_post&utm_campaign=SAAS50&utm_content=post0036
37,Privacy engineering,"Today’s note on browser privacy: Avoid team handoff friction with operational stacks when you build compliance-aware automation playbooks. Our site is about API runbooks reduce downtime and release risk for operational cost transparency. It helps Twitter thread readers avoid expensive surprises during browser stack migration while staying smart on affiliate messaging. Start with the reliability framework, then apply SAAS50. That’s how you scale browser operations without burning credibility. [37/1000]",https://saasverdict.com/go/multilogin?utm_source=linkedin&utm_medium=auto_post&utm_campaign=SAAS50&utm_content=post0037
38,Cost sustainability,Here’s a strong rule for scale: Avoid unreliable anti-detect browser setup when you build compliance-aware automation playbooks. Our site is about API runbooks reduce downtime and release risk for operational cost transparency. It helps Twitter thread readers avoid expensive surprises during browser stack migration while staying smart on affiliate messaging. Follow the evidence-first process and use SAAS50 if it fits. That’s how you scale browser operations without burning credibility. [38/1000],https://saasverdict.com/go/multilogin?utm_source=linkedin&utm_medium=auto_post&utm_campaign=SAAS50&utm_content=post0038
39,Review methodology,"A practical take: Avoid high subscription cost without a proper comparison when you build compliance-aware automation playbooks. Our site is about API runbooks reduce downtime and release risk for operational cost transparency. It helps Twitter thread readers avoid expensive surprises during browser stack migration while staying smart on affiliate messaging. Validate the stack, then apply SAAS50 for the discount. That’s how you scale browser operations without burning credibility. [39/1000]",https://saasverdict.com/go/multilogin?utm_source=linkedin&utm_medium=auto_post&utm_campaign=SAAS50&utm_content=post0039
40,Comparison hub,"If you manage accounts at scale, this helps: Avoid unclear vendor tradeoffs for automation projects when you build compliance-aware automation playbooks. Our site is about API runbooks reduce downtime and release risk for operational cost transparency. It helps Twitter thread readers avoid expensive surprises during browser stack migration while staying smart on affiliate messaging. Use SAAS50 and keep recommending trusted, verified offers. That’s how you scale browser operations without burning credibility. [40/1000]",https://saasverdict.com/go/multilogin?utm_source=linkedin&utm_medium=auto_post&utm_campaign=SAAS50&utm_content=post0040
41,Browser automation,Quick update: Avoid browser fingerprint drift under repeated runs when you build compliance-aware automation playbooks. Our site is about evidence-based guides make affiliate recommendations credible and sustainable for operational cost transparency. It helps Twitter thread readers avoid expensive surprises during browser stack migration while staying smart on affiliate messaging. Check the verified promo and use SAAS50 for 50% off. That’s how you scale browser operations without burning credibility. [41/1000],https://saasverdict.com/go/multilogin?utm_source=linkedin&utm_medium=auto_post&utm_campaign=SAAS50&utm_content=post0041
42,Promo verification,Pro tip for browser ops teams: Avoid promo claims with no proof when you build compliance-aware automation playbooks. Our site is about evidence-based guides make affiliate recommendations credible and sustainable for operational cost transparency. It helps Twitter thread readers avoid expensive surprises during browser stack migration while staying smart on affiliate messaging. See the discount proof and apply SAAS50 at checkout. That’s how you scale browser operations without burning credibility. [42/1000],https://saasverdict.com/go/multilogin?utm_source=linkedin&utm_medium=auto_post&utm_campaign=SAAS50&utm_content=post0042
43,Affiliate trust,"Short reminder: Avoid fragile profile consistency when you build compliance-aware automation playbooks. Our site is about evidence-based guides make affiliate recommendations credible and sustainable for browser privacy controls. It helps Twitter thread readers avoid expensive surprises during browser stack migration while staying smart on affiliate messaging. Use SAAS50 when you buy, and share the verified savings path. That’s how you scale browser operations without burning credibility. [43/1000]",https://saasverdict.com/go/multilogin?utm_source=linkedin&utm_medium=auto_post&utm_campaign=SAAS50&utm_content=post0043
44,Multi-account ops,"Insight for automation engineers: Avoid API connection failures during scale when you build compliance-aware automation playbooks. Our site is about evidence-based guides make affiliate recommendations credible and sustainable for browser privacy controls. It helps Twitter thread readers avoid expensive surprises during browser stack migration while staying smart on affiliate messaging. Open the promo hub, validate the offer, and use SAAS50. That’s how you scale browser operations without burning credibility. [44/1000]",https://saasverdict.com/go/multilogin?utm_source=linkedin&utm_medium=auto_post&utm_campaign=SAAS50&utm_content=post0044
45,Workflow reliability,"If you care about multi-account reliability, note this: Avoid manual discount checks before checkout when you build compliance-aware automation playbooks. Our site is about evidence-based guides make affiliate recommendations credible and sustainable for browser privacy controls. It helps Twitter thread readers avoid expensive surprises during browser stack migration while staying smart on affiliate messaging. Use SAAS50 for your next Multilogin checkout with confidence. That’s how you scale browser operations without burning credibility. [45/1000]",https://saasverdict.com/go/multilogin?utm_source=linkedin&utm_medium=auto_post&utm_campaign=SAAS50&utm_content=post0045
46,API runbooks,Smart operators do this: Avoid privacy leaks in multi-account browsers when you build compliance-aware automation playbooks. Our site is about evidence-based guides make affiliate recommendations credible and sustainable for browser privacy controls. It helps Twitter thread readers avoid expensive surprises during browser stack migration while staying smart on affiliate messaging. Bookmark the comparison hub and use SAAS50 for a better deal. That’s how you scale browser operations without burning credibility. [46/1000],https://saasverdict.com/go/multilogin?utm_source=linkedin&utm_medium=auto_post&utm_campaign=SAAS50&utm_content=post0046
47,Privacy engineering,"Today’s note on browser privacy: Avoid team handoff friction with operational stacks when you build compliance-aware automation playbooks. Our site is about evidence-based guides make affiliate recommendations credible and sustainable for browser privacy controls. It helps Twitter thread readers avoid expensive surprises during browser stack migration while staying smart on affiliate messaging. Start with the reliability framework, then apply SAAS50. That’s how you scale browser operations without burning credibility. [47/1000]",https://saasverdict.com/go/multilogin?utm_source=linkedin&utm_medium=auto_post&utm_campaign=SAAS50&utm_content=post0047
48,Cost sustainability,Here’s a strong rule for scale: Avoid unreliable anti-detect browser setup when you build compliance-aware automation playbooks. Our site is about evidence-based guides make affiliate recommendations credible and sustainable for browser privacy controls. It helps Twitter thread readers avoid expensive surprises during browser stack migration while staying smart on affiliate messaging. Follow the evidence-first process and use SAAS50 if it fits. That’s how you scale browser operations without burning credibility. [48/1000],https://saasverdict.com/go/multilogin?utm_source=linkedin&utm_medium=auto_post&utm_campaign=SAAS50&utm_content=post0048
49,Review methodology,"A practical take: Avoid high subscription cost without a proper comparison when you build risk-aware tools for market research. Our site is about evidence-based guides make affiliate recommendations credible and sustainable for browser privacy controls. It helps Twitter thread readers avoid expensive surprises during browser stack migration while staying smart on affiliate messaging. Validate the stack, then apply SAAS50 for the discount. That’s how you scale browser operations without burning credibility. [49/1000]",https://saasverdict.com/go/multilogin?utm_source=linkedin&utm_medium=auto_post&utm_campaign=SAAS50&utm_content=post0049
50,Comparison hub,"If you manage accounts at scale, this helps: Avoid unclear vendor tradeoffs for automation projects when you build risk-aware tools for market research. Our site is about evidence-based guides make affiliate recommendations credible and sustainable for discount validity checks. It helps Twitter thread readers avoid expensive surprises during browser stack migration while staying smart on affiliate messaging. Use SAAS50 and keep recommending trusted, verified offers. That’s how you scale browser operations without burning credibility. [50/1000]",https://saasverdict.com/go/multilogin?utm_source=linkedin&utm_medium=auto_post&utm_campaign=SAAS50&utm_content=post0050
51,Browser automation,Quick update: Avoid browser fingerprint drift under repeated runs when you build risk-aware tools for market research. Our site is about browser privacy checks should include worker thread parity for discount validity checks. It helps Twitter thread readers build a durable affiliate funnel based on real QA while staying smart on affiliate messaging. Check the verified promo and use SAAS50 for 50% off. That’s how you scale browser operations without burning credibility. [51/1000],https://saasverdict.com/go/multilogin?utm_source=linkedin&utm_medium=auto_post&utm_campaign=SAAS50&utm_content=post0051
52,Promo verification,Pro tip for browser ops teams: Avoid promo claims with no proof when you build risk-aware tools for market research. Our site is about browser privacy checks should include worker thread parity for discount validity checks. It helps automation groups build a durable affiliate funnel based on real QA while staying smart on affiliate messaging. See the discount proof and apply SAAS50 at checkout. That’s how you scale browser operations without burning credibility. [52/1000],https://saasverdict.com/go/multilogin?utm_source=linkedin&utm_medium=auto_post&utm_campaign=SAAS50&utm_content=post0052
53,Affiliate trust,"Short reminder: Avoid fragile profile consistency when you build risk-aware tools for market research. Our site is about browser privacy checks should include worker thread parity for discount validity checks. It helps automation groups build a durable affiliate funnel based on real QA while staying smart on affiliate messaging. Use SAAS50 when you buy, and share the verified savings path. That’s how you scale browser operations without burning credibility. [53/1000]",https://saasverdict.com/go/multilogin?utm_source=linkedin&utm_medium=auto_post&utm_campaign=SAAS50&utm_content=post0053
54,Multi-account ops,"Insight for automation engineers: Avoid API connection failures during scale when you build risk-aware tools for market research. Our site is about browser privacy checks should include worker thread parity for discount validity checks. It helps automation groups build a durable affiliate funnel based on real QA while staying smart on affiliate messaging. Open the promo hub, validate the offer, and use SAAS50. That’s how you scale browser operations without burning credibility. [54/1000]",https://saasverdict.com/go/multilogin?utm_source=linkedin&utm_medium=auto_post&utm_campaign=SAAS50&utm_content=post0054
55,Workflow reliability,"If you care about multi-account reliability, note this: Avoid manual discount checks before checkout when you build risk-aware tools for market research. Our site is about browser privacy checks should include worker thread parity for discount validity checks. It helps automation groups build a durable affiliate funnel based on real QA while staying smart on affiliate messaging. Use SAAS50 for your next Multilogin checkout with confidence. That’s how you scale browser operations without burning credibility. [55/1000]",https://saasverdict.com/go/multilogin?utm_source=linkedin&utm_medium=auto_post&utm_campaign=SAAS50&utm_content=post0055
56,API runbooks,Smart operators do this: Avoid privacy leaks in multi-account browsers when you build risk-aware tools for market research. Our site is about browser privacy checks should include worker thread parity for discount validity checks. It helps automation groups build a durable affiliate funnel based on real QA while staying smart on affiliate messaging. Bookmark the comparison hub and use SAAS50 for a better deal. That’s how you scale browser operations without burning credibility. [56/1000],https://saasverdict.com/go/multilogin?utm_source=linkedin&utm_medium=auto_post&utm_campaign=SAAS50&utm_content=post0056
57,Privacy engineering,"Today’s note on browser privacy: Avoid team handoff friction with operational stacks when you build risk-aware tools for market research. Our site is about browser privacy checks should include worker thread parity for multi-account workflow resilience. It helps automation groups build a durable affiliate funnel based on real QA while staying smart on affiliate messaging. Start with the reliability framework, then apply SAAS50. That’s how you scale browser operations without burning credibility. [57/1000]",https://saasverdict.com/go/multilogin?utm_source=linkedin&utm_medium=auto_post&utm_campaign=SAAS50&utm_content=post0057
58,Cost sustainability,Here’s a strong rule for scale: Avoid unreliable anti-detect browser setup when you build risk-aware tools for market research. Our site is about browser privacy checks should include worker thread parity for multi-account workflow resilience. It helps automation groups build a durable affiliate funnel based on real QA while staying smart on affiliate messaging. Follow the evidence-first process and use SAAS50 if it fits. That’s how you scale browser operations without burning credibility. [58/1000],https://saasverdict.com/go/multilogin?utm_source=linkedin&utm_medium=auto_post&utm_campaign=SAAS50&utm_content=post0058
59,Review methodology,"A practical take: Avoid high subscription cost without a proper comparison when you build risk-aware tools for market research. Our site is about browser privacy checks should include worker thread parity for multi-account workflow resilience. It helps automation groups build a durable affiliate funnel based on real QA while staying smart on affiliate messaging. Validate the stack, then apply SAAS50 for the discount. That’s how you scale browser operations without burning credibility. [59/1000]",https://saasverdict.com/go/multilogin?utm_source=linkedin&utm_medium=auto_post&utm_campaign=SAAS50&utm_content=post0059
60,Comparison hub,"If you manage accounts at scale, this helps: Avoid unclear vendor tradeoffs for automation projects when you build risk-aware tools for market research. Our site is about browser privacy checks should include worker thread parity for multi-account workflow resilience. It helps automation groups build a durable affiliate funnel based on real QA while staying smart on affiliate messaging. Use SAAS50 and keep recommending trusted, verified offers. That’s how you scale browser operations without burning credibility. [60/1000]",https://saasverdict.com/go/multilogin?utm_source=linkedin&utm_medium=auto_post&utm_campaign=SAAS50&utm_content=post0060
61,Browser automation,Quick update: Avoid browser fingerprint drift under repeated runs when you build proof-first promo sharing. Our site is about discounts perform better when shared with trust and context for multi-account workflow resilience. It helps automation groups build a durable affiliate funnel based on real QA while staying smart on affiliate messaging. Check the verified promo and use SAAS50 for 50% off. That’s how you scale browser operations without burning credibility. [61/1000],https://saasverdict.com/go/multilogin?utm_source=linkedin&utm_medium=auto_post&utm_campaign=SAAS50&utm_content=post0061
62,Promo verification,Pro tip for browser ops teams: Avoid promo claims with no proof when you build proof-first promo sharing. Our site is about discounts perform better when shared with trust and context for multi-account workflow resilience. It helps automation groups build a durable affiliate funnel based on real QA while staying smart on affiliate messaging. See the discount proof and apply SAAS50 at checkout. That’s how you scale browser operations without burning credibility. [62/1000],https://saasverdict.com/go/multilogin?utm_source=linkedin&utm_medium=auto_post&utm_campaign=SAAS50&utm_content=post0062
63,Affiliate trust,"Short reminder: Avoid fragile profile consistency when you build proof-first promo sharing. Our site is about discounts perform better when shared with trust and context for multi-account workflow resilience. It helps automation groups build a durable affiliate funnel based on real QA while staying smart on affiliate messaging. Use SAAS50 when you buy, and share the verified savings path. That’s how you scale browser operations without burning credibility. [63/1000]",https://saasverdict.com/go/multilogin?utm_source=linkedin&utm_medium=auto_post&utm_campaign=SAAS50&utm_content=post0063
64,Multi-account ops,"Insight for automation engineers: Avoid API connection failures during scale when you build proof-first promo sharing. Our site is about discounts perform better when shared with trust and context for comparison clarity for buyers. It helps automation groups build a durable affiliate funnel based on real QA while staying smart on affiliate messaging. Open the promo hub, validate the offer, and use SAAS50. That’s how you scale browser operations without burning credibility. [64/1000]",https://saasverdict.com/go/multilogin?utm_source=linkedin&utm_medium=auto_post&utm_campaign=SAAS50&utm_content=post0064
65,Workflow reliability,"If you care about multi-account reliability, note this: Avoid manual discount checks before checkout when you build proof-first promo sharing. Our site is about discounts perform better when shared with trust and context for comparison clarity for buyers. It helps automation groups build a durable affiliate funnel based on real QA while staying smart on affiliate messaging. Use SAAS50 for your next Multilogin checkout with confidence. That’s how you scale browser operations without burning credibility. [65/1000]",https://saasverdict.com/go/multilogin?utm_source=linkedin&utm_medium=auto_post&utm_campaign=SAAS50&utm_content=post0065
66,API runbooks,Smart operators do this: Avoid privacy leaks in multi-account browsers when you build proof-first promo sharing. Our site is about discounts perform better when shared with trust and context for comparison clarity for buyers. It helps automation groups build a durable affiliate funnel based on real QA while staying smart on affiliate messaging. Bookmark the comparison hub and use SAAS50 for a better deal. That’s how you scale browser operations without burning credibility. [66/1000],https://saasverdict.com/go/multilogin?utm_source=linkedin&utm_medium=auto_post&utm_campaign=SAAS50&utm_content=post0066
67,Privacy engineering,"Today’s note on browser privacy: Avoid team handoff friction with operational stacks when you build proof-first promo sharing. Our site is about discounts perform better when shared with trust and context for comparison clarity for buyers. It helps automation groups build a durable affiliate funnel based on real QA while staying smart on affiliate messaging. Start with the reliability framework, then apply SAAS50. A strong affiliate strategy starts with useful technical insight. [67/1000]",https://saasverdict.com/go/multilogin?utm_source=linkedin&utm_medium=auto_post&utm_campaign=SAAS50&utm_content=post0067
68,Cost sustainability,Here’s a strong rule for scale: Avoid unreliable anti-detect browser setup when you build proof-first promo sharing. Our site is about discounts perform better when shared with trust and context for comparison clarity for buyers. It helps automation groups build a durable affiliate funnel based on real QA while staying smart on affiliate messaging. Follow the evidence-first process and use SAAS50 if it fits. A strong affiliate strategy starts with useful technical insight. [68/1000],https://saasverdict.com/go/multilogin?utm_source=linkedin&utm_medium=auto_post&utm_campaign=SAAS50&utm_content=post0068
69,Review methodology,"A practical take: Avoid high subscription cost without a proper comparison when you build proof-first promo sharing. Our site is about discounts perform better when shared with trust and context for comparison clarity for buyers. It helps affiliate funnels build a durable affiliate funnel based on real QA while staying smart on affiliate messaging. Validate the stack, then apply SAAS50 for the discount. A strong affiliate strategy starts with useful technical insight. [69/1000]",https://saasverdict.com/go/multilogin?utm_source=linkedin&utm_medium=auto_post&utm_campaign=SAAS50&utm_content=post0069
70,Comparison hub,"If you manage accounts at scale, this helps: Avoid unclear vendor tradeoffs for automation projects when you build proof-first promo sharing. Our site is about discounts perform better when shared with trust and context for comparison clarity for buyers. It helps affiliate funnels build a durable affiliate funnel based on real QA while staying smart on affiliate messaging. Use SAAS50 and keep recommending trusted, verified offers. A strong affiliate strategy starts with useful technical insight. [70/1000]",https://saasverdict.com/go/multilogin?utm_source=linkedin&utm_medium=auto_post&utm_campaign=SAAS50&utm_content=post0070
71,Browser automation,Quick update: Avoid browser fingerprint drift under repeated runs when you build proof-first promo sharing. Our site is about tool selection should prioritize profile stability and operational cost for browser profile stability. It helps affiliate funnels build a durable affiliate funnel based on real QA while staying smart on affiliate messaging. Check the verified promo and use SAAS50 for 50% off. A strong affiliate strategy starts with useful technical insight. [71/1000],https://saasverdict.com/go/multilogin?utm_source=linkedin&utm_medium=auto_post&utm_campaign=SAAS50&utm_content=post0071
72,Promo verification,Pro tip for browser ops teams: Avoid promo claims with no proof when you build proof-first promo sharing. Our site is about tool selection should prioritize profile stability and operational cost for browser profile stability. It helps affiliate funnels build a durable affiliate funnel based on real QA while staying smart on affiliate messaging. See the discount proof and apply SAAS50 at checkout. A strong affiliate strategy starts with useful technical insight. [72/1000],https://saasverdict.com/go/multilogin?utm_source=linkedin&utm_medium=auto_post&utm_campaign=SAAS50&utm_content=post0072
73,Affiliate trust,"Short reminder: Avoid fragile profile consistency when you build quality-first affiliate recommendations. Our site is about tool selection should prioritize profile stability and operational cost for browser profile stability. It helps affiliate funnels build a durable affiliate funnel based on real QA while staying smart on affiliate messaging. Use SAAS50 when you buy, and share the verified savings path. A strong affiliate strategy starts with useful technical insight. [73/1000]",https://saasverdict.com/go/multilogin?utm_source=linkedin&utm_medium=auto_post&utm_campaign=SAAS50&utm_content=post0073
74,Multi-account ops,"Insight for automation engineers: Avoid API connection failures during scale when you build quality-first affiliate recommendations. Our site is about tool selection should prioritize profile stability and operational cost for browser profile stability. It helps affiliate funnels build a durable affiliate funnel based on real QA while staying smart on affiliate messaging. Open the promo hub, validate the offer, and use SAAS50. A strong affiliate strategy starts with useful technical insight. [74/1000]",https://saasverdict.com/go/multilogin?utm_source=linkedin&utm_medium=auto_post&utm_campaign=SAAS50&utm_content=post0074
75,Workflow reliability,"If you care about multi-account reliability, note this: Avoid manual discount checks before checkout when you build quality-first affiliate recommendations. Our site is about tool selection should prioritize profile stability and operational cost for browser profile stability. It helps affiliate funnels build a durable affiliate funnel based on real QA while staying smart on affiliate messaging. Use SAAS50 for your next Multilogin checkout with confidence. A strong affiliate strategy starts with useful technical insight. [75/1000]",https://saasverdict.com/go/multilogin?utm_source=linkedin&utm_medium=auto_post&utm_campaign=SAAS50&utm_content=post0075
76,API runbooks,Smart operators do this: Avoid privacy leaks in multi-account browsers when you build quality-first affiliate recommendations. Our site is about tool selection should prioritize profile stability and operational cost for browser profile stability. It helps affiliate funnels keep browser sessions stable across repeating workflows while staying smart on affiliate messaging. Bookmark the comparison hub and use SAAS50 for a better deal. A strong affiliate strategy starts with useful technical insight. [76/1000],https://saasverdict.com/go/multilogin?utm_source=linkedin&utm_medium=auto_post&utm_campaign=SAAS50&utm_content=post0076
77,Privacy engineering,"Today’s note on browser privacy: Avoid team handoff friction with operational stacks when you build quality-first affiliate recommendations. Our site is about tool selection should prioritize profile stability and operational cost for browser profile stability. It helps affiliate funnels keep browser sessions stable across repeating workflows while staying smart on affiliate messaging. Start with the reliability framework, then apply SAAS50. A strong affiliate strategy starts with useful technical insight. [77/1000]",https://saasverdict.com/go/multilogin?utm_source=linkedin&utm_medium=auto_post&utm_campaign=SAAS50&utm_content=post0077
78,Cost sustainability,Here’s a strong rule for scale: Avoid unreliable anti-detect browser setup when you build quality-first affiliate recommendations. Our site is about tool selection should prioritize profile stability and operational cost for API integration quality. It helps affiliate funnels keep browser sessions stable across repeating workflows while staying smart on affiliate messaging. Follow the evidence-first process and use SAAS50 if it fits. A strong affiliate strategy starts with useful technical insight. [78/1000],https://saasverdict.com/go/multilogin?utm_source=linkedin&utm_medium=auto_post&utm_campaign=SAAS50&utm_content=post0078
79,Review methodology,"A practical take: Avoid high subscription cost without a proper comparison when you build quality-first affiliate recommendations. Our site is about tool selection should prioritize profile stability and operational cost for API integration quality. It helps affiliate funnels keep browser sessions stable across repeating workflows while staying smart on affiliate messaging. Validate the stack, then apply SAAS50 for the discount. A strong affiliate strategy starts with useful technical insight. [79/1000]",https://saasverdict.com/go/multilogin?utm_source=linkedin&utm_medium=auto_post&utm_campaign=SAAS50&utm_content=post0079
80,Comparison hub,"If you manage accounts at scale, this helps: Avoid unclear vendor tradeoffs for automation projects when you build quality-first affiliate recommendations. Our site is about tool selection should prioritize profile stability and operational cost for API integration quality. It helps affiliate funnels keep browser sessions stable across repeating workflows while staying smart on affiliate messaging. Use SAAS50 and keep recommending trusted, verified offers. A strong affiliate strategy starts with useful technical insight. [80/1000]",https://saasverdict.com/go/multilogin?utm_source=linkedin&utm_medium=auto_post&utm_campaign=SAAS50&utm_content=post0080
81,Browser automation,Quick update: Avoid browser fingerprint drift under repeated runs when you build quality-first affiliate recommendations. Our site is about multi-account operations need both privacy controls and workflow quality for API integration quality. It helps affiliate funnels keep browser sessions stable across repeating workflows while staying smart on affiliate messaging. Check the verified promo and use SAAS50 for 50% off. A strong affiliate strategy starts with useful technical insight. [81/1000],https://saasverdict.com/go/multilogin?utm_source=linkedin&utm_medium=auto_post&utm_campaign=SAAS50&utm_content=post0081
82,Promo verification,Pro tip for browser ops teams: Avoid promo claims with no proof when you build quality-first affiliate recommendations. Our site is about multi-account operations need both privacy controls and workflow quality for API integration quality. It helps affiliate funnels keep browser sessions stable across repeating workflows while staying smart on affiliate messaging. See the discount proof and apply SAAS50 at checkout. A strong affiliate strategy starts with useful technical insight. [82/1000],https://saasverdict.com/go/multilogin?utm_source=linkedin&utm_medium=auto_post&utm_campaign=SAAS50&utm_content=post0082
83,Affiliate trust,"Short reminder: Avoid fragile profile consistency when you build quality-first affiliate recommendations. Our site is about multi-account operations need both privacy controls and workflow quality for API integration quality. It helps affiliate funnels keep browser sessions stable across repeating workflows while staying smart on affiliate messaging. Use SAAS50 when you buy, and share the verified savings path. A strong affiliate strategy starts with useful technical insight. [83/1000]",https://saasverdict.com/go/multilogin?utm_source=linkedin&utm_medium=auto_post&utm_campaign=SAAS50&utm_content=post0083
84,Multi-account ops,"Insight for automation engineers: Avoid API connection failures during scale when you build quality-first affiliate recommendations. Our site is about multi-account operations need both privacy controls and workflow quality for API integration quality. It helps affiliate funnels keep browser sessions stable across repeating workflows while staying smart on affiliate messaging. Open the promo hub, validate the offer, and use SAAS50. A strong affiliate strategy starts with useful technical insight. [84/1000]",https://saasverdict.com/go/multilogin?utm_source=linkedin&utm_medium=auto_post&utm_campaign=SAAS50&utm_content=post0084
85,Workflow reliability,"If you care about multi-account reliability, note this: Avoid manual discount checks before checkout when you build sustainable affiliate post cadence. Our site is about multi-account operations need both privacy controls and workflow quality for promo verification evidence. It helps affiliate funnels keep browser sessions stable across repeating workflows while staying smart on affiliate messaging. Use SAAS50 for your next Multilogin checkout with confidence. A strong affiliate strategy starts with useful technical insight. [85/1000]",https://saasverdict.com/go/multilogin?utm_source=linkedin&utm_medium=auto_post&utm_campaign=SAAS50&utm_content=post0085
86,API runbooks,Smart operators do this: Avoid privacy leaks in multi-account browsers when you build sustainable affiliate post cadence. Our site is about multi-account operations need both privacy controls and workflow quality for promo verification evidence. It helps browser ops channels keep browser sessions stable across repeating workflows while staying smart on affiliate messaging. Bookmark the comparison hub and use SAAS50 for a better deal. A strong affiliate strategy starts with useful technical insight. [86/1000],https://saasverdict.com/go/multilogin?utm_source=linkedin&utm_medium=auto_post&utm_campaign=SAAS50&utm_content=post0086
87,Privacy engineering,"Today’s note on browser privacy: Avoid team handoff friction with operational stacks when you build sustainable affiliate post cadence. Our site is about multi-account operations need both privacy controls and workflow quality for promo verification evidence. It helps browser ops channels keep browser sessions stable across repeating workflows while staying smart on affiliate messaging. Start with the reliability framework, then apply SAAS50. A strong affiliate strategy starts with useful technical insight. [87/1000]",https://saasverdict.com/go/multilogin?utm_source=linkedin&utm_medium=auto_post&utm_campaign=SAAS50&utm_content=post0087
88,Cost sustainability,Here’s a strong rule for scale: Avoid unreliable anti-detect browser setup when you build sustainable affiliate post cadence. Our site is about multi-account operations need both privacy controls and workflow quality for promo verification evidence. It helps browser ops channels keep browser sessions stable across repeating workflows while staying smart on affiliate messaging. Follow the evidence-first process and use SAAS50 if it fits. A strong affiliate strategy starts with useful technical insight. [88/1000],https://saasverdict.com/go/multilogin?utm_source=linkedin&utm_medium=auto_post&utm_campaign=SAAS50&utm_content=post0088
89,Review methodology,"A practical take: Avoid high subscription cost without a proper comparison when you build sustainable affiliate post cadence. Our site is about multi-account operations need both privacy controls and workflow quality for promo verification evidence. It helps browser ops channels keep browser sessions stable across repeating workflows while staying smart on affiliate messaging. Validate the stack, then apply SAAS50 for the discount. A strong affiliate strategy starts with useful technical insight. [89/1000]",https://saasverdict.com/go/multilogin?utm_source=linkedin&utm_medium=auto_post&utm_campaign=SAAS50&utm_content=post0089
90,Comparison hub,"If you manage accounts at scale, this helps: Avoid unclear vendor tradeoffs for automation projects when you build sustainable affiliate post cadence. Our site is about multi-account operations need both privacy controls and workflow quality for promo verification evidence. It helps browser ops channels keep browser sessions stable across repeating workflows while staying smart on affiliate messaging. Use SAAS50 and keep recommending trusted, verified offers. A strong affiliate strategy starts with useful technical insight. [90/1000]",https://saasverdict.com/go/multilogin?utm_source=linkedin&utm_medium=auto_post&utm_campaign=SAAS50&utm_content=post0090
91,Browser automation,Quick update: Avoid browser fingerprint drift under repeated runs when you build sustainable affiliate post cadence. Our site is about automation scaling succeeds when you verify every new browser profile path for promo verification evidence. It helps browser ops channels keep browser sessions stable across repeating workflows while staying smart on affiliate messaging. Check the verified promo and use SAAS50 for 50% off. A strong affiliate strategy starts with useful technical insight. [91/1000],https://saasverdict.com/go/multilogin?utm_source=linkedin&utm_medium=auto_post&utm_campaign=SAAS50&utm_content=post0091
92,Promo verification,Pro tip for browser ops teams: Avoid promo claims with no proof when you build sustainable affiliate post cadence. Our site is about automation scaling succeeds when you verify every new browser profile path for team handoff reliability. It helps browser ops channels keep browser sessions stable across repeating workflows while staying smart on affiliate messaging. See the discount proof and apply SAAS50 at checkout. A strong affiliate strategy starts with useful technical insight. [92/1000],https://saasverdict.com/go/multilogin?utm_source=linkedin&utm_medium=auto_post&utm_campaign=SAAS50&utm_content=post0092
93,Affiliate trust,"Short reminder: Avoid fragile profile consistency when you build sustainable affiliate post cadence. Our site is about automation scaling succeeds when you verify every new browser profile path for team handoff reliability. It helps browser ops channels keep browser sessions stable across repeating workflows while staying smart on affiliate messaging. Use SAAS50 when you buy, and share the verified savings path. A strong affiliate strategy starts with useful technical insight. [93/1000]",https://saasverdict.com/go/multilogin?utm_source=linkedin&utm_medium=auto_post&utm_campaign=SAAS50&utm_content=post0093
94,Multi-account ops,"Insight for automation engineers: Avoid API connection failures during scale when you build sustainable affiliate post cadence. Our site is about automation scaling succeeds when you verify every new browser profile path for team handoff reliability. It helps browser ops channels keep browser sessions stable across repeating workflows while staying smart on affiliate messaging. Open the promo hub, validate the offer, and use SAAS50. A strong affiliate strategy starts with useful technical insight. [94/1000]",https://saasverdict.com/go/multilogin?utm_source=linkedin&utm_medium=auto_post&utm_campaign=SAAS50&utm_content=post0094
95,Workflow reliability,"If you care about multi-account reliability, note this: Avoid manual discount checks before checkout when you build sustainable affiliate post cadence. Our site is about automation scaling succeeds when you verify every new browser profile path for team handoff reliability. It helps browser ops channels keep browser sessions stable across repeating workflows while staying smart on affiliate messaging. Use SAAS50 for your next Multilogin checkout with confidence. A strong affiliate strategy starts with useful technical insight. [95/1000]",https://saasverdict.com/go/multilogin?utm_source=linkedin&utm_medium=auto_post&utm_campaign=SAAS50&utm_content=post0095
96,API runbooks,Smart operators do this: Avoid privacy leaks in multi-account browsers when you build sustainable affiliate post cadence. Our site is about automation scaling succeeds when you verify every new browser profile path for team handoff reliability. It helps browser ops channels keep browser sessions stable across repeating workflows while staying smart on affiliate messaging. Bookmark the comparison hub and use SAAS50 for a better deal. A strong affiliate strategy starts with useful technical insight. [96/1000],https://saasverdict.com/go/multilogin?utm_source=linkedin&utm_medium=auto_post&utm_campaign=SAAS50&utm_content=post0096
97,Privacy engineering,"Today’s note on browser privacy: Avoid team handoff friction with operational stacks when you build browser ops content that converts. Our site is about automation scaling succeeds when you verify every new browser profile path for team handoff reliability. It helps browser ops channels keep browser sessions stable across repeating workflows while staying smart on affiliate messaging. Start with the reliability framework, then apply SAAS50. A strong affiliate strategy starts with useful technical insight. [97/1000]",https://saasverdict.com/go/multilogin?utm_source=linkedin&utm_medium=auto_post&utm_campaign=SAAS50&utm_content=post0097
98,Cost sustainability,Here’s a strong rule for scale: Avoid unreliable anti-detect browser setup when you build browser ops content that converts. Our site is about automation scaling succeeds when you verify every new browser profile path for team handoff reliability. It helps browser ops channels keep browser sessions stable across repeating workflows while staying smart on affiliate messaging. Follow the evidence-first process and use SAAS50 if it fits. A strong affiliate strategy starts with useful technical insight. [98/1000],https://saasverdict.com/go/multilogin?utm_source=linkedin&utm_medium=auto_post&utm_campaign=SAAS50&utm_content=post0098
99,Review methodology,"A practical take: Avoid high subscription cost without a proper comparison when you build browser ops content that converts. Our site is about automation scaling succeeds when you verify every new browser profile path for leak and fingerprint parity. It helps browser ops channels keep browser sessions stable across repeating workflows while staying smart on affiliate messaging. Validate the stack, then apply SAAS50 for the discount. A strong affiliate strategy starts with useful technical insight. [99/1000]",https://saasverdict.com/go/multilogin?utm_source=linkedin&utm_medium=auto_post&utm_campaign=SAAS50&utm_content=post0099
100,Comparison hub,"If you manage accounts at scale, this helps: Avoid unclear vendor tradeoffs for automation projects when you build browser ops content that converts. Our site is about automation scaling succeeds when you verify every new browser profile path for leak and fingerprint parity. It helps browser ops channels keep browser sessions stable across repeating workflows while staying smart on affiliate messaging. Use SAAS50 and keep recommending trusted, verified offers. This keeps your promo posts smart, not spammy. [100/1000]",https://saasverdict.com/go/multilogin?utm_source=linkedin&utm_medium=auto_post&utm_campaign=SAAS50&utm_content=post0100
101,Browser automation,"Quick update: Avoid browser fingerprint drift under repeated runs when you build browser ops content that converts. Our site is about reliability-first comparisons beat feature lists when you want a stable stack for leak and fingerprint parity. It helps browser ops channels convert more audiences by sharing trusted coupon evidence while staying smart on affiliate messaging. Check the verified promo and use SAAS50 for 50% off. This keeps your promo posts smart, not spammy. [101/1000]",https://saasverdict.com/go/multilogin?utm_source=linkedin&utm_medium=auto_post&utm_campaign=SAAS50&utm_content=post0101
102,Promo verification,"Pro tip for browser ops teams: Avoid promo claims with no proof when you build browser ops content that converts. Our site is about reliability-first comparisons beat feature lists when you want a stable stack for leak and fingerprint parity. It helps browser ops channels convert more audiences by sharing trusted coupon evidence while staying smart on affiliate messaging. See the discount proof and apply SAAS50 at checkout. This keeps your promo posts smart, not spammy. [102/1000]",https://saasverdict.com/go/multilogin?utm_source=linkedin&utm_medium=auto_post&utm_campaign=SAAS50&utm_content=post0102
103,Affiliate trust,"Short reminder: Avoid fragile profile consistency when you build browser ops content that converts. Our site is about reliability-first comparisons beat feature lists when you want a stable stack for leak and fingerprint parity. It helps privacy-savvy teams convert more audiences by sharing trusted coupon evidence while staying smart on affiliate messaging. Use SAAS50 when you buy, and share the verified savings path. This keeps your promo posts smart, not spammy. [103/1000]",https://saasverdict.com/go/multilogin?utm_source=linkedin&utm_medium=auto_post&utm_campaign=SAAS50&utm_content=post0103
104,Multi-account ops,"Insight for automation engineers: Avoid API connection failures during scale when you build browser ops content that converts. Our site is about reliability-first comparisons beat feature lists when you want a stable stack for leak and fingerprint parity. It helps privacy-savvy teams convert more audiences by sharing trusted coupon evidence while staying smart on affiliate messaging. Open the promo hub, validate the offer, and use SAAS50. This keeps your promo posts smart, not spammy. [104/1000]",https://saasverdict.com/go/multilogin?utm_source=linkedin&utm_medium=auto_post&utm_campaign=SAAS50&utm_content=post0104
105,Workflow reliability,"If you care about multi-account reliability, note this: Avoid manual discount checks before checkout when you build browser ops content that converts. Our site is about reliability-first comparisons beat feature lists when you want a stable stack for leak and fingerprint parity. It helps privacy-savvy teams convert more audiences by sharing trusted coupon evidence while staying smart on affiliate messaging. Use SAAS50 for your next Multilogin checkout with confidence. This keeps your promo posts smart, not spammy. [105/1000]",https://saasverdict.com/go/multilogin?utm_source=linkedin&utm_medium=auto_post&utm_campaign=SAAS50&utm_content=post0105
106,API runbooks,"Smart operators do this: Avoid privacy leaks in multi-account browsers when you build browser ops content that converts. Our site is about reliability-first comparisons beat feature lists when you want a stable stack for operational cost transparency. It helps privacy-savvy teams convert more audiences by sharing trusted coupon evidence while staying smart on affiliate messaging. Bookmark the comparison hub and use SAAS50 for a better deal. This keeps your promo posts smart, not spammy. [106/1000]",https://saasverdict.com/go/multilogin?utm_source=linkedin&utm_medium=auto_post&utm_campaign=SAAS50&utm_content=post0106
107,Privacy engineering,"Today’s note on browser privacy: Avoid team handoff friction with operational stacks when you build browser ops content that converts. Our site is about reliability-first comparisons beat feature lists when you want a stable stack for operational cost transparency. It helps privacy-savvy teams convert more audiences by sharing trusted coupon evidence while staying smart on affiliate messaging. Start with the reliability framework, then apply SAAS50. This keeps your promo posts smart, not spammy. [107/1000]",https://saasverdict.com/go/multilogin?utm_source=linkedin&utm_medium=auto_post&utm_campaign=SAAS50&utm_content=post0107
108,Cost sustainability,"Here’s a strong rule for scale: Avoid unreliable anti-detect browser setup when you build browser ops content that converts. Our site is about reliability-first comparisons beat feature lists when you want a stable stack for operational cost transparency. It helps privacy-savvy teams convert more audiences by sharing trusted coupon evidence while staying smart on affiliate messaging. Follow the evidence-first process and use SAAS50 if it fits. This keeps your promo posts smart, not spammy. [108/1000]",https://saasverdict.com/go/multilogin?utm_source=linkedin&utm_medium=auto_post&utm_campaign=SAAS50&utm_content=post0108
109,Review methodology,"A practical take: Avoid high subscription cost without a proper comparison when you build verification-first discount reports. Our site is about reliability-first comparisons beat feature lists when you want a stable stack for operational cost transparency. It helps privacy-savvy teams convert more audiences by sharing trusted coupon evidence while staying smart on affiliate messaging. Validate the stack, then apply SAAS50 for the discount. This keeps your promo posts smart, not spammy. [109/1000]",https://saasverdict.com/go/multilogin?utm_source=linkedin&utm_medium=auto_post&utm_campaign=SAAS50&utm_content=post0109
110,Comparison hub,"If you manage accounts at scale, this helps: Avoid unclear vendor tradeoffs for automation projects when you build verification-first discount reports. Our site is about reliability-first comparisons beat feature lists when you want a stable stack for operational cost transparency. It helps privacy-savvy teams convert more audiences by sharing trusted coupon evidence while staying smart on affiliate messaging. Use SAAS50 and keep recommending trusted, verified offers. This keeps your promo posts smart, not spammy. [110/1000]",https://saasverdict.com/go/multilogin?utm_source=linkedin&utm_medium=auto_post&utm_campaign=SAAS50&utm_content=post0110
111,Browser automation,"Quick update: Avoid browser fingerprint drift under repeated runs when you build verification-first discount reports. Our site is about promo verification keeps you from paying full price for unreliable claims for operational cost transparency. It helps privacy-savvy teams convert more audiences by sharing trusted coupon evidence while staying smart on affiliate messaging. Check the verified promo and use SAAS50 for 50% off. This keeps your promo posts smart, not spammy. [111/1000]",https://saasverdict.com/go/multilogin?utm_source=linkedin&utm_medium=auto_post&utm_campaign=SAAS50&utm_content=post0111
112,Promo verification,"Pro tip for browser ops teams: Avoid promo claims with no proof when you build verification-first discount reports. Our site is about promo verification keeps you from paying full price for unreliable claims for operational cost transparency. It helps privacy-savvy teams convert more audiences by sharing trusted coupon evidence while staying smart on affiliate messaging. See the discount proof and apply SAAS50 at checkout. This keeps your promo posts smart, not spammy. [112/1000]",https://saasverdict.com/go/multilogin?utm_source=linkedin&utm_medium=auto_post&utm_campaign=SAAS50&utm_content=post0112
113,Affiliate trust,"Short reminder: Avoid fragile profile consistency when you build verification-first discount reports. Our site is about promo verification keeps you from paying full price for unreliable claims for browser privacy controls. It helps privacy-savvy teams convert more audiences by sharing trusted coupon evidence while staying smart on affiliate messaging. Use SAAS50 when you buy, and share the verified savings path. This keeps your promo posts smart, not spammy. [113/1000]",https://saasverdict.com/go/multilogin?utm_source=linkedin&utm_medium=auto_post&utm_campaign=SAAS50&utm_content=post0113
114,Multi-account ops,"Insight for automation engineers: Avoid API connection failures during scale when you build verification-first discount reports. Our site is about promo verification keeps you from paying full price for unreliable claims for browser privacy controls. It helps privacy-savvy teams convert more audiences by sharing trusted coupon evidence while staying smart on affiliate messaging. Open the promo hub, validate the offer, and use SAAS50. This keeps your promo posts smart, not spammy. [114/1000]",https://saasverdict.com/go/multilogin?utm_source=linkedin&utm_medium=auto_post&utm_campaign=SAAS50&utm_content=post0114
115,Workflow reliability,"If you care about multi-account reliability, note this: Avoid manual discount checks before checkout when you build verification-first discount reports. Our site is about promo verification keeps you from paying full price for unreliable claims for browser privacy controls. It helps privacy-savvy teams convert more audiences by sharing trusted coupon evidence while staying smart on affiliate messaging. Use SAAS50 for your next Multilogin checkout with confidence. This keeps your promo posts smart, not spammy. [115/1000]",https://saasverdict.com/go/multilogin?utm_source=linkedin&utm_medium=auto_post&utm_campaign=SAAS50&utm_content=post0115
116,API runbooks,"Smart operators do this: Avoid privacy leaks in multi-account browsers when you build verification-first discount reports. Our site is about promo verification keeps you from paying full price for unreliable claims for browser privacy controls. It helps privacy-savvy teams convert more audiences by sharing trusted coupon evidence while staying smart on affiliate messaging. Bookmark the comparison hub and use SAAS50 for a better deal. This keeps your promo posts smart, not spammy. [116/1000]",https://saasverdict.com/go/multilogin?utm_source=linkedin&utm_medium=auto_post&utm_campaign=SAAS50&utm_content=post0116
117,Privacy engineering,"Today’s note on browser privacy: Avoid team handoff friction with operational stacks when you build verification-first discount reports. Our site is about promo verification keeps you from paying full price for unreliable claims for browser privacy controls. It helps privacy-savvy teams convert more audiences by sharing trusted coupon evidence while staying smart on affiliate messaging. Start with the reliability framework, then apply SAAS50. This keeps your promo posts smart, not spammy. [117/1000]",https://saasverdict.com/go/multilogin?utm_source=linkedin&utm_medium=auto_post&utm_campaign=SAAS50&utm_content=post0117
118,Cost sustainability,"Here’s a strong rule for scale: Avoid unreliable anti-detect browser setup when you build verification-first discount reports. Our site is about promo verification keeps you from paying full price for unreliable claims for browser privacy controls. It helps privacy-savvy teams convert more audiences by sharing trusted coupon evidence while staying smart on affiliate messaging. Follow the evidence-first process and use SAAS50 if it fits. This keeps your promo posts smart, not spammy. [118/1000]",https://saasverdict.com/go/multilogin?utm_source=linkedin&utm_medium=auto_post&utm_campaign=SAAS50&utm_content=post0118
119,Review methodology,"A practical take: Avoid high subscription cost without a proper comparison when you build verification-first discount reports. Our site is about promo verification keeps you from paying full price for unreliable claims for browser privacy controls. It helps privacy-savvy teams convert more audiences by sharing trusted coupon evidence while staying smart on affiliate messaging. Validate the stack, then apply SAAS50 for the discount. This keeps your promo posts smart, not spammy. [119/1000]",https://saasverdict.com/go/multilogin?utm_source=linkedin&utm_medium=auto_post&utm_campaign=SAAS50&utm_content=post0119
120,Comparison hub,"If you manage accounts at scale, this helps: Avoid unclear vendor tradeoffs for automation projects when you build verification-first discount reports. Our site is about promo verification keeps you from paying full price for unreliable claims for discount validity checks. It helps SaaS decision makers convert more audiences by sharing trusted coupon evidence while staying smart on affiliate messaging. Use SAAS50 and keep recommending trusted, verified offers. This keeps your promo posts smart, not spammy. [120/1000]",https://saasverdict.com/go/multilogin?utm_source=linkedin&utm_medium=auto_post&utm_campaign=SAAS50&utm_content=post0120
121,Browser automation,"Quick update: Avoid browser fingerprint drift under repeated runs when you build reliable browser automation stacks. Our site is about a decision workflow is better than chasing every new tool for discount validity checks. It helps SaaS decision makers convert more audiences by sharing trusted coupon evidence while staying smart on affiliate messaging. Check the verified promo and use SAAS50 for 50% off. This keeps your promo posts smart, not spammy. [121/1000]",https://saasverdict.com/go/multilogin?utm_source=linkedin&utm_medium=auto_post&utm_campaign=SAAS50&utm_content=post0121
122,Promo verification,"Pro tip for browser ops teams: Avoid promo claims with no proof when you build reliable browser automation stacks. Our site is about a decision workflow is better than chasing every new tool for discount validity checks. It helps SaaS decision makers convert more audiences by sharing trusted coupon evidence while staying smart on affiliate messaging. See the discount proof and apply SAAS50 at checkout. This keeps your promo posts smart, not spammy. [122/1000]",https://saasverdict.com/go/multilogin?utm_source=linkedin&utm_medium=auto_post&utm_campaign=SAAS50&utm_content=post0122
123,Affiliate trust,"Short reminder: Avoid fragile profile consistency when you build reliable browser automation stacks. Our site is about a decision workflow is better than chasing every new tool for discount validity checks. It helps SaaS decision makers convert more audiences by sharing trusted coupon evidence while staying smart on affiliate messaging. Use SAAS50 when you buy, and share the verified savings path. This keeps your promo posts smart, not spammy. [123/1000]",https://saasverdict.com/go/multilogin?utm_source=linkedin&utm_medium=auto_post&utm_campaign=SAAS50&utm_content=post0123
124,Multi-account ops,"Insight for automation engineers: Avoid API connection failures during scale when you build reliable browser automation stacks. Our site is about a decision workflow is better than chasing every new tool for discount validity checks. It helps SaaS decision makers convert more audiences by sharing trusted coupon evidence while staying smart on affiliate messaging. Open the promo hub, validate the offer, and use SAAS50. This keeps your promo posts smart, not spammy. [124/1000]",https://saasverdict.com/go/multilogin?utm_source=linkedin&utm_medium=auto_post&utm_campaign=SAAS50&utm_content=post0124
125,Workflow reliability,"If you care about multi-account reliability, note this: Avoid manual discount checks before checkout when you build reliable browser automation stacks. Our site is about a decision workflow is better than chasing every new tool for discount validity checks. It helps SaaS decision makers convert more audiences by sharing trusted coupon evidence while staying smart on affiliate messaging. Use SAAS50 for your next Multilogin checkout with confidence. This keeps your promo posts smart, not spammy. [125/1000]",https://saasverdict.com/go/multilogin?utm_source=linkedin&utm_medium=auto_post&utm_campaign=SAAS50&utm_content=post0125
126,API runbooks,"Smart operators do this: Avoid privacy leaks in multi-account browsers when you build reliable browser automation stacks. Our site is about a decision workflow is better than chasing every new tool for discount validity checks. It helps SaaS decision makers reduce risk in paid account operations while staying smart on affiliate messaging. Bookmark the comparison hub and use SAAS50 for a better deal. This keeps your promo posts smart, not spammy. [126/1000]",https://saasverdict.com/go/multilogin?utm_source=linkedin&utm_medium=auto_post&utm_campaign=SAAS50&utm_content=post0126
127,Privacy engineering,"Today’s note on browser privacy: Avoid team handoff friction with operational stacks when you build reliable browser automation stacks. Our site is about a decision workflow is better than chasing every new tool for multi-account workflow resilience. It helps SaaS decision makers reduce risk in paid account operations while staying smart on affiliate messaging. Start with the reliability framework, then apply SAAS50. This keeps your promo posts smart, not spammy. [127/1000]",https://saasverdict.com/go/multilogin?utm_source=linkedin&utm_medium=auto_post&utm_campaign=SAAS50&utm_content=post0127
128,Cost sustainability,"Here’s a strong rule for scale: Avoid unreliable anti-detect browser setup when you build reliable browser automation stacks. Our site is about a decision workflow is better than chasing every new tool for multi-account workflow resilience. It helps SaaS decision makers reduce risk in paid account operations while staying smart on affiliate messaging. Follow the evidence-first process and use SAAS50 if it fits. This keeps your promo posts smart, not spammy. [128/1000]",https://saasverdict.com/go/multilogin?utm_source=linkedin&utm_medium=auto_post&utm_campaign=SAAS50&utm_content=post0128
129,Review methodology,"A practical take: Avoid high subscription cost without a proper comparison when you build reliable browser automation stacks. Our site is about a decision workflow is better than chasing every new tool for multi-account workflow resilience. It helps SaaS decision makers reduce risk in paid account operations while staying smart on affiliate messaging. Validate the stack, then apply SAAS50 for the discount. This keeps your promo posts smart, not spammy. [129/1000]",https://saasverdict.com/go/multilogin?utm_source=linkedin&utm_medium=auto_post&utm_campaign=SAAS50&utm_content=post0129
130,Comparison hub,"If you manage accounts at scale, this helps: Avoid unclear vendor tradeoffs for automation projects when you build reliable browser automation stacks. Our site is about a decision workflow is better than chasing every new tool for multi-account workflow resilience. It helps SaaS decision makers reduce risk in paid account operations while staying smart on affiliate messaging. Use SAAS50 and keep recommending trusted, verified offers. This keeps your promo posts smart, not spammy. [130/1000]",https://saasverdict.com/go/multilogin?utm_source=linkedin&utm_medium=auto_post&utm_campaign=SAAS50&utm_content=post0130
131,Browser automation,"Quick update: Avoid browser fingerprint drift under repeated runs when you build reliable browser automation stacks. Our site is about API runbooks reduce downtime and release risk for multi-account workflow resilience. It helps SaaS decision makers reduce risk in paid account operations while staying smart on affiliate messaging. Check the verified promo and use SAAS50 for 50% off. This keeps your promo posts smart, not spammy. [131/1000]",https://saasverdict.com/go/multilogin?utm_source=linkedin&utm_medium=auto_post&utm_campaign=SAAS50&utm_content=post0131
132,Promo verification,"Pro tip for browser ops teams: Avoid promo claims with no proof when you build reliable browser automation stacks. Our site is about API runbooks reduce downtime and release risk for multi-account workflow resilience. It helps SaaS decision makers reduce risk in paid account operations while staying smart on affiliate messaging. See the discount proof and apply SAAS50 at checkout. This keeps your promo posts smart, not spammy. [132/1000]",https://saasverdict.com/go/multilogin?utm_source=linkedin&utm_medium=auto_post&utm_campaign=SAAS50&utm_content=post0132
133,Affiliate trust,"Short reminder: Avoid fragile profile consistency when you build trusted vendor proof before purchase. Our site is about API runbooks reduce downtime and release risk for multi-account workflow resilience. It helps SaaS decision makers reduce risk in paid account operations while staying smart on affiliate messaging. Use SAAS50 when you buy, and share the verified savings path. Share it as a value-first takeaway, not just a coupon. [133/1000]",https://saasverdict.com/go/multilogin?utm_source=linkedin&utm_medium=auto_post&utm_campaign=SAAS50&utm_content=post0133
134,Multi-account ops,"Insight for automation engineers: Avoid API connection failures during scale when you build trusted vendor proof before purchase. Our site is about API runbooks reduce downtime and release risk for comparison clarity for buyers. It helps SaaS decision makers reduce risk in paid account operations while staying smart on affiliate messaging. Open the promo hub, validate the offer, and use SAAS50. Share it as a value-first takeaway, not just a coupon. [134/1000]",https://saasverdict.com/go/multilogin?utm_source=linkedin&utm_medium=auto_post&utm_campaign=SAAS50&utm_content=post0134
135,Workflow reliability,"If you care about multi-account reliability, note this: Avoid manual discount checks before checkout when you build trusted vendor proof before purchase. Our site is about API runbooks reduce downtime and release risk for comparison clarity for buyers. It helps SaaS decision makers reduce risk in paid account operations while staying smart on affiliate messaging. Use SAAS50 for your next Multilogin checkout with confidence. Share it as a value-first takeaway, not just a coupon. [135/1000]",https://saasverdict.com/go/multilogin?utm_source=linkedin&utm_medium=auto_post&utm_campaign=SAAS50&utm_content=post0135
136,API runbooks,"Smart operators do this: Avoid privacy leaks in multi-account browsers when you build trusted vendor proof before purchase. Our site is about API runbooks reduce downtime and release risk for comparison clarity for buyers. It helps SaaS decision makers reduce risk in paid account operations while staying smart on affiliate messaging. Bookmark the comparison hub and use SAAS50 for a better deal. Share it as a value-first takeaway, not just a coupon. [136/1000]",https://saasverdict.com/go/multilogin?utm_source=linkedin&utm_medium=auto_post&utm_campaign=SAAS50&utm_content=post0136
137,Privacy engineering,"Today’s note on browser privacy: Avoid team handoff friction with operational stacks when you build trusted vendor proof before purchase. Our site is about API runbooks reduce downtime and release risk for comparison clarity for buyers. It helps multilogin and alternative buyers reduce risk in paid account operations while staying smart on affiliate messaging. Start with the reliability framework, then apply SAAS50. Share it as a value-first takeaway, not just a coupon. [137/1000]",https://saasverdict.com/go/multilogin?utm_source=linkedin&utm_medium=auto_post&utm_campaign=SAAS50&utm_content=post0137
138,Cost sustainability,"Here’s a strong rule for scale: Avoid unreliable anti-detect browser setup when you build trusted vendor proof before purchase. Our site is about API runbooks reduce downtime and release risk for comparison clarity for buyers. It helps multilogin and alternative buyers reduce risk in paid account operations while staying smart on affiliate messaging. Follow the evidence-first process and use SAAS50 if it fits. Share it as a value-first takeaway, not just a coupon. [138/1000]",https://saasverdict.com/go/multilogin?utm_source=linkedin&utm_medium=auto_post&utm_campaign=SAAS50&utm_content=post0138
139,Review methodology,"A practical take: Avoid high subscription cost without a proper comparison when you build trusted vendor proof before purchase. Our site is about API runbooks reduce downtime and release risk for comparison clarity for buyers. It helps multilogin and alternative buyers reduce risk in paid account operations while staying smart on affiliate messaging. Validate the stack, then apply SAAS50 for the discount. Share it as a value-first takeaway, not just a coupon. [139/1000]",https://saasverdict.com/go/multilogin?utm_source=linkedin&utm_medium=auto_post&utm_campaign=SAAS50&utm_content=post0139
140,Comparison hub,"If you manage accounts at scale, this helps: Avoid unclear vendor tradeoffs for automation projects when you build trusted vendor proof before purchase. Our site is about API runbooks reduce downtime and release risk for comparison clarity for buyers. It helps multilogin and alternative buyers reduce risk in paid account operations while staying smart on affiliate messaging. Use SAAS50 and keep recommending trusted, verified offers. Share it as a value-first takeaway, not just a coupon. [140/1000]",https://saasverdict.com/go/multilogin?utm_source=linkedin&utm_medium=auto_post&utm_campaign=SAAS50&utm_content=post0140
141,Browser automation,"Quick update: Avoid browser fingerprint drift under repeated runs when you build trusted vendor proof before purchase. Our site is about evidence-based guides make affiliate recommendations credible and sustainable for browser profile stability. It helps multilogin and alternative buyers reduce risk in paid account operations while staying smart on affiliate messaging. Check the verified promo and use SAAS50 for 50% off. Share it as a value-first takeaway, not just a coupon. [141/1000]",https://saasverdict.com/go/multilogin?utm_source=linkedin&utm_medium=auto_post&utm_campaign=SAAS50&utm_content=post0141
142,Promo verification,"Pro tip for browser ops teams: Avoid promo claims with no proof when you build trusted vendor proof before purchase. Our site is about evidence-based guides make affiliate recommendations credible and sustainable for browser profile stability. It helps multilogin and alternative buyers reduce risk in paid account operations while staying smart on affiliate messaging. See the discount proof and apply SAAS50 at checkout. Share it as a value-first takeaway, not just a coupon. [142/1000]",https://saasverdict.com/go/multilogin?utm_source=linkedin&utm_medium=auto_post&utm_campaign=SAAS50&utm_content=post0142
143,Affiliate trust,"Short reminder: Avoid fragile profile consistency when you build trusted vendor proof before purchase. Our site is about evidence-based guides make affiliate recommendations credible and sustainable for browser profile stability. It helps multilogin and alternative buyers reduce risk in paid account operations while staying smart on affiliate messaging. Use SAAS50 when you buy, and share the verified savings path. Share it as a value-first takeaway, not just a coupon. [143/1000]",https://saasverdict.com/go/multilogin?utm_source=linkedin&utm_medium=auto_post&utm_campaign=SAAS50&utm_content=post0143
144,Multi-account ops,"Insight for automation engineers: Avoid API connection failures during scale when you build trusted vendor proof before purchase. Our site is about evidence-based guides make affiliate recommendations credible and sustainable for browser profile stability. It helps multilogin and alternative buyers reduce risk in paid account operations while staying smart on affiliate messaging. Open the promo hub, validate the offer, and use SAAS50. Share it as a value-first takeaway, not just a coupon. [144/1000]",https://saasverdict.com/go/multilogin?utm_source=linkedin&utm_medium=auto_post&utm_campaign=SAAS50&utm_content=post0144
145,Workflow reliability,"If you care about multi-account reliability, note this: Avoid manual discount checks before checkout when you build technical decision support for account ops. Our site is about evidence-based guides make affiliate recommendations credible and sustainable for browser profile stability. It helps multilogin and alternative buyers reduce risk in paid account operations while staying smart on affiliate messaging. Use SAAS50 for your next Multilogin checkout with confidence. Share it as a value-first takeaway, not just a coupon. [145/1000]",https://saasverdict.com/go/multilogin?utm_source=linkedin&utm_medium=auto_post&utm_campaign=SAAS50&utm_content=post0145
146,API runbooks,"Smart operators do this: Avoid privacy leaks in multi-account browsers when you build technical decision support for account ops. Our site is about evidence-based guides make affiliate recommendations credible and sustainable for browser profile stability. It helps multilogin and alternative buyers reduce risk in paid account operations while staying smart on affiliate messaging. Bookmark the comparison hub and use SAAS50 for a better deal. Share it as a value-first takeaway, not just a coupon. [146/1000]",https://saasverdict.com/go/multilogin?utm_source=linkedin&utm_medium=auto_post&utm_campaign=SAAS50&utm_content=post0146
147,Privacy engineering,"Today’s note on browser privacy: Avoid team handoff friction with operational stacks when you build technical decision support for account ops. Our site is about evidence-based guides make affiliate recommendations credible and sustainable for browser profile stability. It helps multilogin and alternative buyers reduce risk in paid account operations while staying smart on affiliate messaging. Start with the reliability framework, then apply SAAS50. Share it as a value-first takeaway, not just a coupon. [147/1000]",https://saasverdict.com/go/multilogin?utm_source=linkedin&utm_medium=auto_post&utm_campaign=SAAS50&utm_content=post0147
148,Cost sustainability,"Here’s a strong rule for scale: Avoid unreliable anti-detect browser setup when you build technical decision support for account ops. Our site is about evidence-based guides make affiliate recommendations credible and sustainable for API integration quality. It helps multilogin and alternative buyers reduce risk in paid account operations while staying smart on affiliate messaging. Follow the evidence-first process and use SAAS50 if it fits. Share it as a value-first takeaway, not just a coupon. [148/1000]",https://saasverdict.com/go/multilogin?utm_source=linkedin&utm_medium=auto_post&utm_campaign=SAAS50&utm_content=post0148
149,Review methodology,"A practical take: Avoid high subscription cost without a proper comparison when you build technical decision support for account ops. Our site is about evidence-based guides make affiliate recommendations credible and sustainable for API integration quality. It helps multilogin and alternative buyers reduce risk in paid account operations while staying smart on affiliate messaging. Validate the stack, then apply SAAS50 for the discount. Share it as a value-first takeaway, not just a coupon. [149/1000]",https://saasverdict.com/go/multilogin?utm_source=linkedin&utm_medium=auto_post&utm_campaign=SAAS50&utm_content=post0149
150,Comparison hub,"If you manage accounts at scale, this helps: Avoid unclear vendor tradeoffs for automation projects when you build technical decision support for account ops. Our site is about evidence-based guides make affiliate recommendations credible and sustainable for API integration quality. It helps multilogin and alternative buyers reduce risk in paid account operations while staying smart on affiliate messaging. Use SAAS50 and keep recommending trusted, verified offers. Share it as a value-first takeaway, not just a coupon. [150/1000]",https://saasverdict.com/go/multilogin?utm_source=linkedin&utm_medium=auto_post&utm_campaign=SAAS50&utm_content=post0150
151,Browser automation,"Quick update: Avoid browser fingerprint drift under repeated runs when you build technical decision support for account ops. Our site is about browser privacy checks should include worker thread parity for API integration quality. It helps multilogin and alternative buyers stay in compliance while still selling privacy-first value while staying smart on affiliate messaging. Check the verified promo and use SAAS50 for 50% off. Share it as a value-first takeaway, not just a coupon. [151/1000]",https://saasverdict.com/go/multilogin?utm_source=linkedin&utm_medium=auto_post&utm_campaign=SAAS50&utm_content=post0151
152,Promo verification,"Pro tip for browser ops teams: Avoid promo claims with no proof when you build technical decision support for account ops. Our site is about browser privacy checks should include worker thread parity for API integration quality. It helps multilogin and alternative buyers stay in compliance while still selling privacy-first value while staying smart on affiliate messaging. See the discount proof and apply SAAS50 at checkout. Share it as a value-first takeaway, not just a coupon. [152/1000]",https://saasverdict.com/go/multilogin?utm_source=linkedin&utm_medium=auto_post&utm_campaign=SAAS50&utm_content=post0152
153,Affiliate trust,"Short reminder: Avoid fragile profile consistency when you build technical decision support for account ops. Our site is about browser privacy checks should include worker thread parity for API integration quality. It helps multilogin and alternative buyers stay in compliance while still selling privacy-first value while staying smart on affiliate messaging. Use SAAS50 when you buy, and share the verified savings path. Share it as a value-first takeaway, not just a coupon. [153/1000]",https://saasverdict.com/go/multilogin?utm_source=linkedin&utm_medium=auto_post&utm_campaign=SAAS50&utm_content=post0153
154,Multi-account ops,"Insight for automation engineers: Avoid API connection failures during scale when you build technical decision support for account ops. Our site is about browser privacy checks should include worker thread parity for API integration quality. It helps browser privacy audiences stay in compliance while still selling privacy-first value while staying smart on affiliate messaging. Open the promo hub, validate the offer, and use SAAS50. Share it as a value-first takeaway, not just a coupon. [154/1000]",https://saasverdict.com/go/multilogin?utm_source=linkedin&utm_medium=auto_post&utm_campaign=SAAS50&utm_content=post0154
155,Workflow reliability,"If you care about multi-account reliability, note this: Avoid manual discount checks before checkout when you build technical decision support for account ops. Our site is about browser privacy checks should include worker thread parity for promo verification evidence. It helps browser privacy audiences stay in compliance while still selling privacy-first value while staying smart on affiliate messaging. Use SAAS50 for your next Multilogin checkout with confidence. Share it as a value-first takeaway, not just a coupon. [155/1000]",https://saasverdict.com/go/multilogin?utm_source=linkedin&utm_medium=auto_post&utm_campaign=SAAS50&utm_content=post0155
156,API runbooks,"Smart operators do this: Avoid privacy leaks in multi-account browsers when you build technical decision support for account ops. Our site is about browser privacy checks should include worker thread parity for promo verification evidence. It helps browser privacy audiences stay in compliance while still selling privacy-first value while staying smart on affiliate messaging. Bookmark the comparison hub and use SAAS50 for a better deal. Share it as a value-first takeaway, not just a coupon. [156/1000]",https://saasverdict.com/go/multilogin?utm_source=linkedin&utm_medium=auto_post&utm_campaign=SAAS50&utm_content=post0156
157,Privacy engineering,"Today’s note on browser privacy: Avoid team handoff friction with operational stacks when you build compliance-aware automation playbooks. Our site is about browser privacy checks should include worker thread parity for promo verification evidence. It helps browser privacy audiences stay in compliance while still selling privacy-first value while staying smart on affiliate messaging. Start with the reliability framework, then apply SAAS50. Share it as a value-first takeaway, not just a coupon. [157/1000]",https://saasverdict.com/go/multilogin?utm_source=linkedin&utm_medium=auto_post&utm_campaign=SAAS50&utm_content=post0157
158,Cost sustainability,"Here’s a strong rule for scale: Avoid unreliable anti-detect browser setup when you build compliance-aware automation playbooks. Our site is about browser privacy checks should include worker thread parity for promo verification evidence. It helps browser privacy audiences stay in compliance while still selling privacy-first value while staying smart on affiliate messaging. Follow the evidence-first process and use SAAS50 if it fits. Share it as a value-first takeaway, not just a coupon. [158/1000]",https://saasverdict.com/go/multilogin?utm_source=linkedin&utm_medium=auto_post&utm_campaign=SAAS50&utm_content=post0158
159,Review methodology,"A practical take: Avoid high subscription cost without a proper comparison when you build compliance-aware automation playbooks. Our site is about browser privacy checks should include worker thread parity for promo verification evidence. It helps browser privacy audiences stay in compliance while still selling privacy-first value while staying smart on affiliate messaging. Validate the stack, then apply SAAS50 for the discount. Share it as a value-first takeaway, not just a coupon. [159/1000]",https://saasverdict.com/go/multilogin?utm_source=linkedin&utm_medium=auto_post&utm_campaign=SAAS50&utm_content=post0159
160,Comparison hub,"If you manage accounts at scale, this helps: Avoid unclear vendor tradeoffs for automation projects when you build compliance-aware automation playbooks. Our site is about browser privacy checks should include worker thread parity for promo verification evidence. It helps browser privacy audiences stay in compliance while still selling privacy-first value while staying smart on affiliate messaging. Use SAAS50 and keep recommending trusted, verified offers. Share it as a value-first takeaway, not just a coupon. [160/1000]",https://saasverdict.com/go/multilogin?utm_source=linkedin&utm_medium=auto_post&utm_campaign=SAAS50&utm_content=post0160
161,Browser automation,"Quick update: Avoid browser fingerprint drift under repeated runs when you build compliance-aware automation playbooks. Our site is about discounts perform better when shared with trust and context for promo verification evidence. It helps browser privacy audiences stay in compliance while still selling privacy-first value while staying smart on affiliate messaging. Check the verified promo and use SAAS50 for 50% off. Share it as a value-first takeaway, not just a coupon. [161/1000]",https://saasverdict.com/go/multilogin?utm_source=linkedin&utm_medium=auto_post&utm_campaign=SAAS50&utm_content=post0161
162,Promo verification,"Pro tip for browser ops teams: Avoid promo claims with no proof when you build compliance-aware automation playbooks. Our site is about discounts perform better when shared with trust and context for team handoff reliability. It helps browser privacy audiences stay in compliance while still selling privacy-first value while staying smart on affiliate messaging. See the discount proof and apply SAAS50 at checkout. Share it as a value-first takeaway, not just a coupon. [162/1000]",https://saasverdict.com/go/multilogin?utm_source=linkedin&utm_medium=auto_post&utm_campaign=SAAS50&utm_content=post0162
163,Affiliate trust,"Short reminder: Avoid fragile profile consistency when you build compliance-aware automation playbooks. Our site is about discounts perform better when shared with trust and context for team handoff reliability. It helps browser privacy audiences stay in compliance while still selling privacy-first value while staying smart on affiliate messaging. Use SAAS50 when you buy, and share the verified savings path. Share it as a value-first takeaway, not just a coupon. [163/1000]",https://saasverdict.com/go/multilogin?utm_source=linkedin&utm_medium=auto_post&utm_campaign=SAAS50&utm_content=post0163
164,Multi-account ops,"Insight for automation engineers: Avoid API connection failures during scale when you build compliance-aware automation playbooks. Our site is about discounts perform better when shared with trust and context for team handoff reliability. It helps browser privacy audiences stay in compliance while still selling privacy-first value while staying smart on affiliate messaging. Open the promo hub, validate the offer, and use SAAS50. Share it as a value-first takeaway, not just a coupon. [164/1000]",https://saasverdict.com/go/multilogin?utm_source=linkedin&utm_medium=auto_post&utm_campaign=SAAS50&utm_content=post0164
165,Workflow reliability,"If you care about multi-account reliability, note this: Avoid manual discount checks before checkout when you build compliance-aware automation playbooks. Our site is about discounts perform better when shared with trust and context for team handoff reliability. It helps browser privacy audiences stay in compliance while still selling privacy-first value while staying smart on affiliate messaging. Use SAAS50 for your next Multilogin checkout with confidence. Share it as a value-first takeaway, not just a coupon. [165/1000]",https://saasverdict.com/go/multilogin?utm_source=linkedin&utm_medium=auto_post&utm_campaign=SAAS50&utm_content=post0165
166,API runbooks,Smart operators do this: Avoid privacy leaks in multi-account browsers when you build compliance-aware automation playbooks. Our site is about discounts perform better when shared with trust and context for team handoff reliability. It helps browser privacy audiences stay in compliance while still selling privacy-first value while staying smart on affiliate messaging. Bookmark the comparison hub and use SAAS50 for a better deal. That’s the difference between one-time clicks and repeat referrals. [166/1000],https://saasverdict.com/go/multilogin?utm_source=linkedin&utm_medium=auto_post&utm_campaign=SAAS50&utm_content=post0166
167,Privacy engineering,"Today’s note on browser privacy: Avoid team handoff friction with operational stacks when you build compliance-aware automation playbooks. Our site is about discounts perform better when shared with trust and context for team handoff reliability. It helps browser privacy audiences stay in compliance while still selling privacy-first value while staying smart on affiliate messaging. Start with the reliability framework, then apply SAAS50. That’s the difference between one-time clicks and repeat referrals. [167/1000]",https://saasverdict.com/go/multilogin?utm_source=linkedin&utm_medium=auto_post&utm_campaign=SAAS50&utm_content=post0167
168,Cost sustainability,Here’s a strong rule for scale: Avoid unreliable anti-detect browser setup when you build compliance-aware automation playbooks. Our site is about discounts perform better when shared with trust and context for team handoff reliability. It helps browser privacy audiences stay in compliance while still selling privacy-first value while staying smart on affiliate messaging. Follow the evidence-first process and use SAAS50 if it fits. That’s the difference between one-time clicks and repeat referrals. [168/1000],https://saasverdict.com/go/multilogin?utm_source=linkedin&utm_medium=auto_post&utm_campaign=SAAS50&utm_content=post0168
169,Review methodology,"A practical take: Avoid high subscription cost without a proper comparison when you build risk-aware tools for market research. Our site is about discounts perform better when shared with trust and context for leak and fingerprint parity. It helps browser privacy audiences stay in compliance while still selling privacy-first value while staying smart on affiliate messaging. Validate the stack, then apply SAAS50 for the discount. That’s the difference between one-time clicks and repeat referrals. [169/1000]",https://saasverdict.com/go/multilogin?utm_source=linkedin&utm_medium=auto_post&utm_campaign=SAAS50&utm_content=post0169
170,Comparison hub,"If you manage accounts at scale, this helps: Avoid unclear vendor tradeoffs for automation projects when you build risk-aware tools for market research. Our site is about discounts perform better when shared with trust and context for leak and fingerprint parity. It helps browser privacy audiences stay in compliance while still selling privacy-first value while staying smart on affiliate messaging. Use SAAS50 and keep recommending trusted, verified offers. That’s the difference between one-time clicks and repeat referrals. [170/1000]",https://saasverdict.com/go/multilogin?utm_source=linkedin&utm_medium=auto_post&utm_campaign=SAAS50&utm_content=post0170
171,Browser automation,Quick update: Avoid browser fingerprint drift under repeated runs when you build risk-aware tools for market research. Our site is about tool selection should prioritize profile stability and operational cost for leak and fingerprint parity. It helps LinkedIn audiences stay in compliance while still selling privacy-first value while staying smart on affiliate messaging. Check the verified promo and use SAAS50 for 50% off. That’s the difference between one-time clicks and repeat referrals. [171/1000],https://saasverdict.com/go/multilogin?utm_source=linkedin&utm_medium=auto_post&utm_campaign=SAAS50&utm_content=post0171
172,Promo verification,Pro tip for browser ops teams: Avoid promo claims with no proof when you build risk-aware tools for market research. Our site is about tool selection should prioritize profile stability and operational cost for leak and fingerprint parity. It helps LinkedIn audiences stay in compliance while still selling privacy-first value while staying smart on affiliate messaging. See the discount proof and apply SAAS50 at checkout. That’s the difference between one-time clicks and repeat referrals. [172/1000],https://saasverdict.com/go/multilogin?utm_source=linkedin&utm_medium=auto_post&utm_campaign=SAAS50&utm_content=post0172
173,Affiliate trust,"Short reminder: Avoid fragile profile consistency when you build risk-aware tools for market research. Our site is about tool selection should prioritize profile stability and operational cost for leak and fingerprint parity. It helps LinkedIn audiences stay in compliance while still selling privacy-first value while staying smart on affiliate messaging. Use SAAS50 when you buy, and share the verified savings path. That’s the difference between one-time clicks and repeat referrals. [173/1000]",https://saasverdict.com/go/multilogin?utm_source=linkedin&utm_medium=auto_post&utm_campaign=SAAS50&utm_content=post0173
174,Multi-account ops,"Insight for automation engineers: Avoid API connection failures during scale when you build risk-aware tools for market research. Our site is about tool selection should prioritize profile stability and operational cost for leak and fingerprint parity. It helps LinkedIn audiences stay in compliance while still selling privacy-first value while staying smart on affiliate messaging. Open the promo hub, validate the offer, and use SAAS50. That’s the difference between one-time clicks and repeat referrals. [174/1000]",https://saasverdict.com/go/multilogin?utm_source=linkedin&utm_medium=auto_post&utm_campaign=SAAS50&utm_content=post0174
175,Workflow reliability,"If you care about multi-account reliability, note this: Avoid manual discount checks before checkout when you build risk-aware tools for market research. Our site is about tool selection should prioritize profile stability and operational cost for leak and fingerprint parity. It helps LinkedIn audiences stay in compliance while still selling privacy-first value while staying smart on affiliate messaging. Use SAAS50 for your next Multilogin checkout with confidence. That’s the difference between one-time clicks and repeat referrals. [175/1000]",https://saasverdict.com/go/multilogin?utm_source=linkedin&utm_medium=auto_post&utm_campaign=SAAS50&utm_content=post0175
176,API runbooks,Smart operators do this: Avoid privacy leaks in multi-account browsers when you build risk-aware tools for market research. Our site is about tool selection should prioritize profile stability and operational cost for operational cost transparency. It helps LinkedIn audiences use a structured checklist rather than guesswork while staying smart on affiliate messaging. Bookmark the comparison hub and use SAAS50 for a better deal. That’s the difference between one-time clicks and repeat referrals. [176/1000],https://saasverdict.com/go/multilogin?utm_source=linkedin&utm_medium=auto_post&utm_campaign=SAAS50&utm_content=post0176
177,Privacy engineering,"Today’s note on browser privacy: Avoid team handoff friction with operational stacks when you build risk-aware tools for market research. Our site is about tool selection should prioritize profile stability and operational cost for operational cost transparency. It helps LinkedIn audiences use a structured checklist rather than guesswork while staying smart on affiliate messaging. Start with the reliability framework, then apply SAAS50. That’s the difference between one-time clicks and repeat referrals. [177/1000]",https://saasverdict.com/go/multilogin?utm_source=linkedin&utm_medium=auto_post&utm_campaign=SAAS50&utm_content=post0177
178,Cost sustainability,Here’s a strong rule for scale: Avoid unreliable anti-detect browser setup when you build risk-aware tools for market research. Our site is about tool selection should prioritize profile stability and operational cost for operational cost transparency. It helps LinkedIn audiences use a structured checklist rather than guesswork while staying smart on affiliate messaging. Follow the evidence-first process and use SAAS50 if it fits. That’s the difference between one-time clicks and repeat referrals. [178/1000],https://saasverdict.com/go/multilogin?utm_source=linkedin&utm_medium=auto_post&utm_campaign=SAAS50&utm_content=post0178
179,Review methodology,"A practical take: Avoid high subscription cost without a proper comparison when you build risk-aware tools for market research. Our site is about tool selection should prioritize profile stability and operational cost for operational cost transparency. It helps LinkedIn audiences use a structured checklist rather than guesswork while staying smart on affiliate messaging. Validate the stack, then apply SAAS50 for the discount. That’s the difference between one-time clicks and repeat referrals. [179/1000]",https://saasverdict.com/go/multilogin?utm_source=linkedin&utm_medium=auto_post&utm_campaign=SAAS50&utm_content=post0179
180,Comparison hub,"If you manage accounts at scale, this helps: Avoid unclear vendor tradeoffs for automation projects when you build risk-aware tools for market research. Our site is about tool selection should prioritize profile stability and operational cost for operational cost transparency. It helps LinkedIn audiences use a structured checklist rather than guesswork while staying smart on affiliate messaging. Use SAAS50 and keep recommending trusted, verified offers. That’s the difference between one-time clicks and repeat referrals. [180/1000]",https://saasverdict.com/go/multilogin?utm_source=linkedin&utm_medium=auto_post&utm_campaign=SAAS50&utm_content=post0180
181,Browser automation,Quick update: Avoid browser fingerprint drift under repeated runs when you build proof-first promo sharing. Our site is about multi-account operations need both privacy controls and workflow quality for operational cost transparency. It helps LinkedIn audiences use a structured checklist rather than guesswork while staying smart on affiliate messaging. Check the verified promo and use SAAS50 for 50% off. That’s the difference between one-time clicks and repeat referrals. [181/1000],https://saasverdict.com/go/multilogin?utm_source=linkedin&utm_medium=auto_post&utm_campaign=SAAS50&utm_content=post0181
182,Promo verification,Pro tip for browser ops teams: Avoid promo claims with no proof when you build proof-first promo sharing. Our site is about multi-account operations need both privacy controls and workflow quality for operational cost transparency. It helps LinkedIn audiences use a structured checklist rather than guesswork while staying smart on affiliate messaging. See the discount proof and apply SAAS50 at checkout. That’s the difference between one-time clicks and repeat referrals. [182/1000],https://saasverdict.com/go/multilogin?utm_source=linkedin&utm_medium=auto_post&utm_campaign=SAAS50&utm_content=post0182
183,Affiliate trust,"Short reminder: Avoid fragile profile consistency when you build proof-first promo sharing. Our site is about multi-account operations need both privacy controls and workflow quality for browser privacy controls. It helps LinkedIn audiences use a structured checklist rather than guesswork while staying smart on affiliate messaging. Use SAAS50 when you buy, and share the verified savings path. That’s the difference between one-time clicks and repeat referrals. [183/1000]",https://saasverdict.com/go/multilogin?utm_source=linkedin&utm_medium=auto_post&utm_campaign=SAAS50&utm_content=post0183
184,Multi-account ops,"Insight for automation engineers: Avoid API connection failures during scale when you build proof-first promo sharing. Our site is about multi-account operations need both privacy controls and workflow quality for browser privacy controls. It helps LinkedIn audiences use a structured checklist rather than guesswork while staying smart on affiliate messaging. Open the promo hub, validate the offer, and use SAAS50. That’s the difference between one-time clicks and repeat referrals. [184/1000]",https://saasverdict.com/go/multilogin?utm_source=linkedin&utm_medium=auto_post&utm_campaign=SAAS50&utm_content=post0184
185,Workflow reliability,"If you care about multi-account reliability, note this: Avoid manual discount checks before checkout when you build proof-first promo sharing. Our site is about multi-account operations need both privacy controls and workflow quality for browser privacy controls. It helps LinkedIn audiences use a structured checklist rather than guesswork while staying smart on affiliate messaging. Use SAAS50 for your next Multilogin checkout with confidence. That’s the difference between one-time clicks and repeat referrals. [185/1000]",https://saasverdict.com/go/multilogin?utm_source=linkedin&utm_medium=auto_post&utm_campaign=SAAS50&utm_content=post0185
186,API runbooks,Smart operators do this: Avoid privacy leaks in multi-account browsers when you build proof-first promo sharing. Our site is about multi-account operations need both privacy controls and workflow quality for browser privacy controls. It helps LinkedIn audiences use a structured checklist rather than guesswork while staying smart on affiliate messaging. Bookmark the comparison hub and use SAAS50 for a better deal. That’s the difference between one-time clicks and repeat referrals. [186/1000],https://saasverdict.com/go/multilogin?utm_source=linkedin&utm_medium=auto_post&utm_campaign=SAAS50&utm_content=post0186
187,Privacy engineering,"Today’s note on browser privacy: Avoid team handoff friction with operational stacks when you build proof-first promo sharing. Our site is about multi-account operations need both privacy controls and workflow quality for browser privacy controls. It helps LinkedIn audiences use a structured checklist rather than guesswork while staying smart on affiliate messaging. Start with the reliability framework, then apply SAAS50. That’s the difference between one-time clicks and repeat referrals. [187/1000]",https://saasverdict.com/go/multilogin?utm_source=linkedin&utm_medium=auto_post&utm_campaign=SAAS50&utm_content=post0187
188,Cost sustainability,Here’s a strong rule for scale: Avoid unreliable anti-detect browser setup when you build proof-first promo sharing. Our site is about multi-account operations need both privacy controls and workflow quality for browser privacy controls. It helps Telegram communities use a structured checklist rather than guesswork while staying smart on affiliate messaging. Follow the evidence-first process and use SAAS50 if it fits. That’s the difference between one-time clicks and repeat referrals. [188/1000],https://saasverdict.com/go/multilogin?utm_source=linkedin&utm_medium=auto_post&utm_campaign=SAAS50&utm_content=post0188
189,Review methodology,"A practical take: Avoid high subscription cost without a proper comparison when you build proof-first promo sharing. Our site is about multi-account operations need both privacy controls and workflow quality for browser privacy controls. It helps Telegram communities use a structured checklist rather than guesswork while staying smart on affiliate messaging. Validate the stack, then apply SAAS50 for the discount. That’s the difference between one-time clicks and repeat referrals. [189/1000]",https://saasverdict.com/go/multilogin?utm_source=linkedin&utm_medium=auto_post&utm_campaign=SAAS50&utm_content=post0189
190,Comparison hub,"If you manage accounts at scale, this helps: Avoid unclear vendor tradeoffs for automation projects when you build proof-first promo sharing. Our site is about multi-account operations need both privacy controls and workflow quality for discount validity checks. It helps Telegram communities use a structured checklist rather than guesswork while staying smart on affiliate messaging. Use SAAS50 and keep recommending trusted, verified offers. That’s the difference between one-time clicks and repeat referrals. [190/1000]",https://saasverdict.com/go/multilogin?utm_source=linkedin&utm_medium=auto_post&utm_campaign=SAAS50&utm_content=post0190
191,Browser automation,Quick update: Avoid browser fingerprint drift under repeated runs when you build proof-first promo sharing. Our site is about automation scaling succeeds when you verify every new browser profile path for discount validity checks. It helps Telegram communities use a structured checklist rather than guesswork while staying smart on affiliate messaging. Check the verified promo and use SAAS50 for 50% off. That’s the difference between one-time clicks and repeat referrals. [191/1000],https://saasverdict.com/go/multilogin?utm_source=linkedin&utm_medium=auto_post&utm_campaign=SAAS50&utm_content=post0191
192,Promo verification,Pro tip for browser ops teams: Avoid promo claims with no proof when you build proof-first promo sharing. Our site is about automation scaling succeeds when you verify every new browser profile path for discount validity checks. It helps Telegram communities use a structured checklist rather than guesswork while staying smart on affiliate messaging. See the discount proof and apply SAAS50 at checkout. That’s the difference between one-time clicks and repeat referrals. [192/1000],https://saasverdict.com/go/multilogin?utm_source=linkedin&utm_medium=auto_post&utm_campaign=SAAS50&utm_content=post0192
193,Affiliate trust,"Short reminder: Avoid fragile profile consistency when you build quality-first affiliate recommendations. Our site is about automation scaling succeeds when you verify every new browser profile path for discount validity checks. It helps Telegram communities use a structured checklist rather than guesswork while staying smart on affiliate messaging. Use SAAS50 when you buy, and share the verified savings path. That’s the difference between one-time clicks and repeat referrals. [193/1000]",https://saasverdict.com/go/multilogin?utm_source=linkedin&utm_medium=auto_post&utm_campaign=SAAS50&utm_content=post0193
194,Multi-account ops,"Insight for automation engineers: Avoid API connection failures during scale when you build quality-first affiliate recommendations. Our site is about automation scaling succeeds when you verify every new browser profile path for discount validity checks. It helps Telegram communities use a structured checklist rather than guesswork while staying smart on affiliate messaging. Open the promo hub, validate the offer, and use SAAS50. That’s the difference between one-time clicks and repeat referrals. [194/1000]",https://saasverdict.com/go/multilogin?utm_source=linkedin&utm_medium=auto_post&utm_campaign=SAAS50&utm_content=post0194
195,Workflow reliability,"If you care about multi-account reliability, note this: Avoid manual discount checks before checkout when you build quality-first affiliate recommendations. Our site is about automation scaling succeeds when you verify every new browser profile path for discount validity checks. It helps Telegram communities use a structured checklist rather than guesswork while staying smart on affiliate messaging. Use SAAS50 for your next Multilogin checkout with confidence. That’s the difference between one-time clicks and repeat referrals. [195/1000]",https://saasverdict.com/go/multilogin?utm_source=linkedin&utm_medium=auto_post&utm_campaign=SAAS50&utm_content=post0195
196,API runbooks,Smart operators do this: Avoid privacy leaks in multi-account browsers when you build quality-first affiliate recommendations. Our site is about automation scaling succeeds when you verify every new browser profile path for discount validity checks. It helps Telegram communities use a structured checklist rather than guesswork while staying smart on affiliate messaging. Bookmark the comparison hub and use SAAS50 for a better deal. That’s the difference between one-time clicks and repeat referrals. [196/1000],https://saasverdict.com/go/multilogin?utm_source=linkedin&utm_medium=auto_post&utm_campaign=SAAS50&utm_content=post0196
197,Privacy engineering,"Today’s note on browser privacy: Avoid team handoff friction with operational stacks when you build quality-first affiliate recommendations. Our site is about automation scaling succeeds when you verify every new browser profile path for multi-account workflow resilience. It helps Telegram communities use a structured checklist rather than guesswork while staying smart on affiliate messaging. Start with the reliability framework, then apply SAAS50. That’s the difference between one-time clicks and repeat referrals. [197/1000]",https://saasverdict.com/go/multilogin?utm_source=linkedin&utm_medium=auto_post&utm_campaign=SAAS50&utm_content=post0197
198,Cost sustainability,Here’s a strong rule for scale: Avoid unreliable anti-detect browser setup when you build quality-first affiliate recommendations. Our site is about automation scaling succeeds when you verify every new browser profile path for multi-account workflow resilience. It helps Telegram communities use a structured checklist rather than guesswork while staying smart on affiliate messaging. Follow the evidence-first process and use SAAS50 if it fits. That’s the difference between one-time clicks and repeat referrals. [198/1000],https://saasverdict.com/go/multilogin?utm_source=linkedin&utm_medium=auto_post&utm_campaign=SAAS50&utm_content=post0198
199,Review methodology,"A practical take: Avoid high subscription cost without a proper comparison when you build quality-first affiliate recommendations. Our site is about automation scaling succeeds when you verify every new browser profile path for multi-account workflow resilience. It helps Telegram communities use a structured checklist rather than guesswork while staying smart on affiliate messaging. Validate the stack, then apply SAAS50 for the discount. Build a reputation for reliability by sharing what actually works. [199/1000]",https://saasverdict.com/go/multilogin?utm_source=linkedin&utm_medium=auto_post&utm_campaign=SAAS50&utm_content=post0199
200,Comparison hub,"If you manage accounts at scale, this helps: Avoid unclear vendor tradeoffs for automation projects when you build quality-first affiliate recommendations. Our site is about automation scaling succeeds when you verify every new browser profile path for multi-account workflow resilience. It helps Telegram communities use a structured checklist rather than guesswork while staying smart on affiliate messaging. Use SAAS50 and keep recommending trusted, verified offers. Build a reputation for reliability by sharing what actually works. [200/1000]",https://saasverdict.com/go/multilogin?utm_source=linkedin&utm_medium=auto_post&utm_campaign=SAAS50&utm_content=post0200
201,Browser automation,Quick update: Avoid browser fingerprint drift under repeated runs when you build quality-first affiliate recommendations. Our site is about reliability-first comparisons beat feature lists when you want a stable stack for multi-account workflow resilience. It helps Telegram communities increase your trust signals with verified discount guides while staying smart on affiliate messaging. Check the verified promo and use SAAS50 for 50% off. Build a reputation for reliability by sharing what actually works. [201/1000],https://saasverdict.com/go/multilogin?utm_source=linkedin&utm_medium=auto_post&utm_campaign=SAAS50&utm_content=post0201
202,Promo verification,Pro tip for browser ops teams: Avoid promo claims with no proof when you build quality-first affiliate recommendations. Our site is about reliability-first comparisons beat feature lists when you want a stable stack for multi-account workflow resilience. It helps Telegram communities increase your trust signals with verified discount guides while staying smart on affiliate messaging. See the discount proof and apply SAAS50 at checkout. Build a reputation for reliability by sharing what actually works. [202/1000],https://saasverdict.com/go/multilogin?utm_source=linkedin&utm_medium=auto_post&utm_campaign=SAAS50&utm_content=post0202
203,Affiliate trust,"Short reminder: Avoid fragile profile consistency when you build quality-first affiliate recommendations. Our site is about reliability-first comparisons beat feature lists when you want a stable stack for multi-account workflow resilience. It helps Telegram communities increase your trust signals with verified discount guides while staying smart on affiliate messaging. Use SAAS50 when you buy, and share the verified savings path. Build a reputation for reliability by sharing what actually works. [203/1000]",https://saasverdict.com/go/multilogin?utm_source=linkedin&utm_medium=auto_post&utm_campaign=SAAS50&utm_content=post0203
204,Multi-account ops,"Insight for automation engineers: Avoid API connection failures during scale when you build quality-first affiliate recommendations. Our site is about reliability-first comparisons beat feature lists when you want a stable stack for comparison clarity for buyers. It helps Telegram communities increase your trust signals with verified discount guides while staying smart on affiliate messaging. Open the promo hub, validate the offer, and use SAAS50. Build a reputation for reliability by sharing what actually works. [204/1000]",https://saasverdict.com/go/multilogin?utm_source=linkedin&utm_medium=auto_post&utm_campaign=SAAS50&utm_content=post0204
205,Workflow reliability,"If you care about multi-account reliability, note this: Avoid manual discount checks before checkout when you build sustainable affiliate post cadence. Our site is about reliability-first comparisons beat feature lists when you want a stable stack for comparison clarity for buyers. It helps Twitter thread readers increase your trust signals with verified discount guides while staying smart on affiliate messaging. Use SAAS50 for your next Multilogin checkout with confidence. Build a reputation for reliability by sharing what actually works. [205/1000]",https://saasverdict.com/go/multilogin?utm_source=linkedin&utm_medium=auto_post&utm_campaign=SAAS50&utm_content=post0205
206,API runbooks,Smart operators do this: Avoid privacy leaks in multi-account browsers when you build sustainable affiliate post cadence. Our site is about reliability-first comparisons beat feature lists when you want a stable stack for comparison clarity for buyers. It helps Twitter thread readers increase your trust signals with verified discount guides while staying smart on affiliate messaging. Bookmark the comparison hub and use SAAS50 for a better deal. Build a reputation for reliability by sharing what actually works. [206/1000],https://saasverdict.com/go/multilogin?utm_source=linkedin&utm_medium=auto_post&utm_campaign=SAAS50&utm_content=post0206
207,Privacy engineering,"Today’s note on browser privacy: Avoid team handoff friction with operational stacks when you build sustainable affiliate post cadence. Our site is about reliability-first comparisons beat feature lists when you want a stable stack for comparison clarity for buyers. It helps Twitter thread readers increase your trust signals with verified discount guides while staying smart on affiliate messaging. Start with the reliability framework, then apply SAAS50. Build a reputation for reliability by sharing what actually works. [207/1000]",https://saasverdict.com/go/multilogin?utm_source=linkedin&utm_medium=auto_post&utm_campaign=SAAS50&utm_content=post0207
208,Cost sustainability,Here’s a strong rule for scale: Avoid unreliable anti-detect browser setup when you build sustainable affiliate post cadence. Our site is about reliability-first comparisons beat feature lists when you want a stable stack for comparison clarity for buyers. It helps Twitter thread readers increase your trust signals with verified discount guides while staying smart on affiliate messaging. Follow the evidence-first process and use SAAS50 if it fits. Build a reputation for reliability by sharing what actually works. [208/1000],https://saasverdict.com/go/multilogin?utm_source=linkedin&utm_medium=auto_post&utm_campaign=SAAS50&utm_content=post0208
209,Review methodology,"A practical take: Avoid high subscription cost without a proper comparison when you build sustainable affiliate post cadence. Our site is about reliability-first comparisons beat feature lists when you want a stable stack for comparison clarity for buyers. It helps Twitter thread readers increase your trust signals with verified discount guides while staying smart on affiliate messaging. Validate the stack, then apply SAAS50 for the discount. Build a reputation for reliability by sharing what actually works. [209/1000]",https://saasverdict.com/go/multilogin?utm_source=linkedin&utm_medium=auto_post&utm_campaign=SAAS50&utm_content=post0209
210,Comparison hub,"If you manage accounts at scale, this helps: Avoid unclear vendor tradeoffs for automation projects when you build sustainable affiliate post cadence. Our site is about reliability-first comparisons beat feature lists when you want a stable stack for comparison clarity for buyers. It helps Twitter thread readers increase your trust signals with verified discount guides while staying smart on affiliate messaging. Use SAAS50 and keep recommending trusted, verified offers. Build a reputation for reliability by sharing what actually works. [210/1000]",https://saasverdict.com/go/multilogin?utm_source=linkedin&utm_medium=auto_post&utm_campaign=SAAS50&utm_content=post0210
211,Browser automation,Quick update: Avoid browser fingerprint drift under repeated runs when you build sustainable affiliate post cadence. Our site is about promo verification keeps you from paying full price for unreliable claims for browser profile stability. It helps Twitter thread readers increase your trust signals with verified discount guides while staying smart on affiliate messaging. Check the verified promo and use SAAS50 for 50% off. Build a reputation for reliability by sharing what actually works. [211/1000],https://saasverdict.com/go/multilogin?utm_source=linkedin&utm_medium=auto_post&utm_campaign=SAAS50&utm_content=post0211
212,Promo verification,Pro tip for browser ops teams: Avoid promo claims with no proof when you build sustainable affiliate post cadence. Our site is about promo verification keeps you from paying full price for unreliable claims for browser profile stability. It helps Twitter thread readers increase your trust signals with verified discount guides while staying smart on affiliate messaging. See the discount proof and apply SAAS50 at checkout. Build a reputation for reliability by sharing what actually works. [212/1000],https://saasverdict.com/go/multilogin?utm_source=linkedin&utm_medium=auto_post&utm_campaign=SAAS50&utm_content=post0212
213,Affiliate trust,"Short reminder: Avoid fragile profile consistency when you build sustainable affiliate post cadence. Our site is about promo verification keeps you from paying full price for unreliable claims for browser profile stability. It helps Twitter thread readers increase your trust signals with verified discount guides while staying smart on affiliate messaging. Use SAAS50 when you buy, and share the verified savings path. Build a reputation for reliability by sharing what actually works. [213/1000]",https://saasverdict.com/go/multilogin?utm_source=linkedin&utm_medium=auto_post&utm_campaign=SAAS50&utm_content=post0213
214,Multi-account ops,"Insight for automation engineers: Avoid API connection failures during scale when you build sustainable affiliate post cadence. Our site is about promo verification keeps you from paying full price for unreliable claims for browser profile stability. It helps Twitter thread readers increase your trust signals with verified discount guides while staying smart on affiliate messaging. Open the promo hub, validate the offer, and use SAAS50. Build a reputation for reliability by sharing what actually works. [214/1000]",https://saasverdict.com/go/multilogin?utm_source=linkedin&utm_medium=auto_post&utm_campaign=SAAS50&utm_content=post0214
215,Workflow reliability,"If you care about multi-account reliability, note this: Avoid manual discount checks before checkout when you build sustainable affiliate post cadence. Our site is about promo verification keeps you from paying full price for unreliable claims for browser profile stability. It helps Twitter thread readers increase your trust signals with verified discount guides while staying smart on affiliate messaging. Use SAAS50 for your next Multilogin checkout with confidence. Build a reputation for reliability by sharing what actually works. [215/1000]",https://saasverdict.com/go/multilogin?utm_source=linkedin&utm_medium=auto_post&utm_campaign=SAAS50&utm_content=post0215
216,API runbooks,Smart operators do this: Avoid privacy leaks in multi-account browsers when you build sustainable affiliate post cadence. Our site is about promo verification keeps you from paying full price for unreliable claims for browser profile stability. It helps Twitter thread readers increase your trust signals with verified discount guides while staying smart on affiliate messaging. Bookmark the comparison hub and use SAAS50 for a better deal. Build a reputation for reliability by sharing what actually works. [216/1000],https://saasverdict.com/go/multilogin?utm_source=linkedin&utm_medium=auto_post&utm_campaign=SAAS50&utm_content=post0216
217,Privacy engineering,"Today’s note on browser privacy: Avoid team handoff friction with operational stacks when you build browser ops content that converts. Our site is about promo verification keeps you from paying full price for unreliable claims for browser profile stability. It helps Twitter thread readers increase your trust signals with verified discount guides while staying smart on affiliate messaging. Start with the reliability framework, then apply SAAS50. Build a reputation for reliability by sharing what actually works. [217/1000]",https://saasverdict.com/go/multilogin?utm_source=linkedin&utm_medium=auto_post&utm_campaign=SAAS50&utm_content=post0217
218,Cost sustainability,Here’s a strong rule for scale: Avoid unreliable anti-detect browser setup when you build browser ops content that converts. Our site is about promo verification keeps you from paying full price for unreliable claims for API integration quality. It helps Twitter thread readers increase your trust signals with verified discount guides while staying smart on affiliate messaging. Follow the evidence-first process and use SAAS50 if it fits. Build a reputation for reliability by sharing what actually works. [218/1000],https://saasverdict.com/go/multilogin?utm_source=linkedin&utm_medium=auto_post&utm_campaign=SAAS50&utm_content=post0218
219,Review methodology,"A practical take: Avoid high subscription cost without a proper comparison when you build browser ops content that converts. Our site is about promo verification keeps you from paying full price for unreliable claims for API integration quality. It helps Twitter thread readers increase your trust signals with verified discount guides while staying smart on affiliate messaging. Validate the stack, then apply SAAS50 for the discount. Build a reputation for reliability by sharing what actually works. [219/1000]",https://saasverdict.com/go/multilogin?utm_source=linkedin&utm_medium=auto_post&utm_campaign=SAAS50&utm_content=post0219
220,Comparison hub,"If you manage accounts at scale, this helps: Avoid unclear vendor tradeoffs for automation projects when you build browser ops content that converts. Our site is about promo verification keeps you from paying full price for unreliable claims for API integration quality. It helps Twitter thread readers increase your trust signals with verified discount guides while staying smart on affiliate messaging. Use SAAS50 and keep recommending trusted, verified offers. Build a reputation for reliability by sharing what actually works. [220/1000]",https://saasverdict.com/go/multilogin?utm_source=linkedin&utm_medium=auto_post&utm_campaign=SAAS50&utm_content=post0220
221,Browser automation,Quick update: Avoid browser fingerprint drift under repeated runs when you build browser ops content that converts. Our site is about a decision workflow is better than chasing every new tool for API integration quality. It helps Twitter thread readers increase your trust signals with verified discount guides while staying smart on affiliate messaging. Check the verified promo and use SAAS50 for 50% off. Build a reputation for reliability by sharing what actually works. [221/1000],https://saasverdict.com/go/multilogin?utm_source=linkedin&utm_medium=auto_post&utm_campaign=SAAS50&utm_content=post0221
222,Promo verification,Pro tip for browser ops teams: Avoid promo claims with no proof when you build browser ops content that converts. Our site is about a decision workflow is better than chasing every new tool for API integration quality. It helps automation groups increase your trust signals with verified discount guides while staying smart on affiliate messaging. See the discount proof and apply SAAS50 at checkout. Build a reputation for reliability by sharing what actually works. [222/1000],https://saasverdict.com/go/multilogin?utm_source=linkedin&utm_medium=auto_post&utm_campaign=SAAS50&utm_content=post0222
223,Affiliate trust,"Short reminder: Avoid fragile profile consistency when you build browser ops content that converts. Our site is about a decision workflow is better than chasing every new tool for API integration quality. It helps automation groups increase your trust signals with verified discount guides while staying smart on affiliate messaging. Use SAAS50 when you buy, and share the verified savings path. Build a reputation for reliability by sharing what actually works. [223/1000]",https://saasverdict.com/go/multilogin?utm_source=linkedin&utm_medium=auto_post&utm_campaign=SAAS50&utm_content=post0223
224,Multi-account ops,"Insight for automation engineers: Avoid API connection failures during scale when you build browser ops content that converts. Our site is about a decision workflow is better than chasing every new tool for API integration quality. It helps automation groups increase your trust signals with verified discount guides while staying smart on affiliate messaging. Open the promo hub, validate the offer, and use SAAS50. Build a reputation for reliability by sharing what actually works. [224/1000]",https://saasverdict.com/go/multilogin?utm_source=linkedin&utm_medium=auto_post&utm_campaign=SAAS50&utm_content=post0224
225,Workflow reliability,"If you care about multi-account reliability, note this: Avoid manual discount checks before checkout when you build browser ops content that converts. Our site is about a decision workflow is better than chasing every new tool for promo verification evidence. It helps automation groups increase your trust signals with verified discount guides while staying smart on affiliate messaging. Use SAAS50 for your next Multilogin checkout with confidence. Build a reputation for reliability by sharing what actually works. [225/1000]",https://saasverdict.com/go/multilogin?utm_source=linkedin&utm_medium=auto_post&utm_campaign=SAAS50&utm_content=post0225
226,API runbooks,Smart operators do this: Avoid privacy leaks in multi-account browsers when you build browser ops content that converts. Our site is about a decision workflow is better than chasing every new tool for promo verification evidence. It helps automation groups improve your operational playbooks across Chrome and API workflows while staying smart on affiliate messaging. Bookmark the comparison hub and use SAAS50 for a better deal. Build a reputation for reliability by sharing what actually works. [226/1000],https://saasverdict.com/go/multilogin?utm_source=linkedin&utm_medium=auto_post&utm_campaign=SAAS50&utm_content=post0226
227,Privacy engineering,"Today’s note on browser privacy: Avoid team handoff friction with operational stacks when you build browser ops content that converts. Our site is about a decision workflow is better than chasing every new tool for promo verification evidence. It helps automation groups improve your operational playbooks across Chrome and API workflows while staying smart on affiliate messaging. Start with the reliability framework, then apply SAAS50. Build a reputation for reliability by sharing what actually works. [227/1000]",https://saasverdict.com/go/multilogin?utm_source=linkedin&utm_medium=auto_post&utm_campaign=SAAS50&utm_content=post0227
228,Cost sustainability,Here’s a strong rule for scale: Avoid unreliable anti-detect browser setup when you build browser ops content that converts. Our site is about a decision workflow is better than chasing every new tool for promo verification evidence. It helps automation groups improve your operational playbooks across Chrome and API workflows while staying smart on affiliate messaging. Follow the evidence-first process and use SAAS50 if it fits. Build a reputation for reliability by sharing what actually works. [228/1000],https://saasverdict.com/go/multilogin?utm_source=linkedin&utm_medium=auto_post&utm_campaign=SAAS50&utm_content=post0228
229,Review methodology,"A practical take: Avoid high subscription cost without a proper comparison when you build verification-first discount reports. Our site is about a decision workflow is better than chasing every new tool for promo verification evidence. It helps automation groups improve your operational playbooks across Chrome and API workflows while staying smart on affiliate messaging. Validate the stack, then apply SAAS50 for the discount. Build a reputation for reliability by sharing what actually works. [229/1000]",https://saasverdict.com/go/multilogin?utm_source=linkedin&utm_medium=auto_post&utm_campaign=SAAS50&utm_content=post0229
230,Comparison hub,"If you manage accounts at scale, this helps: Avoid unclear vendor tradeoffs for automation projects when you build verification-first discount reports. Our site is about a decision workflow is better than chasing every new tool for promo verification evidence. It helps automation groups improve your operational playbooks across Chrome and API workflows while staying smart on affiliate messaging. Use SAAS50 and keep recommending trusted, verified offers. Build a reputation for reliability by sharing what actually works. [230/1000]",https://saasverdict.com/go/multilogin?utm_source=linkedin&utm_medium=auto_post&utm_campaign=SAAS50&utm_content=post0230
231,Browser automation,Quick update: Avoid browser fingerprint drift under repeated runs when you build verification-first discount reports. Our site is about API runbooks reduce downtime and release risk for promo verification evidence. It helps automation groups improve your operational playbooks across Chrome and API workflows while staying smart on affiliate messaging. Check the verified promo and use SAAS50 for 50% off. Build a reputation for reliability by sharing what actually works. [231/1000],https://saasverdict.com/go/multilogin?utm_source=linkedin&utm_medium=auto_post&utm_campaign=SAAS50&utm_content=post0231
232,Promo verification,"Pro tip for browser ops teams: Avoid promo claims with no proof when you build verification-first discount reports. Our site is about API runbooks reduce downtime and release risk for team handoff reliability. It helps automation groups improve your operational playbooks across Chrome and API workflows while staying smart on affiliate messaging. See the discount proof and apply SAAS50 at checkout. Your audience will respect a clear, evidence-based recommendation. [232/1000]",https://saasverdict.com/go/multilogin?utm_source=linkedin&utm_medium=auto_post&utm_campaign=SAAS50&utm_content=post0232
233,Affiliate trust,"Short reminder: Avoid fragile profile consistency when you build verification-first discount reports. Our site is about API runbooks reduce downtime and release risk for team handoff reliability. It helps automation groups improve your operational playbooks across Chrome and API workflows while staying smart on affiliate messaging. Use SAAS50 when you buy, and share the verified savings path. Your audience will respect a clear, evidence-based recommendation. [233/1000]",https://saasverdict.com/go/multilogin?utm_source=linkedin&utm_medium=auto_post&utm_campaign=SAAS50&utm_content=post0233
234,Multi-account ops,"Insight for automation engineers: Avoid API connection failures during scale when you build verification-first discount reports. Our site is about API runbooks reduce downtime and release risk for team handoff reliability. It helps automation groups improve your operational playbooks across Chrome and API workflows while staying smart on affiliate messaging. Open the promo hub, validate the offer, and use SAAS50. Your audience will respect a clear, evidence-based recommendation. [234/1000]",https://saasverdict.com/go/multilogin?utm_source=linkedin&utm_medium=auto_post&utm_campaign=SAAS50&utm_content=post0234
235,Workflow reliability,"If you care about multi-account reliability, note this: Avoid manual discount checks before checkout when you build verification-first discount reports. Our site is about API runbooks reduce downtime and release risk for team handoff reliability. It helps automation groups improve your operational playbooks across Chrome and API workflows while staying smart on affiliate messaging. Use SAAS50 for your next Multilogin checkout with confidence. Your audience will respect a clear, evidence-based recommendation. [235/1000]",https://saasverdict.com/go/multilogin?utm_source=linkedin&utm_medium=auto_post&utm_campaign=SAAS50&utm_content=post0235
236,API runbooks,"Smart operators do this: Avoid privacy leaks in multi-account browsers when you build verification-first discount reports. Our site is about API runbooks reduce downtime and release risk for team handoff reliability. It helps automation groups improve your operational playbooks across Chrome and API workflows while staying smart on affiliate messaging. Bookmark the comparison hub and use SAAS50 for a better deal. Your audience will respect a clear, evidence-based recommendation. [236/1000]",https://saasverdict.com/go/multilogin?utm_source=linkedin&utm_medium=auto_post&utm_campaign=SAAS50&utm_content=post0236
237,Privacy engineering,"Today’s note on browser privacy: Avoid team handoff friction with operational stacks when you build verification-first discount reports. Our site is about API runbooks reduce downtime and release risk for team handoff reliability. It helps automation groups improve your operational playbooks across Chrome and API workflows while staying smart on affiliate messaging. Start with the reliability framework, then apply SAAS50. Your audience will respect a clear, evidence-based recommendation. [237/1000]",https://saasverdict.com/go/multilogin?utm_source=linkedin&utm_medium=auto_post&utm_campaign=SAAS50&utm_content=post0237
238,Cost sustainability,"Here’s a strong rule for scale: Avoid unreliable anti-detect browser setup when you build verification-first discount reports. Our site is about API runbooks reduce downtime and release risk for team handoff reliability. It helps automation groups improve your operational playbooks across Chrome and API workflows while staying smart on affiliate messaging. Follow the evidence-first process and use SAAS50 if it fits. Your audience will respect a clear, evidence-based recommendation. [238/1000]",https://saasverdict.com/go/multilogin?utm_source=linkedin&utm_medium=auto_post&utm_campaign=SAAS50&utm_content=post0238
239,Review methodology,"A practical take: Avoid high subscription cost without a proper comparison when you build verification-first discount reports. Our site is about API runbooks reduce downtime and release risk for leak and fingerprint parity. It helps affiliate funnels improve your operational playbooks across Chrome and API workflows while staying smart on affiliate messaging. Validate the stack, then apply SAAS50 for the discount. Your audience will respect a clear, evidence-based recommendation. [239/1000]",https://saasverdict.com/go/multilogin?utm_source=linkedin&utm_medium=auto_post&utm_campaign=SAAS50&utm_content=post0239
240,Comparison hub,"If you manage accounts at scale, this helps: Avoid unclear vendor tradeoffs for automation projects when you build verification-first discount reports. Our site is about API runbooks reduce downtime and release risk for leak and fingerprint parity. It helps affiliate funnels improve your operational playbooks across Chrome and API workflows while staying smart on affiliate messaging. Use SAAS50 and keep recommending trusted, verified offers. Your audience will respect a clear, evidence-based recommendation. [240/1000]",https://saasverdict.com/go/multilogin?utm_source=linkedin&utm_medium=auto_post&utm_campaign=SAAS50&utm_content=post0240
241,Browser automation,"Quick update: Avoid browser fingerprint drift under repeated runs when you build reliable browser automation stacks. Our site is about evidence-based guides make affiliate recommendations credible and sustainable for leak and fingerprint parity. It helps affiliate funnels improve your operational playbooks across Chrome and API workflows while staying smart on affiliate messaging. Check the verified promo and use SAAS50 for 50% off. Your audience will respect a clear, evidence-based recommendation. [241/1000]",https://saasverdict.com/go/multilogin?utm_source=linkedin&utm_medium=auto_post&utm_campaign=SAAS50&utm_content=post0241
242,Promo verification,"Pro tip for browser ops teams: Avoid promo claims with no proof when you build reliable browser automation stacks. Our site is about evidence-based guides make affiliate recommendations credible and sustainable for leak and fingerprint parity. It helps affiliate funnels improve your operational playbooks across Chrome and API workflows while staying smart on affiliate messaging. See the discount proof and apply SAAS50 at checkout. Your audience will respect a clear, evidence-based recommendation. [242/1000]",https://saasverdict.com/go/multilogin?utm_source=linkedin&utm_medium=auto_post&utm_campaign=SAAS50&utm_content=post0242
243,Affiliate trust,"Short reminder: Avoid fragile profile consistency when you build reliable browser automation stacks. Our site is about evidence-based guides make affiliate recommendations credible and sustainable for leak and fingerprint parity. It helps affiliate funnels improve your operational playbooks across Chrome and API workflows while staying smart on affiliate messaging. Use SAAS50 when you buy, and share the verified savings path. Your audience will respect a clear, evidence-based recommendation. [243/1000]",https://saasverdict.com/go/multilogin?utm_source=linkedin&utm_medium=auto_post&utm_campaign=SAAS50&utm_content=post0243
244,Multi-account ops,"Insight for automation engineers: Avoid API connection failures during scale when you build reliable browser automation stacks. Our site is about evidence-based guides make affiliate recommendations credible and sustainable for leak and fingerprint parity. It helps affiliate funnels improve your operational playbooks across Chrome and API workflows while staying smart on affiliate messaging. Open the promo hub, validate the offer, and use SAAS50. Your audience will respect a clear, evidence-based recommendation. [244/1000]",https://saasverdict.com/go/multilogin?utm_source=linkedin&utm_medium=auto_post&utm_campaign=SAAS50&utm_content=post0244
245,Workflow reliability,"If you care about multi-account reliability, note this: Avoid manual discount checks before checkout when you build reliable browser automation stacks. Our site is about evidence-based guides make affiliate recommendations credible and sustainable for leak and fingerprint parity. It helps affiliate funnels improve your operational playbooks across Chrome and API workflows while staying smart on affiliate messaging. Use SAAS50 for your next Multilogin checkout with confidence. Your audience will respect a clear, evidence-based recommendation. [245/1000]",https://saasverdict.com/go/multilogin?utm_source=linkedin&utm_medium=auto_post&utm_campaign=SAAS50&utm_content=post0245
246,API runbooks,"Smart operators do this: Avoid privacy leaks in multi-account browsers when you build reliable browser automation stacks. Our site is about evidence-based guides make affiliate recommendations credible and sustainable for operational cost transparency. It helps affiliate funnels improve your operational playbooks across Chrome and API workflows while staying smart on affiliate messaging. Bookmark the comparison hub and use SAAS50 for a better deal. Your audience will respect a clear, evidence-based recommendation. [246/1000]",https://saasverdict.com/go/multilogin?utm_source=linkedin&utm_medium=auto_post&utm_campaign=SAAS50&utm_content=post0246
247,Privacy engineering,"Today’s note on browser privacy: Avoid team handoff friction with operational stacks when you build reliable browser automation stacks. Our site is about evidence-based guides make affiliate recommendations credible and sustainable for operational cost transparency. It helps affiliate funnels improve your operational playbooks across Chrome and API workflows while staying smart on affiliate messaging. Start with the reliability framework, then apply SAAS50. Your audience will respect a clear, evidence-based recommendation. [247/1000]",https://saasverdict.com/go/multilogin?utm_source=linkedin&utm_medium=auto_post&utm_campaign=SAAS50&utm_content=post0247
248,Cost sustainability,"Here’s a strong rule for scale: Avoid unreliable anti-detect browser setup when you build reliable browser automation stacks. Our site is about evidence-based guides make affiliate recommendations credible and sustainable for operational cost transparency. It helps affiliate funnels improve your operational playbooks across Chrome and API workflows while staying smart on affiliate messaging. Follow the evidence-first process and use SAAS50 if it fits. Your audience will respect a clear, evidence-based recommendation. [248/1000]",https://saasverdict.com/go/multilogin?utm_source=linkedin&utm_medium=auto_post&utm_campaign=SAAS50&utm_content=post0248
249,Review methodology,"A practical take: Avoid high subscription cost without a proper comparison when you build reliable browser automation stacks. Our site is about evidence-based guides make affiliate recommendations credible and sustainable for operational cost transparency. It helps affiliate funnels improve your operational playbooks across Chrome and API workflows while staying smart on affiliate messaging. Validate the stack, then apply SAAS50 for the discount. Your audience will respect a clear, evidence-based recommendation. [249/1000]",https://saasverdict.com/go/multilogin?utm_source=linkedin&utm_medium=auto_post&utm_campaign=SAAS50&utm_content=post0249
250,Comparison hub,"If you manage accounts at scale, this helps: Avoid unclear vendor tradeoffs for automation projects when you build reliable browser automation stacks. Our site is about evidence-based guides make affiliate recommendations credible and sustainable for operational cost transparency. It helps affiliate funnels improve your operational playbooks across Chrome and API workflows while staying smart on affiliate messaging. Use SAAS50 and keep recommending trusted, verified offers. Your audience will respect a clear, evidence-based recommendation. [250/1000]",https://saasverdict.com/go/multilogin?utm_source=linkedin&utm_medium=auto_post&utm_campaign=SAAS50&utm_content=post0250
251,Browser automation,"Quick update: Avoid browser fingerprint drift under repeated runs when you build reliable browser automation stacks. Our site is about browser privacy checks should include worker thread parity for operational cost transparency. It helps affiliate funnels save time on proof-of-concept and checkout due diligence while staying smart on affiliate messaging. Check the verified promo and use SAAS50 for 50% off. Your audience will respect a clear, evidence-based recommendation. [251/1000]",https://saasverdict.com/go/multilogin?utm_source=linkedin&utm_medium=auto_post&utm_campaign=SAAS50&utm_content=post0251
252,Promo verification,"Pro tip for browser ops teams: Avoid promo claims with no proof when you build reliable browser automation stacks. Our site is about browser privacy checks should include worker thread parity for operational cost transparency. It helps affiliate funnels save time on proof-of-concept and checkout due diligence while staying smart on affiliate messaging. See the discount proof and apply SAAS50 at checkout. Your audience will respect a clear, evidence-based recommendation. [252/1000]",https://saasverdict.com/go/multilogin?utm_source=linkedin&utm_medium=auto_post&utm_campaign=SAAS50&utm_content=post0252
253,Affiliate trust,"Short reminder: Avoid fragile profile consistency when you build trusted vendor proof before purchase. Our site is about browser privacy checks should include worker thread parity for browser privacy controls. It helps affiliate funnels save time on proof-of-concept and checkout due diligence while staying smart on affiliate messaging. Use SAAS50 when you buy, and share the verified savings path. Your audience will respect a clear, evidence-based recommendation. [253/1000]",https://saasverdict.com/go/multilogin?utm_source=linkedin&utm_medium=auto_post&utm_campaign=SAAS50&utm_content=post0253
254,Multi-account ops,"Insight for automation engineers: Avoid API connection failures during scale when you build trusted vendor proof before purchase. Our site is about browser privacy checks should include worker thread parity for browser privacy controls. It helps affiliate funnels save time on proof-of-concept and checkout due diligence while staying smart on affiliate messaging. Open the promo hub, validate the offer, and use SAAS50. Your audience will respect a clear, evidence-based recommendation. [254/1000]",https://saasverdict.com/go/multilogin?utm_source=linkedin&utm_medium=auto_post&utm_campaign=SAAS50&utm_content=post0254
255,Workflow reliability,"If you care about multi-account reliability, note this: Avoid manual discount checks before checkout when you build trusted vendor proof before purchase. Our site is about browser privacy checks should include worker thread parity for browser privacy controls. It helps affiliate funnels save time on proof-of-concept and checkout due diligence while staying smart on affiliate messaging. Use SAAS50 for your next Multilogin checkout with confidence. Your audience will respect a clear, evidence-based recommendation. [255/1000]",https://saasverdict.com/go/multilogin?utm_source=linkedin&utm_medium=auto_post&utm_campaign=SAAS50&utm_content=post0255
256,API runbooks,"Smart operators do this: Avoid privacy leaks in multi-account browsers when you build trusted vendor proof before purchase. Our site is about browser privacy checks should include worker thread parity for browser privacy controls. It helps browser ops channels save time on proof-of-concept and checkout due diligence while staying smart on affiliate messaging. Bookmark the comparison hub and use SAAS50 for a better deal. Your audience will respect a clear, evidence-based recommendation. [256/1000]",https://saasverdict.com/go/multilogin?utm_source=linkedin&utm_medium=auto_post&utm_campaign=SAAS50&utm_content=post0256
257,Privacy engineering,"Today’s note on browser privacy: Avoid team handoff friction with operational stacks when you build trusted vendor proof before purchase. Our site is about browser privacy checks should include worker thread parity for browser privacy controls. It helps browser ops channels save time on proof-of-concept and checkout due diligence while staying smart on affiliate messaging. Start with the reliability framework, then apply SAAS50. Your audience will respect a clear, evidence-based recommendation. [257/1000]",https://saasverdict.com/go/multilogin?utm_source=linkedin&utm_medium=auto_post&utm_campaign=SAAS50&utm_content=post0257
258,Cost sustainability,"Here’s a strong rule for scale: Avoid unreliable anti-detect browser setup when you build trusted vendor proof before purchase. Our site is about browser privacy checks should include worker thread parity for browser privacy controls. It helps browser ops channels save time on proof-of-concept and checkout due diligence while staying smart on affiliate messaging. Follow the evidence-first process and use SAAS50 if it fits. Your audience will respect a clear, evidence-based recommendation. [258/1000]",https://saasverdict.com/go/multilogin?utm_source=linkedin&utm_medium=auto_post&utm_campaign=SAAS50&utm_content=post0258
259,Review methodology,"A practical take: Avoid high subscription cost without a proper comparison when you build trusted vendor proof before purchase. Our site is about browser privacy checks should include worker thread parity for browser privacy controls. It helps browser ops channels save time on proof-of-concept and checkout due diligence while staying smart on affiliate messaging. Validate the stack, then apply SAAS50 for the discount. Your audience will respect a clear, evidence-based recommendation. [259/1000]",https://saasverdict.com/go/multilogin?utm_source=linkedin&utm_medium=auto_post&utm_campaign=SAAS50&utm_content=post0259
260,Comparison hub,"If you manage accounts at scale, this helps: Avoid unclear vendor tradeoffs for automation projects when you build trusted vendor proof before purchase. Our site is about browser privacy checks should include worker thread parity for discount validity checks. It helps browser ops channels save time on proof-of-concept and checkout due diligence while staying smart on affiliate messaging. Use SAAS50 and keep recommending trusted, verified offers. Your audience will respect a clear, evidence-based recommendation. [260/1000]",https://saasverdict.com/go/multilogin?utm_source=linkedin&utm_medium=auto_post&utm_campaign=SAAS50&utm_content=post0260
261,Browser automation,"Quick update: Avoid browser fingerprint drift under repeated runs when you build trusted vendor proof before purchase. Our site is about discounts perform better when shared with trust and context for discount validity checks. It helps browser ops channels save time on proof-of-concept and checkout due diligence while staying smart on affiliate messaging. Check the verified promo and use SAAS50 for 50% off. Your audience will respect a clear, evidence-based recommendation. [261/1000]",https://saasverdict.com/go/multilogin?utm_source=linkedin&utm_medium=auto_post&utm_campaign=SAAS50&utm_content=post0261
262,Promo verification,"Pro tip for browser ops teams: Avoid promo claims with no proof when you build trusted vendor proof before purchase. Our site is about discounts perform better when shared with trust and context for discount validity checks. It helps browser ops channels save time on proof-of-concept and checkout due diligence while staying smart on affiliate messaging. See the discount proof and apply SAAS50 at checkout. Your audience will respect a clear, evidence-based recommendation. [262/1000]",https://saasverdict.com/go/multilogin?utm_source=linkedin&utm_medium=auto_post&utm_campaign=SAAS50&utm_content=post0262
263,Affiliate trust,"Short reminder: Avoid fragile profile consistency when you build trusted vendor proof before purchase. Our site is about discounts perform better when shared with trust and context for discount validity checks. It helps browser ops channels save time on proof-of-concept and checkout due diligence while staying smart on affiliate messaging. Use SAAS50 when you buy, and share the verified savings path. Your audience will respect a clear, evidence-based recommendation. [263/1000]",https://saasverdict.com/go/multilogin?utm_source=linkedin&utm_medium=auto_post&utm_campaign=SAAS50&utm_content=post0263
264,Multi-account ops,"Insight for automation engineers: Avoid API connection failures during scale when you build trusted vendor proof before purchase. Our site is about discounts perform better when shared with trust and context for discount validity checks. It helps browser ops channels save time on proof-of-concept and checkout due diligence while staying smart on affiliate messaging. Open the promo hub, validate the offer, and use SAAS50. Your audience will respect a clear, evidence-based recommendation. [264/1000]",https://saasverdict.com/go/multilogin?utm_source=linkedin&utm_medium=auto_post&utm_campaign=SAAS50&utm_content=post0264
265,Workflow reliability,"If you care about multi-account reliability, note this: Avoid manual discount checks before checkout when you build technical decision support for account ops. Our site is about discounts perform better when shared with trust and context for discount validity checks. It helps browser ops channels save time on proof-of-concept and checkout due diligence while staying smart on affiliate messaging. Use SAAS50 for your next Multilogin checkout with confidence. This approach works across desktop, browser, and API audiences. [265/1000]",https://saasverdict.com/go/multilogin?utm_source=linkedin&utm_medium=auto_post&utm_campaign=SAAS50&utm_content=post0265
266,API runbooks,"Smart operators do this: Avoid privacy leaks in multi-account browsers when you build technical decision support for account ops. Our site is about discounts perform better when shared with trust and context for discount validity checks. It helps browser ops channels save time on proof-of-concept and checkout due diligence while staying smart on affiliate messaging. Bookmark the comparison hub and use SAAS50 for a better deal. This approach works across desktop, browser, and API audiences. [266/1000]",https://saasverdict.com/go/multilogin?utm_source=linkedin&utm_medium=auto_post&utm_campaign=SAAS50&utm_content=post0266
267,Privacy engineering,"Today’s note on browser privacy: Avoid team handoff friction with operational stacks when you build technical decision support for account ops. Our site is about discounts perform better when shared with trust and context for multi-account workflow resilience. It helps browser ops channels save time on proof-of-concept and checkout due diligence while staying smart on affiliate messaging. Start with the reliability framework, then apply SAAS50. This approach works across desktop, browser, and API audiences. [267/1000]",https://saasverdict.com/go/multilogin?utm_source=linkedin&utm_medium=auto_post&utm_campaign=SAAS50&utm_content=post0267
268,Cost sustainability,"Here’s a strong rule for scale: Avoid unreliable anti-detect browser setup when you build technical decision support for account ops. Our site is about discounts perform better when shared with trust and context for multi-account workflow resilience. It helps browser ops channels save time on proof-of-concept and checkout due diligence while staying smart on affiliate messaging. Follow the evidence-first process and use SAAS50 if it fits. This approach works across desktop, browser, and API audiences. [268/1000]",https://saasverdict.com/go/multilogin?utm_source=linkedin&utm_medium=auto_post&utm_campaign=SAAS50&utm_content=post0268
269,Review methodology,"A practical take: Avoid high subscription cost without a proper comparison when you build technical decision support for account ops. Our site is about discounts perform better when shared with trust and context for multi-account workflow resilience. It helps browser ops channels save time on proof-of-concept and checkout due diligence while staying smart on affiliate messaging. Validate the stack, then apply SAAS50 for the discount. This approach works across desktop, browser, and API audiences. [269/1000]",https://saasverdict.com/go/multilogin?utm_source=linkedin&utm_medium=auto_post&utm_campaign=SAAS50&utm_content=post0269
270,Comparison hub,"If you manage accounts at scale, this helps: Avoid unclear vendor tradeoffs for automation projects when you build technical decision support for account ops. Our site is about discounts perform better when shared with trust and context for multi-account workflow resilience. It helps browser ops channels save time on proof-of-concept and checkout due diligence while staying smart on affiliate messaging. Use SAAS50 and keep recommending trusted, verified offers. This approach works across desktop, browser, and API audiences. [270/1000]",https://saasverdict.com/go/multilogin?utm_source=linkedin&utm_medium=auto_post&utm_campaign=SAAS50&utm_content=post0270
271,Browser automation,"Quick update: Avoid browser fingerprint drift under repeated runs when you build technical decision support for account ops. Our site is about tool selection should prioritize profile stability and operational cost for multi-account workflow resilience. It helps browser ops channels save time on proof-of-concept and checkout due diligence while staying smart on affiliate messaging. Check the verified promo and use SAAS50 for 50% off. This approach works across desktop, browser, and API audiences. [271/1000]",https://saasverdict.com/go/multilogin?utm_source=linkedin&utm_medium=auto_post&utm_campaign=SAAS50&utm_content=post0271
272,Promo verification,"Pro tip for browser ops teams: Avoid promo claims with no proof when you build technical decision support for account ops. Our site is about tool selection should prioritize profile stability and operational cost for multi-account workflow resilience. It helps browser ops channels save time on proof-of-concept and checkout due diligence while staying smart on affiliate messaging. See the discount proof and apply SAAS50 at checkout. This approach works across desktop, browser, and API audiences. [272/1000]",https://saasverdict.com/go/multilogin?utm_source=linkedin&utm_medium=auto_post&utm_campaign=SAAS50&utm_content=post0272
273,Affiliate trust,"Short reminder: Avoid fragile profile consistency when you build technical decision support for account ops. Our site is about tool selection should prioritize profile stability and operational cost for multi-account workflow resilience. It helps privacy-savvy teams save time on proof-of-concept and checkout due diligence while staying smart on affiliate messaging. Use SAAS50 when you buy, and share the verified savings path. This approach works across desktop, browser, and API audiences. [273/1000]",https://saasverdict.com/go/multilogin?utm_source=linkedin&utm_medium=auto_post&utm_campaign=SAAS50&utm_content=post0273
274,Multi-account ops,"Insight for automation engineers: Avoid API connection failures during scale when you build technical decision support for account ops. Our site is about tool selection should prioritize profile stability and operational cost for comparison clarity for buyers. It helps privacy-savvy teams save time on proof-of-concept and checkout due diligence while staying smart on affiliate messaging. Open the promo hub, validate the offer, and use SAAS50. This approach works across desktop, browser, and API audiences. [274/1000]",https://saasverdict.com/go/multilogin?utm_source=linkedin&utm_medium=auto_post&utm_campaign=SAAS50&utm_content=post0274
275,Workflow reliability,"If you care about multi-account reliability, note this: Avoid manual discount checks before checkout when you build technical decision support for account ops. Our site is about tool selection should prioritize profile stability and operational cost for comparison clarity for buyers. It helps privacy-savvy teams save time on proof-of-concept and checkout due diligence while staying smart on affiliate messaging. Use SAAS50 for your next Multilogin checkout with confidence. This approach works across desktop, browser, and API audiences. [275/1000]",https://saasverdict.com/go/multilogin?utm_source=linkedin&utm_medium=auto_post&utm_campaign=SAAS50&utm_content=post0275
276,API runbooks,"Smart operators do this: Avoid privacy leaks in multi-account browsers when you build technical decision support for account ops. Our site is about tool selection should prioritize profile stability and operational cost for comparison clarity for buyers. It helps privacy-savvy teams avoid expensive surprises during browser stack migration while staying smart on affiliate messaging. Bookmark the comparison hub and use SAAS50 for a better deal. This approach works across desktop, browser, and API audiences. [276/1000]",https://saasverdict.com/go/multilogin?utm_source=linkedin&utm_medium=auto_post&utm_campaign=SAAS50&utm_content=post0276
277,Privacy engineering,"Today’s note on browser privacy: Avoid team handoff friction with operational stacks when you build compliance-aware automation playbooks. Our site is about tool selection should prioritize profile stability and operational cost for comparison clarity for buyers. It helps privacy-savvy teams avoid expensive surprises during browser stack migration while staying smart on affiliate messaging. Start with the reliability framework, then apply SAAS50. This approach works across desktop, browser, and API audiences. [277/1000]",https://saasverdict.com/go/multilogin?utm_source=linkedin&utm_medium=auto_post&utm_campaign=SAAS50&utm_content=post0277
278,Cost sustainability,"Here’s a strong rule for scale: Avoid unreliable anti-detect browser setup when you build compliance-aware automation playbooks. Our site is about tool selection should prioritize profile stability and operational cost for comparison clarity for buyers. It helps privacy-savvy teams avoid expensive surprises during browser stack migration while staying smart on affiliate messaging. Follow the evidence-first process and use SAAS50 if it fits. This approach works across desktop, browser, and API audiences. [278/1000]",https://saasverdict.com/go/multilogin?utm_source=linkedin&utm_medium=auto_post&utm_campaign=SAAS50&utm_content=post0278
279,Review methodology,"A practical take: Avoid high subscription cost without a proper comparison when you build compliance-aware automation playbooks. Our site is about tool selection should prioritize profile stability and operational cost for comparison clarity for buyers. It helps privacy-savvy teams avoid expensive surprises during browser stack migration while staying smart on affiliate messaging. Validate the stack, then apply SAAS50 for the discount. This approach works across desktop, browser, and API audiences. [279/1000]",https://saasverdict.com/go/multilogin?utm_source=linkedin&utm_medium=auto_post&utm_campaign=SAAS50&utm_content=post0279
280,Comparison hub,"If you manage accounts at scale, this helps: Avoid unclear vendor tradeoffs for automation projects when you build compliance-aware automation playbooks. Our site is about tool selection should prioritize profile stability and operational cost for comparison clarity for buyers. It helps privacy-savvy teams avoid expensive surprises during browser stack migration while staying smart on affiliate messaging. Use SAAS50 and keep recommending trusted, verified offers. This approach works across desktop, browser, and API audiences. [280/1000]",https://saasverdict.com/go/multilogin?utm_source=linkedin&utm_medium=auto_post&utm_campaign=SAAS50&utm_content=post0280
281,Browser automation,"Quick update: Avoid browser fingerprint drift under repeated runs when you build compliance-aware automation playbooks. Our site is about multi-account operations need both privacy controls and workflow quality for browser profile stability. It helps privacy-savvy teams avoid expensive surprises during browser stack migration while staying smart on affiliate messaging. Check the verified promo and use SAAS50 for 50% off. This approach works across desktop, browser, and API audiences. [281/1000]",https://saasverdict.com/go/multilogin?utm_source=linkedin&utm_medium=auto_post&utm_campaign=SAAS50&utm_content=post0281
282,Promo verification,"Pro tip for browser ops teams: Avoid promo claims with no proof when you build compliance-aware automation playbooks. Our site is about multi-account operations need both privacy controls and workflow quality for browser profile stability. It helps privacy-savvy teams avoid expensive surprises during browser stack migration while staying smart on affiliate messaging. See the discount proof and apply SAAS50 at checkout. This approach works across desktop, browser, and API audiences. [282/1000]",https://saasverdict.com/go/multilogin?utm_source=linkedin&utm_medium=auto_post&utm_campaign=SAAS50&utm_content=post0282
283,Affiliate trust,"Short reminder: Avoid fragile profile consistency when you build compliance-aware automation playbooks. Our site is about multi-account operations need both privacy controls and workflow quality for browser profile stability. It helps privacy-savvy teams avoid expensive surprises during browser stack migration while staying smart on affiliate messaging. Use SAAS50 when you buy, and share the verified savings path. This approach works across desktop, browser, and API audiences. [283/1000]",https://saasverdict.com/go/multilogin?utm_source=linkedin&utm_medium=auto_post&utm_campaign=SAAS50&utm_content=post0283
284,Multi-account ops,"Insight for automation engineers: Avoid API connection failures during scale when you build compliance-aware automation playbooks. Our site is about multi-account operations need both privacy controls and workflow quality for browser profile stability. It helps privacy-savvy teams avoid expensive surprises during browser stack migration while staying smart on affiliate messaging. Open the promo hub, validate the offer, and use SAAS50. This approach works across desktop, browser, and API audiences. [284/1000]",https://saasverdict.com/go/multilogin?utm_source=linkedin&utm_medium=auto_post&utm_campaign=SAAS50&utm_content=post0284
285,Workflow reliability,"If you care about multi-account reliability, note this: Avoid manual discount checks before checkout when you build compliance-aware automation playbooks. Our site is about multi-account operations need both privacy controls and workflow quality for browser profile stability. It helps privacy-savvy teams avoid expensive surprises during browser stack migration while staying smart on affiliate messaging. Use SAAS50 for your next Multilogin checkout with confidence. This approach works across desktop, browser, and API audiences. [285/1000]",https://saasverdict.com/go/multilogin?utm_source=linkedin&utm_medium=auto_post&utm_campaign=SAAS50&utm_content=post0285
286,API runbooks,"Smart operators do this: Avoid privacy leaks in multi-account browsers when you build compliance-aware automation playbooks. Our site is about multi-account operations need both privacy controls and workflow quality for browser profile stability. It helps privacy-savvy teams avoid expensive surprises during browser stack migration while staying smart on affiliate messaging. Bookmark the comparison hub and use SAAS50 for a better deal. This approach works across desktop, browser, and API audiences. [286/1000]",https://saasverdict.com/go/multilogin?utm_source=linkedin&utm_medium=auto_post&utm_campaign=SAAS50&utm_content=post0286
287,Privacy engineering,"Today’s note on browser privacy: Avoid team handoff friction with operational stacks when you build compliance-aware automation playbooks. Our site is about multi-account operations need both privacy controls and workflow quality for browser profile stability. It helps privacy-savvy teams avoid expensive surprises during browser stack migration while staying smart on affiliate messaging. Start with the reliability framework, then apply SAAS50. This approach works across desktop, browser, and API audiences. [287/1000]",https://saasverdict.com/go/multilogin?utm_source=linkedin&utm_medium=auto_post&utm_campaign=SAAS50&utm_content=post0287
288,Cost sustainability,"Here’s a strong rule for scale: Avoid unreliable anti-detect browser setup when you build compliance-aware automation playbooks. Our site is about multi-account operations need both privacy controls and workflow quality for API integration quality. It helps privacy-savvy teams avoid expensive surprises during browser stack migration while staying smart on affiliate messaging. Follow the evidence-first process and use SAAS50 if it fits. This approach works across desktop, browser, and API audiences. [288/1000]",https://saasverdict.com/go/multilogin?utm_source=linkedin&utm_medium=auto_post&utm_campaign=SAAS50&utm_content=post0288
289,Review methodology,"A practical take: Avoid high subscription cost without a proper comparison when you build risk-aware tools for market research. Our site is about multi-account operations need both privacy controls and workflow quality for API integration quality. It helps privacy-savvy teams avoid expensive surprises during browser stack migration while staying smart on affiliate messaging. Validate the stack, then apply SAAS50 for the discount. This approach works across desktop, browser, and API audiences. [289/1000]",https://saasverdict.com/go/multilogin?utm_source=linkedin&utm_medium=auto_post&utm_campaign=SAAS50&utm_content=post0289
290,Comparison hub,"If you manage accounts at scale, this helps: Avoid unclear vendor tradeoffs for automation projects when you build risk-aware tools for market research. Our site is about multi-account operations need both privacy controls and workflow quality for API integration quality. It helps SaaS decision makers avoid expensive surprises during browser stack migration while staying smart on affiliate messaging. Use SAAS50 and keep recommending trusted, verified offers. This approach works across desktop, browser, and API audiences. [290/1000]",https://saasverdict.com/go/multilogin?utm_source=linkedin&utm_medium=auto_post&utm_campaign=SAAS50&utm_content=post0290
291,Browser automation,"Quick update: Avoid browser fingerprint drift under repeated runs when you build risk-aware tools for market research. Our site is about automation scaling succeeds when you verify every new browser profile path for API integration quality. It helps SaaS decision makers avoid expensive surprises during browser stack migration while staying smart on affiliate messaging. Check the verified promo and use SAAS50 for 50% off. This approach works across desktop, browser, and API audiences. [291/1000]",https://saasverdict.com/go/multilogin?utm_source=linkedin&utm_medium=auto_post&utm_campaign=SAAS50&utm_content=post0291
292,Promo verification,"Pro tip for browser ops teams: Avoid promo claims with no proof when you build risk-aware tools for market research. Our site is about automation scaling succeeds when you verify every new browser profile path for API integration quality. It helps SaaS decision makers avoid expensive surprises during browser stack migration while staying smart on affiliate messaging. See the discount proof and apply SAAS50 at checkout. This approach works across desktop, browser, and API audiences. [292/1000]",https://saasverdict.com/go/multilogin?utm_source=linkedin&utm_medium=auto_post&utm_campaign=SAAS50&utm_content=post0292
293,Affiliate trust,"Short reminder: Avoid fragile profile consistency when you build risk-aware tools for market research. Our site is about automation scaling succeeds when you verify every new browser profile path for API integration quality. It helps SaaS decision makers avoid expensive surprises during browser stack migration while staying smart on affiliate messaging. Use SAAS50 when you buy, and share the verified savings path. This approach works across desktop, browser, and API audiences. [293/1000]",https://saasverdict.com/go/multilogin?utm_source=linkedin&utm_medium=auto_post&utm_campaign=SAAS50&utm_content=post0293
294,Multi-account ops,"Insight for automation engineers: Avoid API connection failures during scale when you build risk-aware tools for market research. Our site is about automation scaling succeeds when you verify every new browser profile path for API integration quality. It helps SaaS decision makers avoid expensive surprises during browser stack migration while staying smart on affiliate messaging. Open the promo hub, validate the offer, and use SAAS50. This approach works across desktop, browser, and API audiences. [294/1000]",https://saasverdict.com/go/multilogin?utm_source=linkedin&utm_medium=auto_post&utm_campaign=SAAS50&utm_content=post0294
295,Workflow reliability,"If you care about multi-account reliability, note this: Avoid manual discount checks before checkout when you build risk-aware tools for market research. Our site is about automation scaling succeeds when you verify every new browser profile path for promo verification evidence. It helps SaaS decision makers avoid expensive surprises during browser stack migration while staying smart on affiliate messaging. Use SAAS50 for your next Multilogin checkout with confidence. This approach works across desktop, browser, and API audiences. [295/1000]",https://saasverdict.com/go/multilogin?utm_source=linkedin&utm_medium=auto_post&utm_campaign=SAAS50&utm_content=post0295
296,API runbooks,"Smart operators do this: Avoid privacy leaks in multi-account browsers when you build risk-aware tools for market research. Our site is about automation scaling succeeds when you verify every new browser profile path for promo verification evidence. It helps SaaS decision makers avoid expensive surprises during browser stack migration while staying smart on affiliate messaging. Bookmark the comparison hub and use SAAS50 for a better deal. This approach works across desktop, browser, and API audiences. [296/1000]",https://saasverdict.com/go/multilogin?utm_source=linkedin&utm_medium=auto_post&utm_campaign=SAAS50&utm_content=post0296
297,Privacy engineering,"Today’s note on browser privacy: Avoid team handoff friction with operational stacks when you build risk-aware tools for market research. Our site is about automation scaling succeeds when you verify every new browser profile path for promo verification evidence. It helps SaaS decision makers avoid expensive surprises during browser stack migration while staying smart on affiliate messaging. Start with the reliability framework, then apply SAAS50. This approach works across desktop, browser, and API audiences. [297/1000]",https://saasverdict.com/go/multilogin?utm_source=linkedin&utm_medium=auto_post&utm_campaign=SAAS50&utm_content=post0297
298,Cost sustainability,Here’s a strong rule for scale: Avoid unreliable anti-detect browser setup when you build risk-aware tools for market research. Our site is about automation scaling succeeds when you verify every new browser profile path for promo verification evidence. It helps SaaS decision makers avoid expensive surprises during browser stack migration while staying smart on affiliate messaging. Follow the evidence-first process and use SAAS50 if it fits. The smartest posts pair a workflow tip with a verified discount. [298/1000],https://saasverdict.com/go/multilogin?utm_source=linkedin&utm_medium=auto_post&utm_campaign=SAAS50&utm_content=post0298
299,Review methodology,"A practical take: Avoid high subscription cost without a proper comparison when you build risk-aware tools for market research. Our site is about automation scaling succeeds when you verify every new browser profile path for promo verification evidence. It helps SaaS decision makers avoid expensive surprises during browser stack migration while staying smart on affiliate messaging. Validate the stack, then apply SAAS50 for the discount. The smartest posts pair a workflow tip with a verified discount. [299/1000]",https://saasverdict.com/go/multilogin?utm_source=linkedin&utm_medium=auto_post&utm_campaign=SAAS50&utm_content=post0299
300,Comparison hub,"If you manage accounts at scale, this helps: Avoid unclear vendor tradeoffs for automation projects when you build risk-aware tools for market research. Our site is about automation scaling succeeds when you verify every new browser profile path for promo verification evidence. It helps SaaS decision makers avoid expensive surprises during browser stack migration while staying smart on affiliate messaging. Use SAAS50 and keep recommending trusted, verified offers. The smartest posts pair a workflow tip with a verified discount. [300/1000]",https://saasverdict.com/go/multilogin?utm_source=linkedin&utm_medium=auto_post&utm_campaign=SAAS50&utm_content=post0300
301,Browser automation,Quick update: Avoid browser fingerprint drift under repeated runs when you build proof-first promo sharing. Our site is about reliability-first comparisons beat feature lists when you want a stable stack for promo verification evidence. It helps SaaS decision makers build a durable affiliate funnel based on real QA while staying smart on affiliate messaging. Check the verified promo and use SAAS50 for 50% off. The smartest posts pair a workflow tip with a verified discount. [301/1000],https://saasverdict.com/go/multilogin?utm_source=linkedin&utm_medium=auto_post&utm_campaign=SAAS50&utm_content=post0301
302,Promo verification,Pro tip for browser ops teams: Avoid promo claims with no proof when you build proof-first promo sharing. Our site is about reliability-first comparisons beat feature lists when you want a stable stack for team handoff reliability. It helps SaaS decision makers build a durable affiliate funnel based on real QA while staying smart on affiliate messaging. See the discount proof and apply SAAS50 at checkout. The smartest posts pair a workflow tip with a verified discount. [302/1000],https://saasverdict.com/go/multilogin?utm_source=linkedin&utm_medium=auto_post&utm_campaign=SAAS50&utm_content=post0302
303,Affiliate trust,"Short reminder: Avoid fragile profile consistency when you build proof-first promo sharing. Our site is about reliability-first comparisons beat feature lists when you want a stable stack for team handoff reliability. It helps SaaS decision makers build a durable affiliate funnel based on real QA while staying smart on affiliate messaging. Use SAAS50 when you buy, and share the verified savings path. The smartest posts pair a workflow tip with a verified discount. [303/1000]",https://saasverdict.com/go/multilogin?utm_source=linkedin&utm_medium=auto_post&utm_campaign=SAAS50&utm_content=post0303
304,Multi-account ops,"Insight for automation engineers: Avoid API connection failures during scale when you build proof-first promo sharing. Our site is about reliability-first comparisons beat feature lists when you want a stable stack for team handoff reliability. It helps SaaS decision makers build a durable affiliate funnel based on real QA while staying smart on affiliate messaging. Open the promo hub, validate the offer, and use SAAS50. The smartest posts pair a workflow tip with a verified discount. [304/1000]",https://saasverdict.com/go/multilogin?utm_source=linkedin&utm_medium=auto_post&utm_campaign=SAAS50&utm_content=post0304
305,Workflow reliability,"If you care about multi-account reliability, note this: Avoid manual discount checks before checkout when you build proof-first promo sharing. Our site is about reliability-first comparisons beat feature lists when you want a stable stack for team handoff reliability. It helps SaaS decision makers build a durable affiliate funnel based on real QA while staying smart on affiliate messaging. Use SAAS50 for your next Multilogin checkout with confidence. The smartest posts pair a workflow tip with a verified discount. [305/1000]",https://saasverdict.com/go/multilogin?utm_source=linkedin&utm_medium=auto_post&utm_campaign=SAAS50&utm_content=post0305
306,API runbooks,Smart operators do this: Avoid privacy leaks in multi-account browsers when you build proof-first promo sharing. Our site is about reliability-first comparisons beat feature lists when you want a stable stack for team handoff reliability. It helps SaaS decision makers build a durable affiliate funnel based on real QA while staying smart on affiliate messaging. Bookmark the comparison hub and use SAAS50 for a better deal. The smartest posts pair a workflow tip with a verified discount. [306/1000],https://saasverdict.com/go/multilogin?utm_source=linkedin&utm_medium=auto_post&utm_campaign=SAAS50&utm_content=post0306
307,Privacy engineering,"Today’s note on browser privacy: Avoid team handoff friction with operational stacks when you build proof-first promo sharing. Our site is about reliability-first comparisons beat feature lists when you want a stable stack for team handoff reliability. It helps multilogin and alternative buyers build a durable affiliate funnel based on real QA while staying smart on affiliate messaging. Start with the reliability framework, then apply SAAS50. The smartest posts pair a workflow tip with a verified discount. [307/1000]",https://saasverdict.com/go/multilogin?utm_source=linkedin&utm_medium=auto_post&utm_campaign=SAAS50&utm_content=post0307
308,Cost sustainability,Here’s a strong rule for scale: Avoid unreliable anti-detect browser setup when you build proof-first promo sharing. Our site is about reliability-first comparisons beat feature lists when you want a stable stack for team handoff reliability. It helps multilogin and alternative buyers build a durable affiliate funnel based on real QA while staying smart on affiliate messaging. Follow the evidence-first process and use SAAS50 if it fits. The smartest posts pair a workflow tip with a verified discount. [308/1000],https://saasverdict.com/go/multilogin?utm_source=linkedin&utm_medium=auto_post&utm_campaign=SAAS50&utm_content=post0308
309,Review methodology,"A practical take: Avoid high subscription cost without a proper comparison when you build proof-first promo sharing. Our site is about reliability-first comparisons beat feature lists when you want a stable stack for leak and fingerprint parity. It helps multilogin and alternative buyers build a durable affiliate funnel based on real QA while staying smart on affiliate messaging. Validate the stack, then apply SAAS50 for the discount. The smartest posts pair a workflow tip with a verified discount. [309/1000]",https://saasverdict.com/go/multilogin?utm_source=linkedin&utm_medium=auto_post&utm_campaign=SAAS50&utm_content=post0309
310,Comparison hub,"If you manage accounts at scale, this helps: Avoid unclear vendor tradeoffs for automation projects when you build proof-first promo sharing. Our site is about reliability-first comparisons beat feature lists when you want a stable stack for leak and fingerprint parity. It helps multilogin and alternative buyers build a durable affiliate funnel based on real QA while staying smart on affiliate messaging. Use SAAS50 and keep recommending trusted, verified offers. The smartest posts pair a workflow tip with a verified discount. [310/1000]",https://saasverdict.com/go/multilogin?utm_source=linkedin&utm_medium=auto_post&utm_campaign=SAAS50&utm_content=post0310
311,Browser automation,Quick update: Avoid browser fingerprint drift under repeated runs when you build proof-first promo sharing. Our site is about promo verification keeps you from paying full price for unreliable claims for leak and fingerprint parity. It helps multilogin and alternative buyers build a durable affiliate funnel based on real QA while staying smart on affiliate messaging. Check the verified promo and use SAAS50 for 50% off. The smartest posts pair a workflow tip with a verified discount. [311/1000],https://saasverdict.com/go/multilogin?utm_source=linkedin&utm_medium=auto_post&utm_campaign=SAAS50&utm_content=post0311
312,Promo verification,Pro tip for browser ops teams: Avoid promo claims with no proof when you build proof-first promo sharing. Our site is about promo verification keeps you from paying full price for unreliable claims for leak and fingerprint parity. It helps multilogin and alternative buyers build a durable affiliate funnel based on real QA while staying smart on affiliate messaging. See the discount proof and apply SAAS50 at checkout. The smartest posts pair a workflow tip with a verified discount. [312/1000],https://saasverdict.com/go/multilogin?utm_source=linkedin&utm_medium=auto_post&utm_campaign=SAAS50&utm_content=post0312
313,Affiliate trust,"Short reminder: Avoid fragile profile consistency when you build quality-first affiliate recommendations. Our site is about promo verification keeps you from paying full price for unreliable claims for leak and fingerprint parity. It helps multilogin and alternative buyers build a durable affiliate funnel based on real QA while staying smart on affiliate messaging. Use SAAS50 when you buy, and share the verified savings path. The smartest posts pair a workflow tip with a verified discount. [313/1000]",https://saasverdict.com/go/multilogin?utm_source=linkedin&utm_medium=auto_post&utm_campaign=SAAS50&utm_content=post0313
314,Multi-account ops,"Insight for automation engineers: Avoid API connection failures during scale when you build quality-first affiliate recommendations. Our site is about promo verification keeps you from paying full price for unreliable claims for leak and fingerprint parity. It helps multilogin and alternative buyers build a durable affiliate funnel based on real QA while staying smart on affiliate messaging. Open the promo hub, validate the offer, and use SAAS50. The smartest posts pair a workflow tip with a verified discount. [314/1000]",https://saasverdict.com/go/multilogin?utm_source=linkedin&utm_medium=auto_post&utm_campaign=SAAS50&utm_content=post0314
315,Workflow reliability,"If you care about multi-account reliability, note this: Avoid manual discount checks before checkout when you build quality-first affiliate recommendations. Our site is about promo verification keeps you from paying full price for unreliable claims for leak and fingerprint parity. It helps multilogin and alternative buyers build a durable affiliate funnel based on real QA while staying smart on affiliate messaging. Use SAAS50 for your next Multilogin checkout with confidence. The smartest posts pair a workflow tip with a verified discount. [315/1000]",https://saasverdict.com/go/multilogin?utm_source=linkedin&utm_medium=auto_post&utm_campaign=SAAS50&utm_content=post0315
316,API runbooks,Smart operators do this: Avoid privacy leaks in multi-account browsers when you build quality-first affiliate recommendations. Our site is about promo verification keeps you from paying full price for unreliable claims for operational cost transparency. It helps multilogin and alternative buyers build a durable affiliate funnel based on real QA while staying smart on affiliate messaging. Bookmark the comparison hub and use SAAS50 for a better deal. The smartest posts pair a workflow tip with a verified discount. [316/1000],https://saasverdict.com/go/multilogin?utm_source=linkedin&utm_medium=auto_post&utm_campaign=SAAS50&utm_content=post0316
317,Privacy engineering,"Today’s note on browser privacy: Avoid team handoff friction with operational stacks when you build quality-first affiliate recommendations. Our site is about promo verification keeps you from paying full price for unreliable claims for operational cost transparency. It helps multilogin and alternative buyers build a durable affiliate funnel based on real QA while staying smart on affiliate messaging. Start with the reliability framework, then apply SAAS50. The smartest posts pair a workflow tip with a verified discount. [317/1000]",https://saasverdict.com/go/multilogin?utm_source=linkedin&utm_medium=auto_post&utm_campaign=SAAS50&utm_content=post0317
318,Cost sustainability,Here’s a strong rule for scale: Avoid unreliable anti-detect browser setup when you build quality-first affiliate recommendations. Our site is about promo verification keeps you from paying full price for unreliable claims for operational cost transparency. It helps multilogin and alternative buyers build a durable affiliate funnel based on real QA while staying smart on affiliate messaging. Follow the evidence-first process and use SAAS50 if it fits. The smartest posts pair a workflow tip with a verified discount. [318/1000],https://saasverdict.com/go/multilogin?utm_source=linkedin&utm_medium=auto_post&utm_campaign=SAAS50&utm_content=post0318
319,Review methodology,"A practical take: Avoid high subscription cost without a proper comparison when you build quality-first affiliate recommendations. Our site is about promo verification keeps you from paying full price for unreliable claims for operational cost transparency. It helps multilogin and alternative buyers build a durable affiliate funnel based on real QA while staying smart on affiliate messaging. Validate the stack, then apply SAAS50 for the discount. The smartest posts pair a workflow tip with a verified discount. [319/1000]",https://saasverdict.com/go/multilogin?utm_source=linkedin&utm_medium=auto_post&utm_campaign=SAAS50&utm_content=post0319
320,Comparison hub,"If you manage accounts at scale, this helps: Avoid unclear vendor tradeoffs for automation projects when you build quality-first affiliate recommendations. Our site is about promo verification keeps you from paying full price for unreliable claims for operational cost transparency. It helps multilogin and alternative buyers build a durable affiliate funnel based on real QA while staying smart on affiliate messaging. Use SAAS50 and keep recommending trusted, verified offers. The smartest posts pair a workflow tip with a verified discount. [320/1000]",https://saasverdict.com/go/multilogin?utm_source=linkedin&utm_medium=auto_post&utm_campaign=SAAS50&utm_content=post0320
321,Browser automation,Quick update: Avoid browser fingerprint drift under repeated runs when you build quality-first affiliate recommendations. Our site is about a decision workflow is better than chasing every new tool for operational cost transparency. It helps multilogin and alternative buyers build a durable affiliate funnel based on real QA while staying smart on affiliate messaging. Check the verified promo and use SAAS50 for 50% off. The smartest posts pair a workflow tip with a verified discount. [321/1000],https://saasverdict.com/go/multilogin?utm_source=linkedin&utm_medium=auto_post&utm_campaign=SAAS50&utm_content=post0321
322,Promo verification,Pro tip for browser ops teams: Avoid promo claims with no proof when you build quality-first affiliate recommendations. Our site is about a decision workflow is better than chasing every new tool for operational cost transparency. It helps multilogin and alternative buyers build a durable affiliate funnel based on real QA while staying smart on affiliate messaging. See the discount proof and apply SAAS50 at checkout. The smartest posts pair a workflow tip with a verified discount. [322/1000],https://saasverdict.com/go/multilogin?utm_source=linkedin&utm_medium=auto_post&utm_campaign=SAAS50&utm_content=post0322
323,Affiliate trust,"Short reminder: Avoid fragile profile consistency when you build quality-first affiliate recommendations. Our site is about a decision workflow is better than chasing every new tool for browser privacy controls. It helps multilogin and alternative buyers build a durable affiliate funnel based on real QA while staying smart on affiliate messaging. Use SAAS50 when you buy, and share the verified savings path. The smartest posts pair a workflow tip with a verified discount. [323/1000]",https://saasverdict.com/go/multilogin?utm_source=linkedin&utm_medium=auto_post&utm_campaign=SAAS50&utm_content=post0323
324,Multi-account ops,"Insight for automation engineers: Avoid API connection failures during scale when you build quality-first affiliate recommendations. Our site is about a decision workflow is better than chasing every new tool for browser privacy controls. It helps browser privacy audiences build a durable affiliate funnel based on real QA while staying smart on affiliate messaging. Open the promo hub, validate the offer, and use SAAS50. The smartest posts pair a workflow tip with a verified discount. [324/1000]",https://saasverdict.com/go/multilogin?utm_source=linkedin&utm_medium=auto_post&utm_campaign=SAAS50&utm_content=post0324
325,Workflow reliability,"If you care about multi-account reliability, note this: Avoid manual discount checks before checkout when you build sustainable affiliate post cadence. Our site is about a decision workflow is better than chasing every new tool for browser privacy controls. It helps browser privacy audiences build a durable affiliate funnel based on real QA while staying smart on affiliate messaging. Use SAAS50 for your next Multilogin checkout with confidence. The smartest posts pair a workflow tip with a verified discount. [325/1000]",https://saasverdict.com/go/multilogin?utm_source=linkedin&utm_medium=auto_post&utm_campaign=SAAS50&utm_content=post0325
326,API runbooks,Smart operators do this: Avoid privacy leaks in multi-account browsers when you build sustainable affiliate post cadence. Our site is about a decision workflow is better than chasing every new tool for browser privacy controls. It helps browser privacy audiences keep browser sessions stable across repeating workflows while staying smart on affiliate messaging. Bookmark the comparison hub and use SAAS50 for a better deal. The smartest posts pair a workflow tip with a verified discount. [326/1000],https://saasverdict.com/go/multilogin?utm_source=linkedin&utm_medium=auto_post&utm_campaign=SAAS50&utm_content=post0326
327,Privacy engineering,"Today’s note on browser privacy: Avoid team handoff friction with operational stacks when you build sustainable affiliate post cadence. Our site is about a decision workflow is better than chasing every new tool for browser privacy controls. It helps browser privacy audiences keep browser sessions stable across repeating workflows while staying smart on affiliate messaging. Start with the reliability framework, then apply SAAS50. The smartest posts pair a workflow tip with a verified discount. [327/1000]",https://saasverdict.com/go/multilogin?utm_source=linkedin&utm_medium=auto_post&utm_campaign=SAAS50&utm_content=post0327
328,Cost sustainability,Here’s a strong rule for scale: Avoid unreliable anti-detect browser setup when you build sustainable affiliate post cadence. Our site is about a decision workflow is better than chasing every new tool for browser privacy controls. It helps browser privacy audiences keep browser sessions stable across repeating workflows while staying smart on affiliate messaging. Follow the evidence-first process and use SAAS50 if it fits. The smartest posts pair a workflow tip with a verified discount. [328/1000],https://saasverdict.com/go/multilogin?utm_source=linkedin&utm_medium=auto_post&utm_campaign=SAAS50&utm_content=post0328
329,Review methodology,"A practical take: Avoid high subscription cost without a proper comparison when you build sustainable affiliate post cadence. Our site is about a decision workflow is better than chasing every new tool for browser privacy controls. It helps browser privacy audiences keep browser sessions stable across repeating workflows while staying smart on affiliate messaging. Validate the stack, then apply SAAS50 for the discount. The smartest posts pair a workflow tip with a verified discount. [329/1000]",https://saasverdict.com/go/multilogin?utm_source=linkedin&utm_medium=auto_post&utm_campaign=SAAS50&utm_content=post0329
330,Comparison hub,"If you manage accounts at scale, this helps: Avoid unclear vendor tradeoffs for automation projects when you build sustainable affiliate post cadence. Our site is about a decision workflow is better than chasing every new tool for discount validity checks. It helps browser privacy audiences keep browser sessions stable across repeating workflows while staying smart on affiliate messaging. Use SAAS50 and keep recommending trusted, verified offers. The smartest posts pair a workflow tip with a verified discount. [330/1000]",https://saasverdict.com/go/multilogin?utm_source=linkedin&utm_medium=auto_post&utm_campaign=SAAS50&utm_content=post0330
331,Browser automation,Quick update: Avoid browser fingerprint drift under repeated runs when you build sustainable affiliate post cadence. Our site is about API runbooks reduce downtime and release risk for discount validity checks. It helps browser privacy audiences keep browser sessions stable across repeating workflows while staying smart on affiliate messaging. Check the verified promo and use SAAS50 for 50% off. This is the kind of content that builds long-term affiliate trust. [331/1000],https://saasverdict.com/go/multilogin?utm_source=linkedin&utm_medium=auto_post&utm_campaign=SAAS50&utm_content=post0331
332,Promo verification,Pro tip for browser ops teams: Avoid promo claims with no proof when you build sustainable affiliate post cadence. Our site is about API runbooks reduce downtime and release risk for discount validity checks. It helps browser privacy audiences keep browser sessions stable across repeating workflows while staying smart on affiliate messaging. See the discount proof and apply SAAS50 at checkout. This is the kind of content that builds long-term affiliate trust. [332/1000],https://saasverdict.com/go/multilogin?utm_source=linkedin&utm_medium=auto_post&utm_campaign=SAAS50&utm_content=post0332
333,Affiliate trust,"Short reminder: Avoid fragile profile consistency when you build sustainable affiliate post cadence. Our site is about API runbooks reduce downtime and release risk for discount validity checks. It helps browser privacy audiences keep browser sessions stable across repeating workflows while staying smart on affiliate messaging. Use SAAS50 when you buy, and share the verified savings path. This is the kind of content that builds long-term affiliate trust. [333/1000]",https://saasverdict.com/go/multilogin?utm_source=linkedin&utm_medium=auto_post&utm_campaign=SAAS50&utm_content=post0333
334,Multi-account ops,"Insight for automation engineers: Avoid API connection failures during scale when you build sustainable affiliate post cadence. Our site is about API runbooks reduce downtime and release risk for discount validity checks. It helps browser privacy audiences keep browser sessions stable across repeating workflows while staying smart on affiliate messaging. Open the promo hub, validate the offer, and use SAAS50. This is the kind of content that builds long-term affiliate trust. [334/1000]",https://saasverdict.com/go/multilogin?utm_source=linkedin&utm_medium=auto_post&utm_campaign=SAAS50&utm_content=post0334
335,Workflow reliability,"If you care about multi-account reliability, note this: Avoid manual discount checks before checkout when you build sustainable affiliate post cadence. Our site is about API runbooks reduce downtime and release risk for discount validity checks. It helps browser privacy audiences keep browser sessions stable across repeating workflows while staying smart on affiliate messaging. Use SAAS50 for your next Multilogin checkout with confidence. This is the kind of content that builds long-term affiliate trust. [335/1000]",https://saasverdict.com/go/multilogin?utm_source=linkedin&utm_medium=auto_post&utm_campaign=SAAS50&utm_content=post0335
336,API runbooks,Smart operators do this: Avoid privacy leaks in multi-account browsers when you build sustainable affiliate post cadence. Our site is about API runbooks reduce downtime and release risk for discount validity checks. It helps browser privacy audiences keep browser sessions stable across repeating workflows while staying smart on affiliate messaging. Bookmark the comparison hub and use SAAS50 for a better deal. This is the kind of content that builds long-term affiliate trust. [336/1000],https://saasverdict.com/go/multilogin?utm_source=linkedin&utm_medium=auto_post&utm_campaign=SAAS50&utm_content=post0336
337,Privacy engineering,"Today’s note on browser privacy: Avoid team handoff friction with operational stacks when you build browser ops content that converts. Our site is about API runbooks reduce downtime and release risk for multi-account workflow resilience. It helps browser privacy audiences keep browser sessions stable across repeating workflows while staying smart on affiliate messaging. Start with the reliability framework, then apply SAAS50. This is the kind of content that builds long-term affiliate trust. [337/1000]",https://saasverdict.com/go/multilogin?utm_source=linkedin&utm_medium=auto_post&utm_campaign=SAAS50&utm_content=post0337
338,Cost sustainability,Here’s a strong rule for scale: Avoid unreliable anti-detect browser setup when you build browser ops content that converts. Our site is about API runbooks reduce downtime and release risk for multi-account workflow resilience. It helps browser privacy audiences keep browser sessions stable across repeating workflows while staying smart on affiliate messaging. Follow the evidence-first process and use SAAS50 if it fits. This is the kind of content that builds long-term affiliate trust. [338/1000],https://saasverdict.com/go/multilogin?utm_source=linkedin&utm_medium=auto_post&utm_campaign=SAAS50&utm_content=post0338
339,Review methodology,"A practical take: Avoid high subscription cost without a proper comparison when you build browser ops content that converts. Our site is about API runbooks reduce downtime and release risk for multi-account workflow resilience. It helps browser privacy audiences keep browser sessions stable across repeating workflows while staying smart on affiliate messaging. Validate the stack, then apply SAAS50 for the discount. This is the kind of content that builds long-term affiliate trust. [339/1000]",https://saasverdict.com/go/multilogin?utm_source=linkedin&utm_medium=auto_post&utm_campaign=SAAS50&utm_content=post0339
340,Comparison hub,"If you manage accounts at scale, this helps: Avoid unclear vendor tradeoffs for automation projects when you build browser ops content that converts. Our site is about API runbooks reduce downtime and release risk for multi-account workflow resilience. It helps browser privacy audiences keep browser sessions stable across repeating workflows while staying smart on affiliate messaging. Use SAAS50 and keep recommending trusted, verified offers. This is the kind of content that builds long-term affiliate trust. [340/1000]",https://saasverdict.com/go/multilogin?utm_source=linkedin&utm_medium=auto_post&utm_campaign=SAAS50&utm_content=post0340
341,Browser automation,Quick update: Avoid browser fingerprint drift under repeated runs when you build browser ops content that converts. Our site is about evidence-based guides make affiliate recommendations credible and sustainable for multi-account workflow resilience. It helps LinkedIn audiences keep browser sessions stable across repeating workflows while staying smart on affiliate messaging. Check the verified promo and use SAAS50 for 50% off. This is the kind of content that builds long-term affiliate trust. [341/1000],https://saasverdict.com/go/multilogin?utm_source=linkedin&utm_medium=auto_post&utm_campaign=SAAS50&utm_content=post0341
342,Promo verification,Pro tip for browser ops teams: Avoid promo claims with no proof when you build browser ops content that converts. Our site is about evidence-based guides make affiliate recommendations credible and sustainable for multi-account workflow resilience. It helps LinkedIn audiences keep browser sessions stable across repeating workflows while staying smart on affiliate messaging. See the discount proof and apply SAAS50 at checkout. This is the kind of content that builds long-term affiliate trust. [342/1000],https://saasverdict.com/go/multilogin?utm_source=linkedin&utm_medium=auto_post&utm_campaign=SAAS50&utm_content=post0342
343,Affiliate trust,"Short reminder: Avoid fragile profile consistency when you build browser ops content that converts. Our site is about evidence-based guides make affiliate recommendations credible and sustainable for multi-account workflow resilience. It helps LinkedIn audiences keep browser sessions stable across repeating workflows while staying smart on affiliate messaging. Use SAAS50 when you buy, and share the verified savings path. This is the kind of content that builds long-term affiliate trust. [343/1000]",https://saasverdict.com/go/multilogin?utm_source=linkedin&utm_medium=auto_post&utm_campaign=SAAS50&utm_content=post0343
344,Multi-account ops,"Insight for automation engineers: Avoid API connection failures during scale when you build browser ops content that converts. Our site is about evidence-based guides make affiliate recommendations credible and sustainable for comparison clarity for buyers. It helps LinkedIn audiences keep browser sessions stable across repeating workflows while staying smart on affiliate messaging. Open the promo hub, validate the offer, and use SAAS50. This is the kind of content that builds long-term affiliate trust. [344/1000]",https://saasverdict.com/go/multilogin?utm_source=linkedin&utm_medium=auto_post&utm_campaign=SAAS50&utm_content=post0344
345,Workflow reliability,"If you care about multi-account reliability, note this: Avoid manual discount checks before checkout when you build browser ops content that converts. Our site is about evidence-based guides make affiliate recommendations credible and sustainable for comparison clarity for buyers. It helps LinkedIn audiences keep browser sessions stable across repeating workflows while staying smart on affiliate messaging. Use SAAS50 for your next Multilogin checkout with confidence. This is the kind of content that builds long-term affiliate trust. [345/1000]",https://saasverdict.com/go/multilogin?utm_source=linkedin&utm_medium=auto_post&utm_campaign=SAAS50&utm_content=post0345
346,API runbooks,Smart operators do this: Avoid privacy leaks in multi-account browsers when you build browser ops content that converts. Our site is about evidence-based guides make affiliate recommendations credible and sustainable for comparison clarity for buyers. It helps LinkedIn audiences keep browser sessions stable across repeating workflows while staying smart on affiliate messaging. Bookmark the comparison hub and use SAAS50 for a better deal. This is the kind of content that builds long-term affiliate trust. [346/1000],https://saasverdict.com/go/multilogin?utm_source=linkedin&utm_medium=auto_post&utm_campaign=SAAS50&utm_content=post0346
347,Privacy engineering,"Today’s note on browser privacy: Avoid team handoff friction with operational stacks when you build browser ops content that converts. Our site is about evidence-based guides make affiliate recommendations credible and sustainable for comparison clarity for buyers. It helps LinkedIn audiences keep browser sessions stable across repeating workflows while staying smart on affiliate messaging. Start with the reliability framework, then apply SAAS50. This is the kind of content that builds long-term affiliate trust. [347/1000]",https://saasverdict.com/go/multilogin?utm_source=linkedin&utm_medium=auto_post&utm_campaign=SAAS50&utm_content=post0347
348,Cost sustainability,Here’s a strong rule for scale: Avoid unreliable anti-detect browser setup when you build browser ops content that converts. Our site is about evidence-based guides make affiliate recommendations credible and sustainable for comparison clarity for buyers. It helps LinkedIn audiences keep browser sessions stable across repeating workflows while staying smart on affiliate messaging. Follow the evidence-first process and use SAAS50 if it fits. This is the kind of content that builds long-term affiliate trust. [348/1000],https://saasverdict.com/go/multilogin?utm_source=linkedin&utm_medium=auto_post&utm_campaign=SAAS50&utm_content=post0348
349,Review methodology,"A practical take: Avoid high subscription cost without a proper comparison when you build verification-first discount reports. Our site is about evidence-based guides make affiliate recommendations credible and sustainable for comparison clarity for buyers. It helps LinkedIn audiences keep browser sessions stable across repeating workflows while staying smart on affiliate messaging. Validate the stack, then apply SAAS50 for the discount. This is the kind of content that builds long-term affiliate trust. [349/1000]",https://saasverdict.com/go/multilogin?utm_source=linkedin&utm_medium=auto_post&utm_campaign=SAAS50&utm_content=post0349
350,Comparison hub,"If you manage accounts at scale, this helps: Avoid unclear vendor tradeoffs for automation projects when you build verification-first discount reports. Our site is about evidence-based guides make affiliate recommendations credible and sustainable for comparison clarity for buyers. It helps LinkedIn audiences keep browser sessions stable across repeating workflows while staying smart on affiliate messaging. Use SAAS50 and keep recommending trusted, verified offers. This is the kind of content that builds long-term affiliate trust. [350/1000]",https://saasverdict.com/go/multilogin?utm_source=linkedin&utm_medium=auto_post&utm_campaign=SAAS50&utm_content=post0350
351,Browser automation,Quick update: Avoid browser fingerprint drift under repeated runs when you build verification-first discount reports. Our site is about browser privacy checks should include worker thread parity for browser profile stability. It helps LinkedIn audiences convert more audiences by sharing trusted coupon evidence while staying smart on affiliate messaging. Check the verified promo and use SAAS50 for 50% off. This is the kind of content that builds long-term affiliate trust. [351/1000],https://saasverdict.com/go/multilogin?utm_source=linkedin&utm_medium=auto_post&utm_campaign=SAAS50&utm_content=post0351
352,Promo verification,Pro tip for browser ops teams: Avoid promo claims with no proof when you build verification-first discount reports. Our site is about browser privacy checks should include worker thread parity for browser profile stability. It helps LinkedIn audiences convert more audiences by sharing trusted coupon evidence while staying smart on affiliate messaging. See the discount proof and apply SAAS50 at checkout. This is the kind of content that builds long-term affiliate trust. [352/1000],https://saasverdict.com/go/multilogin?utm_source=linkedin&utm_medium=auto_post&utm_campaign=SAAS50&utm_content=post0352
353,Affiliate trust,"Short reminder: Avoid fragile profile consistency when you build verification-first discount reports. Our site is about browser privacy checks should include worker thread parity for browser profile stability. It helps LinkedIn audiences convert more audiences by sharing trusted coupon evidence while staying smart on affiliate messaging. Use SAAS50 when you buy, and share the verified savings path. This is the kind of content that builds long-term affiliate trust. [353/1000]",https://saasverdict.com/go/multilogin?utm_source=linkedin&utm_medium=auto_post&utm_campaign=SAAS50&utm_content=post0353
354,Multi-account ops,"Insight for automation engineers: Avoid API connection failures during scale when you build verification-first discount reports. Our site is about browser privacy checks should include worker thread parity for browser profile stability. It helps LinkedIn audiences convert more audiences by sharing trusted coupon evidence while staying smart on affiliate messaging. Open the promo hub, validate the offer, and use SAAS50. This is the kind of content that builds long-term affiliate trust. [354/1000]",https://saasverdict.com/go/multilogin?utm_source=linkedin&utm_medium=auto_post&utm_campaign=SAAS50&utm_content=post0354
355,Workflow reliability,"If you care about multi-account reliability, note this: Avoid manual discount checks before checkout when you build verification-first discount reports. Our site is about browser privacy checks should include worker thread parity for browser profile stability. It helps LinkedIn audiences convert more audiences by sharing trusted coupon evidence while staying smart on affiliate messaging. Use SAAS50 for your next Multilogin checkout with confidence. This is the kind of content that builds long-term affiliate trust. [355/1000]",https://saasverdict.com/go/multilogin?utm_source=linkedin&utm_medium=auto_post&utm_campaign=SAAS50&utm_content=post0355
356,API runbooks,Smart operators do this: Avoid privacy leaks in multi-account browsers when you build verification-first discount reports. Our site is about browser privacy checks should include worker thread parity for browser profile stability. It helps LinkedIn audiences convert more audiences by sharing trusted coupon evidence while staying smart on affiliate messaging. Bookmark the comparison hub and use SAAS50 for a better deal. This is the kind of content that builds long-term affiliate trust. [356/1000],https://saasverdict.com/go/multilogin?utm_source=linkedin&utm_medium=auto_post&utm_campaign=SAAS50&utm_content=post0356
357,Privacy engineering,"Today’s note on browser privacy: Avoid team handoff friction with operational stacks when you build verification-first discount reports. Our site is about browser privacy checks should include worker thread parity for browser profile stability. It helps LinkedIn audiences convert more audiences by sharing trusted coupon evidence while staying smart on affiliate messaging. Start with the reliability framework, then apply SAAS50. This is the kind of content that builds long-term affiliate trust. [357/1000]",https://saasverdict.com/go/multilogin?utm_source=linkedin&utm_medium=auto_post&utm_campaign=SAAS50&utm_content=post0357
358,Cost sustainability,Here’s a strong rule for scale: Avoid unreliable anti-detect browser setup when you build verification-first discount reports. Our site is about browser privacy checks should include worker thread parity for API integration quality. It helps Telegram communities convert more audiences by sharing trusted coupon evidence while staying smart on affiliate messaging. Follow the evidence-first process and use SAAS50 if it fits. This is the kind of content that builds long-term affiliate trust. [358/1000],https://saasverdict.com/go/multilogin?utm_source=linkedin&utm_medium=auto_post&utm_campaign=SAAS50&utm_content=post0358
359,Review methodology,"A practical take: Avoid high subscription cost without a proper comparison when you build verification-first discount reports. Our site is about browser privacy checks should include worker thread parity for API integration quality. It helps Telegram communities convert more audiences by sharing trusted coupon evidence while staying smart on affiliate messaging. Validate the stack, then apply SAAS50 for the discount. This is the kind of content that builds long-term affiliate trust. [359/1000]",https://saasverdict.com/go/multilogin?utm_source=linkedin&utm_medium=auto_post&utm_campaign=SAAS50&utm_content=post0359
360,Comparison hub,"If you manage accounts at scale, this helps: Avoid unclear vendor tradeoffs for automation projects when you build verification-first discount reports. Our site is about browser privacy checks should include worker thread parity for API integration quality. It helps Telegram communities convert more audiences by sharing trusted coupon evidence while staying smart on affiliate messaging. Use SAAS50 and keep recommending trusted, verified offers. This is the kind of content that builds long-term affiliate trust. [360/1000]",https://saasverdict.com/go/multilogin?utm_source=linkedin&utm_medium=auto_post&utm_campaign=SAAS50&utm_content=post0360
361,Browser automation,Quick update: Avoid browser fingerprint drift under repeated runs when you build reliable browser automation stacks. Our site is about discounts perform better when shared with trust and context for API integration quality. It helps Telegram communities convert more audiences by sharing trusted coupon evidence while staying smart on affiliate messaging. Check the verified promo and use SAAS50 for 50% off. This is the kind of content that builds long-term affiliate trust. [361/1000],https://saasverdict.com/go/multilogin?utm_source=linkedin&utm_medium=auto_post&utm_campaign=SAAS50&utm_content=post0361
362,Promo verification,Pro tip for browser ops teams: Avoid promo claims with no proof when you build reliable browser automation stacks. Our site is about discounts perform better when shared with trust and context for API integration quality. It helps Telegram communities convert more audiences by sharing trusted coupon evidence while staying smart on affiliate messaging. See the discount proof and apply SAAS50 at checkout. This is the kind of content that builds long-term affiliate trust. [362/1000],https://saasverdict.com/go/multilogin?utm_source=linkedin&utm_medium=auto_post&utm_campaign=SAAS50&utm_content=post0362
363,Affiliate trust,"Short reminder: Avoid fragile profile consistency when you build reliable browser automation stacks. Our site is about discounts perform better when shared with trust and context for API integration quality. It helps Telegram communities convert more audiences by sharing trusted coupon evidence while staying smart on affiliate messaging. Use SAAS50 when you buy, and share the verified savings path. This is the kind of content that builds long-term affiliate trust. [363/1000]",https://saasverdict.com/go/multilogin?utm_source=linkedin&utm_medium=auto_post&utm_campaign=SAAS50&utm_content=post0363
364,Multi-account ops,"Insight for automation engineers: Avoid API connection failures during scale when you build reliable browser automation stacks. Our site is about discounts perform better when shared with trust and context for API integration quality. It helps Telegram communities convert more audiences by sharing trusted coupon evidence while staying smart on affiliate messaging. Open the promo hub, validate the offer, and use SAAS50. That’s how you scale browser operations without burning credibility. [364/1000]",https://saasverdict.com/go/multilogin?utm_source=linkedin&utm_medium=auto_post&utm_campaign=SAAS50&utm_content=post0364
365,Workflow reliability,"If you care about multi-account reliability, note this: Avoid manual discount checks before checkout when you build reliable browser automation stacks. Our site is about discounts perform better when shared with trust and context for promo verification evidence. It helps Telegram communities convert more audiences by sharing trusted coupon evidence while staying smart on affiliate messaging. Use SAAS50 for your next Multilogin checkout with confidence. That’s how you scale browser operations without burning credibility. [365/1000]",https://saasverdict.com/go/multilogin?utm_source=linkedin&utm_medium=auto_post&utm_campaign=SAAS50&utm_content=post0365
366,API runbooks,Smart operators do this: Avoid privacy leaks in multi-account browsers when you build reliable browser automation stacks. Our site is about discounts perform better when shared with trust and context for promo verification evidence. It helps Telegram communities convert more audiences by sharing trusted coupon evidence while staying smart on affiliate messaging. Bookmark the comparison hub and use SAAS50 for a better deal. That’s how you scale browser operations without burning credibility. [366/1000],https://saasverdict.com/go/multilogin?utm_source=linkedin&utm_medium=auto_post&utm_campaign=SAAS50&utm_content=post0366
367,Privacy engineering,"Today’s note on browser privacy: Avoid team handoff friction with operational stacks when you build reliable browser automation stacks. Our site is about discounts perform better when shared with trust and context for promo verification evidence. It helps Telegram communities convert more audiences by sharing trusted coupon evidence while staying smart on affiliate messaging. Start with the reliability framework, then apply SAAS50. That’s how you scale browser operations without burning credibility. [367/1000]",https://saasverdict.com/go/multilogin?utm_source=linkedin&utm_medium=auto_post&utm_campaign=SAAS50&utm_content=post0367
368,Cost sustainability,Here’s a strong rule for scale: Avoid unreliable anti-detect browser setup when you build reliable browser automation stacks. Our site is about discounts perform better when shared with trust and context for promo verification evidence. It helps Telegram communities convert more audiences by sharing trusted coupon evidence while staying smart on affiliate messaging. Follow the evidence-first process and use SAAS50 if it fits. That’s how you scale browser operations without burning credibility. [368/1000],https://saasverdict.com/go/multilogin?utm_source=linkedin&utm_medium=auto_post&utm_campaign=SAAS50&utm_content=post0368
369,Review methodology,"A practical take: Avoid high subscription cost without a proper comparison when you build reliable browser automation stacks. Our site is about discounts perform better when shared with trust and context for promo verification evidence. It helps Telegram communities convert more audiences by sharing trusted coupon evidence while staying smart on affiliate messaging. Validate the stack, then apply SAAS50 for the discount. That’s how you scale browser operations without burning credibility. [369/1000]",https://saasverdict.com/go/multilogin?utm_source=linkedin&utm_medium=auto_post&utm_campaign=SAAS50&utm_content=post0369
370,Comparison hub,"If you manage accounts at scale, this helps: Avoid unclear vendor tradeoffs for automation projects when you build reliable browser automation stacks. Our site is about discounts perform better when shared with trust and context for promo verification evidence. It helps Telegram communities convert more audiences by sharing trusted coupon evidence while staying smart on affiliate messaging. Use SAAS50 and keep recommending trusted, verified offers. That’s how you scale browser operations without burning credibility. [370/1000]",https://saasverdict.com/go/multilogin?utm_source=linkedin&utm_medium=auto_post&utm_campaign=SAAS50&utm_content=post0370
371,Browser automation,Quick update: Avoid browser fingerprint drift under repeated runs when you build reliable browser automation stacks. Our site is about tool selection should prioritize profile stability and operational cost for promo verification evidence. It helps Telegram communities convert more audiences by sharing trusted coupon evidence while staying smart on affiliate messaging. Check the verified promo and use SAAS50 for 50% off. That’s how you scale browser operations without burning credibility. [371/1000],https://saasverdict.com/go/multilogin?utm_source=linkedin&utm_medium=auto_post&utm_campaign=SAAS50&utm_content=post0371
372,Promo verification,Pro tip for browser ops teams: Avoid promo claims with no proof when you build reliable browser automation stacks. Our site is about tool selection should prioritize profile stability and operational cost for team handoff reliability. It helps Telegram communities convert more audiences by sharing trusted coupon evidence while staying smart on affiliate messaging. See the discount proof and apply SAAS50 at checkout. That’s how you scale browser operations without burning credibility. [372/1000],https://saasverdict.com/go/multilogin?utm_source=linkedin&utm_medium=auto_post&utm_campaign=SAAS50&utm_content=post0372
373,Affiliate trust,"Short reminder: Avoid fragile profile consistency when you build trusted vendor proof before purchase. Our site is about tool selection should prioritize profile stability and operational cost for team handoff reliability. It helps Telegram communities convert more audiences by sharing trusted coupon evidence while staying smart on affiliate messaging. Use SAAS50 when you buy, and share the verified savings path. That’s how you scale browser operations without burning credibility. [373/1000]",https://saasverdict.com/go/multilogin?utm_source=linkedin&utm_medium=auto_post&utm_campaign=SAAS50&utm_content=post0373
374,Multi-account ops,"Insight for automation engineers: Avoid API connection failures during scale when you build trusted vendor proof before purchase. Our site is about tool selection should prioritize profile stability and operational cost for team handoff reliability. It helps Telegram communities convert more audiences by sharing trusted coupon evidence while staying smart on affiliate messaging. Open the promo hub, validate the offer, and use SAAS50. That’s how you scale browser operations without burning credibility. [374/1000]",https://saasverdict.com/go/multilogin?utm_source=linkedin&utm_medium=auto_post&utm_campaign=SAAS50&utm_content=post0374
375,Workflow reliability,"If you care about multi-account reliability, note this: Avoid manual discount checks before checkout when you build trusted vendor proof before purchase. Our site is about tool selection should prioritize profile stability and operational cost for team handoff reliability. It helps Twitter thread readers convert more audiences by sharing trusted coupon evidence while staying smart on affiliate messaging. Use SAAS50 for your next Multilogin checkout with confidence. That’s how you scale browser operations without burning credibility. [375/1000]",https://saasverdict.com/go/multilogin?utm_source=linkedin&utm_medium=auto_post&utm_campaign=SAAS50&utm_content=post0375
376,API runbooks,Smart operators do this: Avoid privacy leaks in multi-account browsers when you build trusted vendor proof before purchase. Our site is about tool selection should prioritize profile stability and operational cost for team handoff reliability. It helps Twitter thread readers reduce risk in paid account operations while staying smart on affiliate messaging. Bookmark the comparison hub and use SAAS50 for a better deal. That’s how you scale browser operations without burning credibility. [376/1000],https://saasverdict.com/go/multilogin?utm_source=linkedin&utm_medium=auto_post&utm_campaign=SAAS50&utm_content=post0376
377,Privacy engineering,"Today’s note on browser privacy: Avoid team handoff friction with operational stacks when you build trusted vendor proof before purchase. Our site is about tool selection should prioritize profile stability and operational cost for team handoff reliability. It helps Twitter thread readers reduce risk in paid account operations while staying smart on affiliate messaging. Start with the reliability framework, then apply SAAS50. That’s how you scale browser operations without burning credibility. [377/1000]",https://saasverdict.com/go/multilogin?utm_source=linkedin&utm_medium=auto_post&utm_campaign=SAAS50&utm_content=post0377
378,Cost sustainability,Here’s a strong rule for scale: Avoid unreliable anti-detect browser setup when you build trusted vendor proof before purchase. Our site is about tool selection should prioritize profile stability and operational cost for team handoff reliability. It helps Twitter thread readers reduce risk in paid account operations while staying smart on affiliate messaging. Follow the evidence-first process and use SAAS50 if it fits. That’s how you scale browser operations without burning credibility. [378/1000],https://saasverdict.com/go/multilogin?utm_source=linkedin&utm_medium=auto_post&utm_campaign=SAAS50&utm_content=post0378
379,Review methodology,"A practical take: Avoid high subscription cost without a proper comparison when you build trusted vendor proof before purchase. Our site is about tool selection should prioritize profile stability and operational cost for leak and fingerprint parity. It helps Twitter thread readers reduce risk in paid account operations while staying smart on affiliate messaging. Validate the stack, then apply SAAS50 for the discount. That’s how you scale browser operations without burning credibility. [379/1000]",https://saasverdict.com/go/multilogin?utm_source=linkedin&utm_medium=auto_post&utm_campaign=SAAS50&utm_content=post0379
380,Comparison hub,"If you manage accounts at scale, this helps: Avoid unclear vendor tradeoffs for automation projects when you build trusted vendor proof before purchase. Our site is about tool selection should prioritize profile stability and operational cost for leak and fingerprint parity. It helps Twitter thread readers reduce risk in paid account operations while staying smart on affiliate messaging. Use SAAS50 and keep recommending trusted, verified offers. That’s how you scale browser operations without burning credibility. [380/1000]",https://saasverdict.com/go/multilogin?utm_source=linkedin&utm_medium=auto_post&utm_campaign=SAAS50&utm_content=post0380
381,Browser automation,Quick update: Avoid browser fingerprint drift under repeated runs when you build trusted vendor proof before purchase. Our site is about multi-account operations need both privacy controls and workflow quality for leak and fingerprint parity. It helps Twitter thread readers reduce risk in paid account operations while staying smart on affiliate messaging. Check the verified promo and use SAAS50 for 50% off. That’s how you scale browser operations without burning credibility. [381/1000],https://saasverdict.com/go/multilogin?utm_source=linkedin&utm_medium=auto_post&utm_campaign=SAAS50&utm_content=post0381
382,Promo verification,Pro tip for browser ops teams: Avoid promo claims with no proof when you build trusted vendor proof before purchase. Our site is about multi-account operations need both privacy controls and workflow quality for leak and fingerprint parity. It helps Twitter thread readers reduce risk in paid account operations while staying smart on affiliate messaging. See the discount proof and apply SAAS50 at checkout. That’s how you scale browser operations without burning credibility. [382/1000],https://saasverdict.com/go/multilogin?utm_source=linkedin&utm_medium=auto_post&utm_campaign=SAAS50&utm_content=post0382
383,Affiliate trust,"Short reminder: Avoid fragile profile consistency when you build trusted vendor proof before purchase. Our site is about multi-account operations need both privacy controls and workflow quality for leak and fingerprint parity. It helps Twitter thread readers reduce risk in paid account operations while staying smart on affiliate messaging. Use SAAS50 when you buy, and share the verified savings path. That’s how you scale browser operations without burning credibility. [383/1000]",https://saasverdict.com/go/multilogin?utm_source=linkedin&utm_medium=auto_post&utm_campaign=SAAS50&utm_content=post0383
384,Multi-account ops,"Insight for automation engineers: Avoid API connection failures during scale when you build trusted vendor proof before purchase. Our site is about multi-account operations need both privacy controls and workflow quality for leak and fingerprint parity. It helps Twitter thread readers reduce risk in paid account operations while staying smart on affiliate messaging. Open the promo hub, validate the offer, and use SAAS50. That’s how you scale browser operations without burning credibility. [384/1000]",https://saasverdict.com/go/multilogin?utm_source=linkedin&utm_medium=auto_post&utm_campaign=SAAS50&utm_content=post0384
385,Workflow reliability,"If you care about multi-account reliability, note this: Avoid manual discount checks before checkout when you build technical decision support for account ops. Our site is about multi-account operations need both privacy controls and workflow quality for leak and fingerprint parity. It helps Twitter thread readers reduce risk in paid account operations while staying smart on affiliate messaging. Use SAAS50 for your next Multilogin checkout with confidence. That’s how you scale browser operations without burning credibility. [385/1000]",https://saasverdict.com/go/multilogin?utm_source=linkedin&utm_medium=auto_post&utm_campaign=SAAS50&utm_content=post0385
386,API runbooks,Smart operators do this: Avoid privacy leaks in multi-account browsers when you build technical decision support for account ops. Our site is about multi-account operations need both privacy controls and workflow quality for operational cost transparency. It helps Twitter thread readers reduce risk in paid account operations while staying smart on affiliate messaging. Bookmark the comparison hub and use SAAS50 for a better deal. That’s how you scale browser operations without burning credibility. [386/1000],https://saasverdict.com/go/multilogin?utm_source=linkedin&utm_medium=auto_post&utm_campaign=SAAS50&utm_content=post0386
387,Privacy engineering,"Today’s note on browser privacy: Avoid team handoff friction with operational stacks when you build technical decision support for account ops. Our site is about multi-account operations need both privacy controls and workflow quality for operational cost transparency. It helps Twitter thread readers reduce risk in paid account operations while staying smart on affiliate messaging. Start with the reliability framework, then apply SAAS50. That’s how you scale browser operations without burning credibility. [387/1000]",https://saasverdict.com/go/multilogin?utm_source=linkedin&utm_medium=auto_post&utm_campaign=SAAS50&utm_content=post0387
388,Cost sustainability,Here’s a strong rule for scale: Avoid unreliable anti-detect browser setup when you build technical decision support for account ops. Our site is about multi-account operations need both privacy controls and workflow quality for operational cost transparency. It helps Twitter thread readers reduce risk in paid account operations while staying smart on affiliate messaging. Follow the evidence-first process and use SAAS50 if it fits. That’s how you scale browser operations without burning credibility. [388/1000],https://saasverdict.com/go/multilogin?utm_source=linkedin&utm_medium=auto_post&utm_campaign=SAAS50&utm_content=post0388
389,Review methodology,"A practical take: Avoid high subscription cost without a proper comparison when you build technical decision support for account ops. Our site is about multi-account operations need both privacy controls and workflow quality for operational cost transparency. It helps Twitter thread readers reduce risk in paid account operations while staying smart on affiliate messaging. Validate the stack, then apply SAAS50 for the discount. That’s how you scale browser operations without burning credibility. [389/1000]",https://saasverdict.com/go/multilogin?utm_source=linkedin&utm_medium=auto_post&utm_campaign=SAAS50&utm_content=post0389
390,Comparison hub,"If you manage accounts at scale, this helps: Avoid unclear vendor tradeoffs for automation projects when you build technical decision support for account ops. Our site is about multi-account operations need both privacy controls and workflow quality for operational cost transparency. It helps Twitter thread readers reduce risk in paid account operations while staying smart on affiliate messaging. Use SAAS50 and keep recommending trusted, verified offers. That’s how you scale browser operations without burning credibility. [390/1000]",https://saasverdict.com/go/multilogin?utm_source=linkedin&utm_medium=auto_post&utm_campaign=SAAS50&utm_content=post0390
391,Browser automation,Quick update: Avoid browser fingerprint drift under repeated runs when you build technical decision support for account ops. Our site is about automation scaling succeeds when you verify every new browser profile path for operational cost transparency. It helps Twitter thread readers reduce risk in paid account operations while staying smart on affiliate messaging. Check the verified promo and use SAAS50 for 50% off. That’s how you scale browser operations without burning credibility. [391/1000],https://saasverdict.com/go/multilogin?utm_source=linkedin&utm_medium=auto_post&utm_campaign=SAAS50&utm_content=post0391
392,Promo verification,Pro tip for browser ops teams: Avoid promo claims with no proof when you build technical decision support for account ops. Our site is about automation scaling succeeds when you verify every new browser profile path for operational cost transparency. It helps automation groups reduce risk in paid account operations while staying smart on affiliate messaging. See the discount proof and apply SAAS50 at checkout. That’s how you scale browser operations without burning credibility. [392/1000],https://saasverdict.com/go/multilogin?utm_source=linkedin&utm_medium=auto_post&utm_campaign=SAAS50&utm_content=post0392
393,Affiliate trust,"Short reminder: Avoid fragile profile consistency when you build technical decision support for account ops. Our site is about automation scaling succeeds when you verify every new browser profile path for browser privacy controls. It helps automation groups reduce risk in paid account operations while staying smart on affiliate messaging. Use SAAS50 when you buy, and share the verified savings path. That’s how you scale browser operations without burning credibility. [393/1000]",https://saasverdict.com/go/multilogin?utm_source=linkedin&utm_medium=auto_post&utm_campaign=SAAS50&utm_content=post0393
394,Multi-account ops,"Insight for automation engineers: Avoid API connection failures during scale when you build technical decision support for account ops. Our site is about automation scaling succeeds when you verify every new browser profile path for browser privacy controls. It helps automation groups reduce risk in paid account operations while staying smart on affiliate messaging. Open the promo hub, validate the offer, and use SAAS50. That’s how you scale browser operations without burning credibility. [394/1000]",https://saasverdict.com/go/multilogin?utm_source=linkedin&utm_medium=auto_post&utm_campaign=SAAS50&utm_content=post0394
395,Workflow reliability,"If you care about multi-account reliability, note this: Avoid manual discount checks before checkout when you build technical decision support for account ops. Our site is about automation scaling succeeds when you verify every new browser profile path for browser privacy controls. It helps automation groups reduce risk in paid account operations while staying smart on affiliate messaging. Use SAAS50 for your next Multilogin checkout with confidence. That’s how you scale browser operations without burning credibility. [395/1000]",https://saasverdict.com/go/multilogin?utm_source=linkedin&utm_medium=auto_post&utm_campaign=SAAS50&utm_content=post0395
396,API runbooks,Smart operators do this: Avoid privacy leaks in multi-account browsers when you build technical decision support for account ops. Our site is about automation scaling succeeds when you verify every new browser profile path for browser privacy controls. It helps automation groups reduce risk in paid account operations while staying smart on affiliate messaging. Bookmark the comparison hub and use SAAS50 for a better deal. That’s how you scale browser operations without burning credibility. [396/1000],https://saasverdict.com/go/multilogin?utm_source=linkedin&utm_medium=auto_post&utm_campaign=SAAS50&utm_content=post0396
397,Privacy engineering,"Today’s note on browser privacy: Avoid team handoff friction with operational stacks when you build compliance-aware automation playbooks. Our site is about automation scaling succeeds when you verify every new browser profile path for browser privacy controls. It helps automation groups reduce risk in paid account operations while staying smart on affiliate messaging. Start with the reliability framework, then apply SAAS50. A strong affiliate strategy starts with useful technical insight. [397/1000]",https://saasverdict.com/go/multilogin?utm_source=linkedin&utm_medium=auto_post&utm_campaign=SAAS50&utm_content=post0397
398,Cost sustainability,Here’s a strong rule for scale: Avoid unreliable anti-detect browser setup when you build compliance-aware automation playbooks. Our site is about automation scaling succeeds when you verify every new browser profile path for browser privacy controls. It helps automation groups reduce risk in paid account operations while staying smart on affiliate messaging. Follow the evidence-first process and use SAAS50 if it fits. A strong affiliate strategy starts with useful technical insight. [398/1000],https://saasverdict.com/go/multilogin?utm_source=linkedin&utm_medium=auto_post&utm_campaign=SAAS50&utm_content=post0398
399,Review methodology,"A practical take: Avoid high subscription cost without a proper comparison when you build compliance-aware automation playbooks. Our site is about automation scaling succeeds when you verify every new browser profile path for browser privacy controls. It helps automation groups reduce risk in paid account operations while staying smart on affiliate messaging. Validate the stack, then apply SAAS50 for the discount. A strong affiliate strategy starts with useful technical insight. [399/1000]",https://saasverdict.com/go/multilogin?utm_source=linkedin&utm_medium=auto_post&utm_campaign=SAAS50&utm_content=post0399
400,Comparison hub,"If you manage accounts at scale, this helps: Avoid unclear vendor tradeoffs for automation projects when you build compliance-aware automation playbooks. Our site is about automation scaling succeeds when you verify every new browser profile path for discount validity checks. It helps automation groups reduce risk in paid account operations while staying smart on affiliate messaging. Use SAAS50 and keep recommending trusted, verified offers. A strong affiliate strategy starts with useful technical insight. [400/1000]",https://saasverdict.com/go/multilogin?utm_source=linkedin&utm_medium=auto_post&utm_campaign=SAAS50&utm_content=post0400
401,Browser automation,Quick update: Avoid browser fingerprint drift under repeated runs when you build compliance-aware automation playbooks. Our site is about reliability-first comparisons beat feature lists when you want a stable stack for discount validity checks. It helps automation groups stay in compliance while still selling privacy-first value while staying smart on affiliate messaging. Check the verified promo and use SAAS50 for 50% off. A strong affiliate strategy starts with useful technical insight. [401/1000],https://saasverdict.com/go/multilogin?utm_source=linkedin&utm_medium=auto_post&utm_campaign=SAAS50&utm_content=post0401
402,Promo verification,Pro tip for browser ops teams: Avoid promo claims with no proof when you build compliance-aware automation playbooks. Our site is about reliability-first comparisons beat feature lists when you want a stable stack for discount validity checks. It helps automation groups stay in compliance while still selling privacy-first value while staying smart on affiliate messaging. See the discount proof and apply SAAS50 at checkout. A strong affiliate strategy starts with useful technical insight. [402/1000],https://saasverdict.com/go/multilogin?utm_source=linkedin&utm_medium=auto_post&utm_campaign=SAAS50&utm_content=post0402
403,Affiliate trust,"Short reminder: Avoid fragile profile consistency when you build compliance-aware automation playbooks. Our site is about reliability-first comparisons beat feature lists when you want a stable stack for discount validity checks. It helps automation groups stay in compliance while still selling privacy-first value while staying smart on affiliate messaging. Use SAAS50 when you buy, and share the verified savings path. A strong affiliate strategy starts with useful technical insight. [403/1000]",https://saasverdict.com/go/multilogin?utm_source=linkedin&utm_medium=auto_post&utm_campaign=SAAS50&utm_content=post0403
404,Multi-account ops,"Insight for automation engineers: Avoid API connection failures during scale when you build compliance-aware automation playbooks. Our site is about reliability-first comparisons beat feature lists when you want a stable stack for discount validity checks. It helps automation groups stay in compliance while still selling privacy-first value while staying smart on affiliate messaging. Open the promo hub, validate the offer, and use SAAS50. A strong affiliate strategy starts with useful technical insight. [404/1000]",https://saasverdict.com/go/multilogin?utm_source=linkedin&utm_medium=auto_post&utm_campaign=SAAS50&utm_content=post0404
405,Workflow reliability,"If you care about multi-account reliability, note this: Avoid manual discount checks before checkout when you build compliance-aware automation playbooks. Our site is about reliability-first comparisons beat feature lists when you want a stable stack for discount validity checks. It helps automation groups stay in compliance while still selling privacy-first value while staying smart on affiliate messaging. Use SAAS50 for your next Multilogin checkout with confidence. A strong affiliate strategy starts with useful technical insight. [405/1000]",https://saasverdict.com/go/multilogin?utm_source=linkedin&utm_medium=auto_post&utm_campaign=SAAS50&utm_content=post0405
406,API runbooks,Smart operators do this: Avoid privacy leaks in multi-account browsers when you build compliance-aware automation playbooks. Our site is about reliability-first comparisons beat feature lists when you want a stable stack for discount validity checks. It helps automation groups stay in compliance while still selling privacy-first value while staying smart on affiliate messaging. Bookmark the comparison hub and use SAAS50 for a better deal. A strong affiliate strategy starts with useful technical insight. [406/1000],https://saasverdict.com/go/multilogin?utm_source=linkedin&utm_medium=auto_post&utm_campaign=SAAS50&utm_content=post0406
407,Privacy engineering,"Today’s note on browser privacy: Avoid team handoff friction with operational stacks when you build compliance-aware automation playbooks. Our site is about reliability-first comparisons beat feature lists when you want a stable stack for multi-account workflow resilience. It helps automation groups stay in compliance while still selling privacy-first value while staying smart on affiliate messaging. Start with the reliability framework, then apply SAAS50. A strong affiliate strategy starts with useful technical insight. [407/1000]",https://saasverdict.com/go/multilogin?utm_source=linkedin&utm_medium=auto_post&utm_campaign=SAAS50&utm_content=post0407
408,Cost sustainability,Here’s a strong rule for scale: Avoid unreliable anti-detect browser setup when you build compliance-aware automation playbooks. Our site is about reliability-first comparisons beat feature lists when you want a stable stack for multi-account workflow resilience. It helps automation groups stay in compliance while still selling privacy-first value while staying smart on affiliate messaging. Follow the evidence-first process and use SAAS50 if it fits. A strong affiliate strategy starts with useful technical insight. [408/1000],https://saasverdict.com/go/multilogin?utm_source=linkedin&utm_medium=auto_post&utm_campaign=SAAS50&utm_content=post0408
409,Review methodology,"A practical take: Avoid high subscription cost without a proper comparison when you build risk-aware tools for market research. Our site is about reliability-first comparisons beat feature lists when you want a stable stack for multi-account workflow resilience. It helps affiliate funnels stay in compliance while still selling privacy-first value while staying smart on affiliate messaging. Validate the stack, then apply SAAS50 for the discount. A strong affiliate strategy starts with useful technical insight. [409/1000]",https://saasverdict.com/go/multilogin?utm_source=linkedin&utm_medium=auto_post&utm_campaign=SAAS50&utm_content=post0409
410,Comparison hub,"If you manage accounts at scale, this helps: Avoid unclear vendor tradeoffs for automation projects when you build risk-aware tools for market research. Our site is about reliability-first comparisons beat feature lists when you want a stable stack for multi-account workflow resilience. It helps affiliate funnels stay in compliance while still selling privacy-first value while staying smart on affiliate messaging. Use SAAS50 and keep recommending trusted, verified offers. A strong affiliate strategy starts with useful technical insight. [410/1000]",https://saasverdict.com/go/multilogin?utm_source=linkedin&utm_medium=auto_post&utm_campaign=SAAS50&utm_content=post0410
411,Browser automation,Quick update: Avoid browser fingerprint drift under repeated runs when you build risk-aware tools for market research. Our site is about promo verification keeps you from paying full price for unreliable claims for multi-account workflow resilience. It helps affiliate funnels stay in compliance while still selling privacy-first value while staying smart on affiliate messaging. Check the verified promo and use SAAS50 for 50% off. A strong affiliate strategy starts with useful technical insight. [411/1000],https://saasverdict.com/go/multilogin?utm_source=linkedin&utm_medium=auto_post&utm_campaign=SAAS50&utm_content=post0411
412,Promo verification,Pro tip for browser ops teams: Avoid promo claims with no proof when you build risk-aware tools for market research. Our site is about promo verification keeps you from paying full price for unreliable claims for multi-account workflow resilience. It helps affiliate funnels stay in compliance while still selling privacy-first value while staying smart on affiliate messaging. See the discount proof and apply SAAS50 at checkout. A strong affiliate strategy starts with useful technical insight. [412/1000],https://saasverdict.com/go/multilogin?utm_source=linkedin&utm_medium=auto_post&utm_campaign=SAAS50&utm_content=post0412
413,Affiliate trust,"Short reminder: Avoid fragile profile consistency when you build risk-aware tools for market research. Our site is about promo verification keeps you from paying full price for unreliable claims for multi-account workflow resilience. It helps affiliate funnels stay in compliance while still selling privacy-first value while staying smart on affiliate messaging. Use SAAS50 when you buy, and share the verified savings path. A strong affiliate strategy starts with useful technical insight. [413/1000]",https://saasverdict.com/go/multilogin?utm_source=linkedin&utm_medium=auto_post&utm_campaign=SAAS50&utm_content=post0413
414,Multi-account ops,"Insight for automation engineers: Avoid API connection failures during scale when you build risk-aware tools for market research. Our site is about promo verification keeps you from paying full price for unreliable claims for comparison clarity for buyers. It helps affiliate funnels stay in compliance while still selling privacy-first value while staying smart on affiliate messaging. Open the promo hub, validate the offer, and use SAAS50. A strong affiliate strategy starts with useful technical insight. [414/1000]",https://saasverdict.com/go/multilogin?utm_source=linkedin&utm_medium=auto_post&utm_campaign=SAAS50&utm_content=post0414
415,Workflow reliability,"If you care about multi-account reliability, note this: Avoid manual discount checks before checkout when you build risk-aware tools for market research. Our site is about promo verification keeps you from paying full price for unreliable claims for comparison clarity for buyers. It helps affiliate funnels stay in compliance while still selling privacy-first value while staying smart on affiliate messaging. Use SAAS50 for your next Multilogin checkout with confidence. A strong affiliate strategy starts with useful technical insight. [415/1000]",https://saasverdict.com/go/multilogin?utm_source=linkedin&utm_medium=auto_post&utm_campaign=SAAS50&utm_content=post0415
416,API runbooks,Smart operators do this: Avoid privacy leaks in multi-account browsers when you build risk-aware tools for market research. Our site is about promo verification keeps you from paying full price for unreliable claims for comparison clarity for buyers. It helps affiliate funnels stay in compliance while still selling privacy-first value while staying smart on affiliate messaging. Bookmark the comparison hub and use SAAS50 for a better deal. A strong affiliate strategy starts with useful technical insight. [416/1000],https://saasverdict.com/go/multilogin?utm_source=linkedin&utm_medium=auto_post&utm_campaign=SAAS50&utm_content=post0416
417,Privacy engineering,"Today’s note on browser privacy: Avoid team handoff friction with operational stacks when you build risk-aware tools for market research. Our site is about promo verification keeps you from paying full price for unreliable claims for comparison clarity for buyers. It helps affiliate funnels stay in compliance while still selling privacy-first value while staying smart on affiliate messaging. Start with the reliability framework, then apply SAAS50. A strong affiliate strategy starts with useful technical insight. [417/1000]",https://saasverdict.com/go/multilogin?utm_source=linkedin&utm_medium=auto_post&utm_campaign=SAAS50&utm_content=post0417
418,Cost sustainability,Here’s a strong rule for scale: Avoid unreliable anti-detect browser setup when you build risk-aware tools for market research. Our site is about promo verification keeps you from paying full price for unreliable claims for comparison clarity for buyers. It helps affiliate funnels stay in compliance while still selling privacy-first value while staying smart on affiliate messaging. Follow the evidence-first process and use SAAS50 if it fits. A strong affiliate strategy starts with useful technical insight. [418/1000],https://saasverdict.com/go/multilogin?utm_source=linkedin&utm_medium=auto_post&utm_campaign=SAAS50&utm_content=post0418
419,Review methodology,"A practical take: Avoid high subscription cost without a proper comparison when you build risk-aware tools for market research. Our site is about promo verification keeps you from paying full price for unreliable claims for comparison clarity for buyers. It helps affiliate funnels stay in compliance while still selling privacy-first value while staying smart on affiliate messaging. Validate the stack, then apply SAAS50 for the discount. A strong affiliate strategy starts with useful technical insight. [419/1000]",https://saasverdict.com/go/multilogin?utm_source=linkedin&utm_medium=auto_post&utm_campaign=SAAS50&utm_content=post0419
420,Comparison hub,"If you manage accounts at scale, this helps: Avoid unclear vendor tradeoffs for automation projects when you build risk-aware tools for market research. Our site is about promo verification keeps you from paying full price for unreliable claims for comparison clarity for buyers. It helps affiliate funnels stay in compliance while still selling privacy-first value while staying smart on affiliate messaging. Use SAAS50 and keep recommending trusted, verified offers. A strong affiliate strategy starts with useful technical insight. [420/1000]",https://saasverdict.com/go/multilogin?utm_source=linkedin&utm_medium=auto_post&utm_campaign=SAAS50&utm_content=post0420
421,Browser automation,Quick update: Avoid browser fingerprint drift under repeated runs when you build proof-first promo sharing. Our site is about a decision workflow is better than chasing every new tool for browser profile stability. It helps affiliate funnels stay in compliance while still selling privacy-first value while staying smart on affiliate messaging. Check the verified promo and use SAAS50 for 50% off. A strong affiliate strategy starts with useful technical insight. [421/1000],https://saasverdict.com/go/multilogin?utm_source=linkedin&utm_medium=auto_post&utm_campaign=SAAS50&utm_content=post0421
422,Promo verification,Pro tip for browser ops teams: Avoid promo claims with no proof when you build proof-first promo sharing. Our site is about a decision workflow is better than chasing every new tool for browser profile stability. It helps affiliate funnels stay in compliance while still selling privacy-first value while staying smart on affiliate messaging. See the discount proof and apply SAAS50 at checkout. A strong affiliate strategy starts with useful technical insight. [422/1000],https://saasverdict.com/go/multilogin?utm_source=linkedin&utm_medium=auto_post&utm_campaign=SAAS50&utm_content=post0422
423,Affiliate trust,"Short reminder: Avoid fragile profile consistency when you build proof-first promo sharing. Our site is about a decision workflow is better than chasing every new tool for browser profile stability. It helps affiliate funnels stay in compliance while still selling privacy-first value while staying smart on affiliate messaging. Use SAAS50 when you buy, and share the verified savings path. A strong affiliate strategy starts with useful technical insight. [423/1000]",https://saasverdict.com/go/multilogin?utm_source=linkedin&utm_medium=auto_post&utm_campaign=SAAS50&utm_content=post0423
424,Multi-account ops,"Insight for automation engineers: Avoid API connection failures during scale when you build proof-first promo sharing. Our site is about a decision workflow is better than chasing every new tool for browser profile stability. It helps affiliate funnels stay in compliance while still selling privacy-first value while staying smart on affiliate messaging. Open the promo hub, validate the offer, and use SAAS50. A strong affiliate strategy starts with useful technical insight. [424/1000]",https://saasverdict.com/go/multilogin?utm_source=linkedin&utm_medium=auto_post&utm_campaign=SAAS50&utm_content=post0424
425,Workflow reliability,"If you care about multi-account reliability, note this: Avoid manual discount checks before checkout when you build proof-first promo sharing. Our site is about a decision workflow is better than chasing every new tool for browser profile stability. It helps affiliate funnels stay in compliance while still selling privacy-first value while staying smart on affiliate messaging. Use SAAS50 for your next Multilogin checkout with confidence. A strong affiliate strategy starts with useful technical insight. [425/1000]",https://saasverdict.com/go/multilogin?utm_source=linkedin&utm_medium=auto_post&utm_campaign=SAAS50&utm_content=post0425
426,API runbooks,Smart operators do this: Avoid privacy leaks in multi-account browsers when you build proof-first promo sharing. Our site is about a decision workflow is better than chasing every new tool for browser profile stability. It helps browser ops channels use a structured checklist rather than guesswork while staying smart on affiliate messaging. Bookmark the comparison hub and use SAAS50 for a better deal. A strong affiliate strategy starts with useful technical insight. [426/1000],https://saasverdict.com/go/multilogin?utm_source=linkedin&utm_medium=auto_post&utm_campaign=SAAS50&utm_content=post0426
427,Privacy engineering,"Today’s note on browser privacy: Avoid team handoff friction with operational stacks when you build proof-first promo sharing. Our site is about a decision workflow is better than chasing every new tool for browser profile stability. It helps browser ops channels use a structured checklist rather than guesswork while staying smart on affiliate messaging. Start with the reliability framework, then apply SAAS50. A strong affiliate strategy starts with useful technical insight. [427/1000]",https://saasverdict.com/go/multilogin?utm_source=linkedin&utm_medium=auto_post&utm_campaign=SAAS50&utm_content=post0427
428,Cost sustainability,Here’s a strong rule for scale: Avoid unreliable anti-detect browser setup when you build proof-first promo sharing. Our site is about a decision workflow is better than chasing every new tool for API integration quality. It helps browser ops channels use a structured checklist rather than guesswork while staying smart on affiliate messaging. Follow the evidence-first process and use SAAS50 if it fits. A strong affiliate strategy starts with useful technical insight. [428/1000],https://saasverdict.com/go/multilogin?utm_source=linkedin&utm_medium=auto_post&utm_campaign=SAAS50&utm_content=post0428
429,Review methodology,"A practical take: Avoid high subscription cost without a proper comparison when you build proof-first promo sharing. Our site is about a decision workflow is better than chasing every new tool for API integration quality. It helps browser ops channels use a structured checklist rather than guesswork while staying smart on affiliate messaging. Validate the stack, then apply SAAS50 for the discount. A strong affiliate strategy starts with useful technical insight. [429/1000]",https://saasverdict.com/go/multilogin?utm_source=linkedin&utm_medium=auto_post&utm_campaign=SAAS50&utm_content=post0429
430,Comparison hub,"If you manage accounts at scale, this helps: Avoid unclear vendor tradeoffs for automation projects when you build proof-first promo sharing. Our site is about a decision workflow is better than chasing every new tool for API integration quality. It helps browser ops channels use a structured checklist rather than guesswork while staying smart on affiliate messaging. Use SAAS50 and keep recommending trusted, verified offers. This keeps your promo posts smart, not spammy. [430/1000]",https://saasverdict.com/go/multilogin?utm_source=linkedin&utm_medium=auto_post&utm_campaign=SAAS50&utm_content=post0430
431,Browser automation,"Quick update: Avoid browser fingerprint drift under repeated runs when you build proof-first promo sharing. Our site is about API runbooks reduce downtime and release risk for API integration quality. It helps browser ops channels use a structured checklist rather than guesswork while staying smart on affiliate messaging. Check the verified promo and use SAAS50 for 50% off. This keeps your promo posts smart, not spammy. [431/1000]",https://saasverdict.com/go/multilogin?utm_source=linkedin&utm_medium=auto_post&utm_campaign=SAAS50&utm_content=post0431
432,Promo verification,"Pro tip for browser ops teams: Avoid promo claims with no proof when you build proof-first promo sharing. Our site is about API runbooks reduce downtime and release risk for API integration quality. It helps browser ops channels use a structured checklist rather than guesswork while staying smart on affiliate messaging. See the discount proof and apply SAAS50 at checkout. This keeps your promo posts smart, not spammy. [432/1000]",https://saasverdict.com/go/multilogin?utm_source=linkedin&utm_medium=auto_post&utm_campaign=SAAS50&utm_content=post0432
433,Affiliate trust,"Short reminder: Avoid fragile profile consistency when you build quality-first affiliate recommendations. Our site is about API runbooks reduce downtime and release risk for API integration quality. It helps browser ops channels use a structured checklist rather than guesswork while staying smart on affiliate messaging. Use SAAS50 when you buy, and share the verified savings path. This keeps your promo posts smart, not spammy. [433/1000]",https://saasverdict.com/go/multilogin?utm_source=linkedin&utm_medium=auto_post&utm_campaign=SAAS50&utm_content=post0433
434,Multi-account ops,"Insight for automation engineers: Avoid API connection failures during scale when you build quality-first affiliate recommendations. Our site is about API runbooks reduce downtime and release risk for API integration quality. It helps browser ops channels use a structured checklist rather than guesswork while staying smart on affiliate messaging. Open the promo hub, validate the offer, and use SAAS50. This keeps your promo posts smart, not spammy. [434/1000]",https://saasverdict.com/go/multilogin?utm_source=linkedin&utm_medium=auto_post&utm_campaign=SAAS50&utm_content=post0434
435,Workflow reliability,"If you care about multi-account reliability, note this: Avoid manual discount checks before checkout when you build quality-first affiliate recommendations. Our site is about API runbooks reduce downtime and release risk for promo verification evidence. It helps browser ops channels use a structured checklist rather than guesswork while staying smart on affiliate messaging. Use SAAS50 for your next Multilogin checkout with confidence. This keeps your promo posts smart, not spammy. [435/1000]",https://saasverdict.com/go/multilogin?utm_source=linkedin&utm_medium=auto_post&utm_campaign=SAAS50&utm_content=post0435
436,API runbooks,"Smart operators do this: Avoid privacy leaks in multi-account browsers when you build quality-first affiliate recommendations. Our site is about API runbooks reduce downtime and release risk for promo verification evidence. It helps browser ops channels use a structured checklist rather than guesswork while staying smart on affiliate messaging. Bookmark the comparison hub and use SAAS50 for a better deal. This keeps your promo posts smart, not spammy. [436/1000]",https://saasverdict.com/go/multilogin?utm_source=linkedin&utm_medium=auto_post&utm_campaign=SAAS50&utm_content=post0436
437,Privacy engineering,"Today’s note on browser privacy: Avoid team handoff friction with operational stacks when you build quality-first affiliate recommendations. Our site is about API runbooks reduce downtime and release risk for promo verification evidence. It helps browser ops channels use a structured checklist rather than guesswork while staying smart on affiliate messaging. Start with the reliability framework, then apply SAAS50. This keeps your promo posts smart, not spammy. [437/1000]",https://saasverdict.com/go/multilogin?utm_source=linkedin&utm_medium=auto_post&utm_campaign=SAAS50&utm_content=post0437
438,Cost sustainability,"Here’s a strong rule for scale: Avoid unreliable anti-detect browser setup when you build quality-first affiliate recommendations. Our site is about API runbooks reduce downtime and release risk for promo verification evidence. It helps browser ops channels use a structured checklist rather than guesswork while staying smart on affiliate messaging. Follow the evidence-first process and use SAAS50 if it fits. This keeps your promo posts smart, not spammy. [438/1000]",https://saasverdict.com/go/multilogin?utm_source=linkedin&utm_medium=auto_post&utm_campaign=SAAS50&utm_content=post0438
439,Review methodology,"A practical take: Avoid high subscription cost without a proper comparison when you build quality-first affiliate recommendations. Our site is about API runbooks reduce downtime and release risk for promo verification evidence. It helps browser ops channels use a structured checklist rather than guesswork while staying smart on affiliate messaging. Validate the stack, then apply SAAS50 for the discount. This keeps your promo posts smart, not spammy. [439/1000]",https://saasverdict.com/go/multilogin?utm_source=linkedin&utm_medium=auto_post&utm_campaign=SAAS50&utm_content=post0439
440,Comparison hub,"If you manage accounts at scale, this helps: Avoid unclear vendor tradeoffs for automation projects when you build quality-first affiliate recommendations. Our site is about API runbooks reduce downtime and release risk for promo verification evidence. It helps browser ops channels use a structured checklist rather than guesswork while staying smart on affiliate messaging. Use SAAS50 and keep recommending trusted, verified offers. This keeps your promo posts smart, not spammy. [440/1000]",https://saasverdict.com/go/multilogin?utm_source=linkedin&utm_medium=auto_post&utm_campaign=SAAS50&utm_content=post0440
441,Browser automation,"Quick update: Avoid browser fingerprint drift under repeated runs when you build quality-first affiliate recommendations. Our site is about evidence-based guides make affiliate recommendations credible and sustainable for promo verification evidence. It helps browser ops channels use a structured checklist rather than guesswork while staying smart on affiliate messaging. Check the verified promo and use SAAS50 for 50% off. This keeps your promo posts smart, not spammy. [441/1000]",https://saasverdict.com/go/multilogin?utm_source=linkedin&utm_medium=auto_post&utm_campaign=SAAS50&utm_content=post0441
442,Promo verification,"Pro tip for browser ops teams: Avoid promo claims with no proof when you build quality-first affiliate recommendations. Our site is about evidence-based guides make affiliate recommendations credible and sustainable for team handoff reliability. It helps browser ops channels use a structured checklist rather than guesswork while staying smart on affiliate messaging. See the discount proof and apply SAAS50 at checkout. This keeps your promo posts smart, not spammy. [442/1000]",https://saasverdict.com/go/multilogin?utm_source=linkedin&utm_medium=auto_post&utm_campaign=SAAS50&utm_content=post0442
443,Affiliate trust,"Short reminder: Avoid fragile profile consistency when you build quality-first affiliate recommendations. Our site is about evidence-based guides make affiliate recommendations credible and sustainable for team handoff reliability. It helps privacy-savvy teams use a structured checklist rather than guesswork while staying smart on affiliate messaging. Use SAAS50 when you buy, and share the verified savings path. This keeps your promo posts smart, not spammy. [443/1000]",https://saasverdict.com/go/multilogin?utm_source=linkedin&utm_medium=auto_post&utm_campaign=SAAS50&utm_content=post0443
444,Multi-account ops,"Insight for automation engineers: Avoid API connection failures during scale when you build quality-first affiliate recommendations. Our site is about evidence-based guides make affiliate recommendations credible and sustainable for team handoff reliability. It helps privacy-savvy teams use a structured checklist rather than guesswork while staying smart on affiliate messaging. Open the promo hub, validate the offer, and use SAAS50. This keeps your promo posts smart, not spammy. [444/1000]",https://saasverdict.com/go/multilogin?utm_source=linkedin&utm_medium=auto_post&utm_campaign=SAAS50&utm_content=post0444
445,Workflow reliability,"If you care about multi-account reliability, note this: Avoid manual discount checks before checkout when you build sustainable affiliate post cadence. Our site is about evidence-based guides make affiliate recommendations credible and sustainable for team handoff reliability. It helps privacy-savvy teams use a structured checklist rather than guesswork while staying smart on affiliate messaging. Use SAAS50 for your next Multilogin checkout with confidence. This keeps your promo posts smart, not spammy. [445/1000]",https://saasverdict.com/go/multilogin?utm_source=linkedin&utm_medium=auto_post&utm_campaign=SAAS50&utm_content=post0445
446,API runbooks,"Smart operators do this: Avoid privacy leaks in multi-account browsers when you build sustainable affiliate post cadence. Our site is about evidence-based guides make affiliate recommendations credible and sustainable for team handoff reliability. It helps privacy-savvy teams use a structured checklist rather than guesswork while staying smart on affiliate messaging. Bookmark the comparison hub and use SAAS50 for a better deal. This keeps your promo posts smart, not spammy. [446/1000]",https://saasverdict.com/go/multilogin?utm_source=linkedin&utm_medium=auto_post&utm_campaign=SAAS50&utm_content=post0446
447,Privacy engineering,"Today’s note on browser privacy: Avoid team handoff friction with operational stacks when you build sustainable affiliate post cadence. Our site is about evidence-based guides make affiliate recommendations credible and sustainable for team handoff reliability. It helps privacy-savvy teams use a structured checklist rather than guesswork while staying smart on affiliate messaging. Start with the reliability framework, then apply SAAS50. This keeps your promo posts smart, not spammy. [447/1000]",https://saasverdict.com/go/multilogin?utm_source=linkedin&utm_medium=auto_post&utm_campaign=SAAS50&utm_content=post0447
448,Cost sustainability,"Here’s a strong rule for scale: Avoid unreliable anti-detect browser setup when you build sustainable affiliate post cadence. Our site is about evidence-based guides make affiliate recommendations credible and sustainable for team handoff reliability. It helps privacy-savvy teams use a structured checklist rather than guesswork while staying smart on affiliate messaging. Follow the evidence-first process and use SAAS50 if it fits. This keeps your promo posts smart, not spammy. [448/1000]",https://saasverdict.com/go/multilogin?utm_source=linkedin&utm_medium=auto_post&utm_campaign=SAAS50&utm_content=post0448
449,Review methodology,"A practical take: Avoid high subscription cost without a proper comparison when you build sustainable affiliate post cadence. Our site is about evidence-based guides make affiliate recommendations credible and sustainable for leak and fingerprint parity. It helps privacy-savvy teams use a structured checklist rather than guesswork while staying smart on affiliate messaging. Validate the stack, then apply SAAS50 for the discount. This keeps your promo posts smart, not spammy. [449/1000]",https://saasverdict.com/go/multilogin?utm_source=linkedin&utm_medium=auto_post&utm_campaign=SAAS50&utm_content=post0449
450,Comparison hub,"If you manage accounts at scale, this helps: Avoid unclear vendor tradeoffs for automation projects when you build sustainable affiliate post cadence. Our site is about evidence-based guides make affiliate recommendations credible and sustainable for leak and fingerprint parity. It helps privacy-savvy teams use a structured checklist rather than guesswork while staying smart on affiliate messaging. Use SAAS50 and keep recommending trusted, verified offers. This keeps your promo posts smart, not spammy. [450/1000]",https://saasverdict.com/go/multilogin?utm_source=linkedin&utm_medium=auto_post&utm_campaign=SAAS50&utm_content=post0450
451,Browser automation,"Quick update: Avoid browser fingerprint drift under repeated runs when you build sustainable affiliate post cadence. Our site is about browser privacy checks should include worker thread parity for leak and fingerprint parity. It helps privacy-savvy teams increase your trust signals with verified discount guides while staying smart on affiliate messaging. Check the verified promo and use SAAS50 for 50% off. This keeps your promo posts smart, not spammy. [451/1000]",https://saasverdict.com/go/multilogin?utm_source=linkedin&utm_medium=auto_post&utm_campaign=SAAS50&utm_content=post0451
452,Promo verification,"Pro tip for browser ops teams: Avoid promo claims with no proof when you build sustainable affiliate post cadence. Our site is about browser privacy checks should include worker thread parity for leak and fingerprint parity. It helps privacy-savvy teams increase your trust signals with verified discount guides while staying smart on affiliate messaging. See the discount proof and apply SAAS50 at checkout. This keeps your promo posts smart, not spammy. [452/1000]",https://saasverdict.com/go/multilogin?utm_source=linkedin&utm_medium=auto_post&utm_campaign=SAAS50&utm_content=post0452
453,Affiliate trust,"Short reminder: Avoid fragile profile consistency when you build sustainable affiliate post cadence. Our site is about browser privacy checks should include worker thread parity for leak and fingerprint parity. It helps privacy-savvy teams increase your trust signals with verified discount guides while staying smart on affiliate messaging. Use SAAS50 when you buy, and share the verified savings path. This keeps your promo posts smart, not spammy. [453/1000]",https://saasverdict.com/go/multilogin?utm_source=linkedin&utm_medium=auto_post&utm_campaign=SAAS50&utm_content=post0453
454,Multi-account ops,"Insight for automation engineers: Avoid API connection failures during scale when you build sustainable affiliate post cadence. Our site is about browser privacy checks should include worker thread parity for leak and fingerprint parity. It helps privacy-savvy teams increase your trust signals with verified discount guides while staying smart on affiliate messaging. Open the promo hub, validate the offer, and use SAAS50. This keeps your promo posts smart, not spammy. [454/1000]",https://saasverdict.com/go/multilogin?utm_source=linkedin&utm_medium=auto_post&utm_campaign=SAAS50&utm_content=post0454
455,Workflow reliability,"If you care about multi-account reliability, note this: Avoid manual discount checks before checkout when you build sustainable affiliate post cadence. Our site is about browser privacy checks should include worker thread parity for leak and fingerprint parity. It helps privacy-savvy teams increase your trust signals with verified discount guides while staying smart on affiliate messaging. Use SAAS50 for your next Multilogin checkout with confidence. This keeps your promo posts smart, not spammy. [455/1000]",https://saasverdict.com/go/multilogin?utm_source=linkedin&utm_medium=auto_post&utm_campaign=SAAS50&utm_content=post0455
456,API runbooks,"Smart operators do this: Avoid privacy leaks in multi-account browsers when you build sustainable affiliate post cadence. Our site is about browser privacy checks should include worker thread parity for operational cost transparency. It helps privacy-savvy teams increase your trust signals with verified discount guides while staying smart on affiliate messaging. Bookmark the comparison hub and use SAAS50 for a better deal. This keeps your promo posts smart, not spammy. [456/1000]",https://saasverdict.com/go/multilogin?utm_source=linkedin&utm_medium=auto_post&utm_campaign=SAAS50&utm_content=post0456
457,Privacy engineering,"Today’s note on browser privacy: Avoid team handoff friction with operational stacks when you build browser ops content that converts. Our site is about browser privacy checks should include worker thread parity for operational cost transparency. It helps privacy-savvy teams increase your trust signals with verified discount guides while staying smart on affiliate messaging. Start with the reliability framework, then apply SAAS50. This keeps your promo posts smart, not spammy. [457/1000]",https://saasverdict.com/go/multilogin?utm_source=linkedin&utm_medium=auto_post&utm_campaign=SAAS50&utm_content=post0457
458,Cost sustainability,"Here’s a strong rule for scale: Avoid unreliable anti-detect browser setup when you build browser ops content that converts. Our site is about browser privacy checks should include worker thread parity for operational cost transparency. It helps privacy-savvy teams increase your trust signals with verified discount guides while staying smart on affiliate messaging. Follow the evidence-first process and use SAAS50 if it fits. This keeps your promo posts smart, not spammy. [458/1000]",https://saasverdict.com/go/multilogin?utm_source=linkedin&utm_medium=auto_post&utm_campaign=SAAS50&utm_content=post0458
459,Review methodology,"A practical take: Avoid high subscription cost without a proper comparison when you build browser ops content that converts. Our site is about browser privacy checks should include worker thread parity for operational cost transparency. It helps privacy-savvy teams increase your trust signals with verified discount guides while staying smart on affiliate messaging. Validate the stack, then apply SAAS50 for the discount. This keeps your promo posts smart, not spammy. [459/1000]",https://saasverdict.com/go/multilogin?utm_source=linkedin&utm_medium=auto_post&utm_campaign=SAAS50&utm_content=post0459
460,Comparison hub,"If you manage accounts at scale, this helps: Avoid unclear vendor tradeoffs for automation projects when you build browser ops content that converts. Our site is about browser privacy checks should include worker thread parity for operational cost transparency. It helps SaaS decision makers increase your trust signals with verified discount guides while staying smart on affiliate messaging. Use SAAS50 and keep recommending trusted, verified offers. This keeps your promo posts smart, not spammy. [460/1000]",https://saasverdict.com/go/multilogin?utm_source=linkedin&utm_medium=auto_post&utm_campaign=SAAS50&utm_content=post0460
461,Browser automation,"Quick update: Avoid browser fingerprint drift under repeated runs when you build browser ops content that converts. Our site is about discounts perform better when shared with trust and context for operational cost transparency. It helps SaaS decision makers increase your trust signals with verified discount guides while staying smart on affiliate messaging. Check the verified promo and use SAAS50 for 50% off. This keeps your promo posts smart, not spammy. [461/1000]",https://saasverdict.com/go/multilogin?utm_source=linkedin&utm_medium=auto_post&utm_campaign=SAAS50&utm_content=post0461
462,Promo verification,"Pro tip for browser ops teams: Avoid promo claims with no proof when you build browser ops content that converts. Our site is about discounts perform better when shared with trust and context for operational cost transparency. It helps SaaS decision makers increase your trust signals with verified discount guides while staying smart on affiliate messaging. See the discount proof and apply SAAS50 at checkout. This keeps your promo posts smart, not spammy. [462/1000]",https://saasverdict.com/go/multilogin?utm_source=linkedin&utm_medium=auto_post&utm_campaign=SAAS50&utm_content=post0462
463,Affiliate trust,"Short reminder: Avoid fragile profile consistency when you build browser ops content that converts. Our site is about discounts perform better when shared with trust and context for browser privacy controls. It helps SaaS decision makers increase your trust signals with verified discount guides while staying smart on affiliate messaging. Use SAAS50 when you buy, and share the verified savings path. Share it as a value-first takeaway, not just a coupon. [463/1000]",https://saasverdict.com/go/multilogin?utm_source=linkedin&utm_medium=auto_post&utm_campaign=SAAS50&utm_content=post0463
464,Multi-account ops,"Insight for automation engineers: Avoid API connection failures during scale when you build browser ops content that converts. Our site is about discounts perform better when shared with trust and context for browser privacy controls. It helps SaaS decision makers increase your trust signals with verified discount guides while staying smart on affiliate messaging. Open the promo hub, validate the offer, and use SAAS50. Share it as a value-first takeaway, not just a coupon. [464/1000]",https://saasverdict.com/go/multilogin?utm_source=linkedin&utm_medium=auto_post&utm_campaign=SAAS50&utm_content=post0464
465,Workflow reliability,"If you care about multi-account reliability, note this: Avoid manual discount checks before checkout when you build browser ops content that converts. Our site is about discounts perform better when shared with trust and context for browser privacy controls. It helps SaaS decision makers increase your trust signals with verified discount guides while staying smart on affiliate messaging. Use SAAS50 for your next Multilogin checkout with confidence. Share it as a value-first takeaway, not just a coupon. [465/1000]",https://saasverdict.com/go/multilogin?utm_source=linkedin&utm_medium=auto_post&utm_campaign=SAAS50&utm_content=post0465
466,API runbooks,"Smart operators do this: Avoid privacy leaks in multi-account browsers when you build browser ops content that converts. Our site is about discounts perform better when shared with trust and context for browser privacy controls. It helps SaaS decision makers increase your trust signals with verified discount guides while staying smart on affiliate messaging. Bookmark the comparison hub and use SAAS50 for a better deal. Share it as a value-first takeaway, not just a coupon. [466/1000]",https://saasverdict.com/go/multilogin?utm_source=linkedin&utm_medium=auto_post&utm_campaign=SAAS50&utm_content=post0466
467,Privacy engineering,"Today’s note on browser privacy: Avoid team handoff friction with operational stacks when you build browser ops content that converts. Our site is about discounts perform better when shared with trust and context for browser privacy controls. It helps SaaS decision makers increase your trust signals with verified discount guides while staying smart on affiliate messaging. Start with the reliability framework, then apply SAAS50. Share it as a value-first takeaway, not just a coupon. [467/1000]",https://saasverdict.com/go/multilogin?utm_source=linkedin&utm_medium=auto_post&utm_campaign=SAAS50&utm_content=post0467
468,Cost sustainability,"Here’s a strong rule for scale: Avoid unreliable anti-detect browser setup when you build browser ops content that converts. Our site is about discounts perform better when shared with trust and context for browser privacy controls. It helps SaaS decision makers increase your trust signals with verified discount guides while staying smart on affiliate messaging. Follow the evidence-first process and use SAAS50 if it fits. Share it as a value-first takeaway, not just a coupon. [468/1000]",https://saasverdict.com/go/multilogin?utm_source=linkedin&utm_medium=auto_post&utm_campaign=SAAS50&utm_content=post0468
469,Review methodology,"A practical take: Avoid high subscription cost without a proper comparison when you build verification-first discount reports. Our site is about discounts perform better when shared with trust and context for browser privacy controls. It helps SaaS decision makers increase your trust signals with verified discount guides while staying smart on affiliate messaging. Validate the stack, then apply SAAS50 for the discount. Share it as a value-first takeaway, not just a coupon. [469/1000]",https://saasverdict.com/go/multilogin?utm_source=linkedin&utm_medium=auto_post&utm_campaign=SAAS50&utm_content=post0469
470,Comparison hub,"If you manage accounts at scale, this helps: Avoid unclear vendor tradeoffs for automation projects when you build verification-first discount reports. Our site is about discounts perform better when shared with trust and context for discount validity checks. It helps SaaS decision makers increase your trust signals with verified discount guides while staying smart on affiliate messaging. Use SAAS50 and keep recommending trusted, verified offers. Share it as a value-first takeaway, not just a coupon. [470/1000]",https://saasverdict.com/go/multilogin?utm_source=linkedin&utm_medium=auto_post&utm_campaign=SAAS50&utm_content=post0470
471,Browser automation,"Quick update: Avoid browser fingerprint drift under repeated runs when you build verification-first discount reports. Our site is about tool selection should prioritize profile stability and operational cost for discount validity checks. It helps SaaS decision makers increase your trust signals with verified discount guides while staying smart on affiliate messaging. Check the verified promo and use SAAS50 for 50% off. Share it as a value-first takeaway, not just a coupon. [471/1000]",https://saasverdict.com/go/multilogin?utm_source=linkedin&utm_medium=auto_post&utm_campaign=SAAS50&utm_content=post0471
472,Promo verification,"Pro tip for browser ops teams: Avoid promo claims with no proof when you build verification-first discount reports. Our site is about tool selection should prioritize profile stability and operational cost for discount validity checks. It helps SaaS decision makers increase your trust signals with verified discount guides while staying smart on affiliate messaging. See the discount proof and apply SAAS50 at checkout. Share it as a value-first takeaway, not just a coupon. [472/1000]",https://saasverdict.com/go/multilogin?utm_source=linkedin&utm_medium=auto_post&utm_campaign=SAAS50&utm_content=post0472
473,Affiliate trust,"Short reminder: Avoid fragile profile consistency when you build verification-first discount reports. Our site is about tool selection should prioritize profile stability and operational cost for discount validity checks. It helps SaaS decision makers increase your trust signals with verified discount guides while staying smart on affiliate messaging. Use SAAS50 when you buy, and share the verified savings path. Share it as a value-first takeaway, not just a coupon. [473/1000]",https://saasverdict.com/go/multilogin?utm_source=linkedin&utm_medium=auto_post&utm_campaign=SAAS50&utm_content=post0473
474,Multi-account ops,"Insight for automation engineers: Avoid API connection failures during scale when you build verification-first discount reports. Our site is about tool selection should prioritize profile stability and operational cost for discount validity checks. It helps SaaS decision makers increase your trust signals with verified discount guides while staying smart on affiliate messaging. Open the promo hub, validate the offer, and use SAAS50. Share it as a value-first takeaway, not just a coupon. [474/1000]",https://saasverdict.com/go/multilogin?utm_source=linkedin&utm_medium=auto_post&utm_campaign=SAAS50&utm_content=post0474
475,Workflow reliability,"If you care about multi-account reliability, note this: Avoid manual discount checks before checkout when you build verification-first discount reports. Our site is about tool selection should prioritize profile stability and operational cost for discount validity checks. It helps SaaS decision makers increase your trust signals with verified discount guides while staying smart on affiliate messaging. Use SAAS50 for your next Multilogin checkout with confidence. Share it as a value-first takeaway, not just a coupon. [475/1000]",https://saasverdict.com/go/multilogin?utm_source=linkedin&utm_medium=auto_post&utm_campaign=SAAS50&utm_content=post0475
476,API runbooks,"Smart operators do this: Avoid privacy leaks in multi-account browsers when you build verification-first discount reports. Our site is about tool selection should prioritize profile stability and operational cost for discount validity checks. It helps SaaS decision makers improve your operational playbooks across Chrome and API workflows while staying smart on affiliate messaging. Bookmark the comparison hub and use SAAS50 for a better deal. Share it as a value-first takeaway, not just a coupon. [476/1000]",https://saasverdict.com/go/multilogin?utm_source=linkedin&utm_medium=auto_post&utm_campaign=SAAS50&utm_content=post0476
477,Privacy engineering,"Today’s note on browser privacy: Avoid team handoff friction with operational stacks when you build verification-first discount reports. Our site is about tool selection should prioritize profile stability and operational cost for multi-account workflow resilience. It helps multilogin and alternative buyers improve your operational playbooks across Chrome and API workflows while staying smart on affiliate messaging. Start with the reliability framework, then apply SAAS50. Share it as a value-first takeaway, not just a coupon. [477/1000]",https://saasverdict.com/go/multilogin?utm_source=linkedin&utm_medium=auto_post&utm_campaign=SAAS50&utm_content=post0477
478,Cost sustainability,"Here’s a strong rule for scale: Avoid unreliable anti-detect browser setup when you build verification-first discount reports. Our site is about tool selection should prioritize profile stability and operational cost for multi-account workflow resilience. It helps multilogin and alternative buyers improve your operational playbooks across Chrome and API workflows while staying smart on affiliate messaging. Follow the evidence-first process and use SAAS50 if it fits. Share it as a value-first takeaway, not just a coupon. [478/1000]",https://saasverdict.com/go/multilogin?utm_source=linkedin&utm_medium=auto_post&utm_campaign=SAAS50&utm_content=post0478
479,Review methodology,"A practical take: Avoid high subscription cost without a proper comparison when you build verification-first discount reports. Our site is about tool selection should prioritize profile stability and operational cost for multi-account workflow resilience. It helps multilogin and alternative buyers improve your operational playbooks across Chrome and API workflows while staying smart on affiliate messaging. Validate the stack, then apply SAAS50 for the discount. Share it as a value-first takeaway, not just a coupon. [479/1000]",https://saasverdict.com/go/multilogin?utm_source=linkedin&utm_medium=auto_post&utm_campaign=SAAS50&utm_content=post0479
480,Comparison hub,"If you manage accounts at scale, this helps: Avoid unclear vendor tradeoffs for automation projects when you build verification-first discount reports. Our site is about tool selection should prioritize profile stability and operational cost for multi-account workflow resilience. It helps multilogin and alternative buyers improve your operational playbooks across Chrome and API workflows while staying smart on affiliate messaging. Use SAAS50 and keep recommending trusted, verified offers. Share it as a value-first takeaway, not just a coupon. [480/1000]",https://saasverdict.com/go/multilogin?utm_source=linkedin&utm_medium=auto_post&utm_campaign=SAAS50&utm_content=post0480
481,Browser automation,"Quick update: Avoid browser fingerprint drift under repeated runs when you build reliable browser automation stacks. Our site is about multi-account operations need both privacy controls and workflow quality for multi-account workflow resilience. It helps multilogin and alternative buyers improve your operational playbooks across Chrome and API workflows while staying smart on affiliate messaging. Check the verified promo and use SAAS50 for 50% off. Share it as a value-first takeaway, not just a coupon. [481/1000]",https://saasverdict.com/go/multilogin?utm_source=linkedin&utm_medium=auto_post&utm_campaign=SAAS50&utm_content=post0481
482,Promo verification,"Pro tip for browser ops teams: Avoid promo claims with no proof when you build reliable browser automation stacks. Our site is about multi-account operations need both privacy controls and workflow quality for multi-account workflow resilience. It helps multilogin and alternative buyers improve your operational playbooks across Chrome and API workflows while staying smart on affiliate messaging. See the discount proof and apply SAAS50 at checkout. Share it as a value-first takeaway, not just a coupon. [482/1000]",https://saasverdict.com/go/multilogin?utm_source=linkedin&utm_medium=auto_post&utm_campaign=SAAS50&utm_content=post0482
483,Affiliate trust,"Short reminder: Avoid fragile profile consistency when you build reliable browser automation stacks. Our site is about multi-account operations need both privacy controls and workflow quality for multi-account workflow resilience. It helps multilogin and alternative buyers improve your operational playbooks across Chrome and API workflows while staying smart on affiliate messaging. Use SAAS50 when you buy, and share the verified savings path. Share it as a value-first takeaway, not just a coupon. [483/1000]",https://saasverdict.com/go/multilogin?utm_source=linkedin&utm_medium=auto_post&utm_campaign=SAAS50&utm_content=post0483
484,Multi-account ops,"Insight for automation engineers: Avoid API connection failures during scale when you build reliable browser automation stacks. Our site is about multi-account operations need both privacy controls and workflow quality for comparison clarity for buyers. It helps multilogin and alternative buyers improve your operational playbooks across Chrome and API workflows while staying smart on affiliate messaging. Open the promo hub, validate the offer, and use SAAS50. Share it as a value-first takeaway, not just a coupon. [484/1000]",https://saasverdict.com/go/multilogin?utm_source=linkedin&utm_medium=auto_post&utm_campaign=SAAS50&utm_content=post0484
485,Workflow reliability,"If you care about multi-account reliability, note this: Avoid manual discount checks before checkout when you build reliable browser automation stacks. Our site is about multi-account operations need both privacy controls and workflow quality for comparison clarity for buyers. It helps multilogin and alternative buyers improve your operational playbooks across Chrome and API workflows while staying smart on affiliate messaging. Use SAAS50 for your next Multilogin checkout with confidence. Share it as a value-first takeaway, not just a coupon. [485/1000]",https://saasverdict.com/go/multilogin?utm_source=linkedin&utm_medium=auto_post&utm_campaign=SAAS50&utm_content=post0485
486,API runbooks,"Smart operators do this: Avoid privacy leaks in multi-account browsers when you build reliable browser automation stacks. Our site is about multi-account operations need both privacy controls and workflow quality for comparison clarity for buyers. It helps multilogin and alternative buyers improve your operational playbooks across Chrome and API workflows while staying smart on affiliate messaging. Bookmark the comparison hub and use SAAS50 for a better deal. Share it as a value-first takeaway, not just a coupon. [486/1000]",https://saasverdict.com/go/multilogin?utm_source=linkedin&utm_medium=auto_post&utm_campaign=SAAS50&utm_content=post0486
487,Privacy engineering,"Today’s note on browser privacy: Avoid team handoff friction with operational stacks when you build reliable browser automation stacks. Our site is about multi-account operations need both privacy controls and workflow quality for comparison clarity for buyers. It helps multilogin and alternative buyers improve your operational playbooks across Chrome and API workflows while staying smart on affiliate messaging. Start with the reliability framework, then apply SAAS50. Share it as a value-first takeaway, not just a coupon. [487/1000]",https://saasverdict.com/go/multilogin?utm_source=linkedin&utm_medium=auto_post&utm_campaign=SAAS50&utm_content=post0487
488,Cost sustainability,"Here’s a strong rule for scale: Avoid unreliable anti-detect browser setup when you build reliable browser automation stacks. Our site is about multi-account operations need both privacy controls and workflow quality for comparison clarity for buyers. It helps multilogin and alternative buyers improve your operational playbooks across Chrome and API workflows while staying smart on affiliate messaging. Follow the evidence-first process and use SAAS50 if it fits. Share it as a value-first takeaway, not just a coupon. [488/1000]",https://saasverdict.com/go/multilogin?utm_source=linkedin&utm_medium=auto_post&utm_campaign=SAAS50&utm_content=post0488
489,Review methodology,"A practical take: Avoid high subscription cost without a proper comparison when you build reliable browser automation stacks. Our site is about multi-account operations need both privacy controls and workflow quality for comparison clarity for buyers. It helps multilogin and alternative buyers improve your operational playbooks across Chrome and API workflows while staying smart on affiliate messaging. Validate the stack, then apply SAAS50 for the discount. Share it as a value-first takeaway, not just a coupon. [489/1000]",https://saasverdict.com/go/multilogin?utm_source=linkedin&utm_medium=auto_post&utm_campaign=SAAS50&utm_content=post0489
490,Comparison hub,"If you manage accounts at scale, this helps: Avoid unclear vendor tradeoffs for automation projects when you build reliable browser automation stacks. Our site is about multi-account operations need both privacy controls and workflow quality for comparison clarity for buyers. It helps multilogin and alternative buyers improve your operational playbooks across Chrome and API workflows while staying smart on affiliate messaging. Use SAAS50 and keep recommending trusted, verified offers. Share it as a value-first takeaway, not just a coupon. [490/1000]",https://saasverdict.com/go/multilogin?utm_source=linkedin&utm_medium=auto_post&utm_campaign=SAAS50&utm_content=post0490
491,Browser automation,"Quick update: Avoid browser fingerprint drift under repeated runs when you build reliable browser automation stacks. Our site is about automation scaling succeeds when you verify every new browser profile path for browser profile stability. It helps multilogin and alternative buyers improve your operational playbooks across Chrome and API workflows while staying smart on affiliate messaging. Check the verified promo and use SAAS50 for 50% off. Share it as a value-first takeaway, not just a coupon. [491/1000]",https://saasverdict.com/go/multilogin?utm_source=linkedin&utm_medium=auto_post&utm_campaign=SAAS50&utm_content=post0491
492,Promo verification,"Pro tip for browser ops teams: Avoid promo claims with no proof when you build reliable browser automation stacks. Our site is about automation scaling succeeds when you verify every new browser profile path for browser profile stability. It helps multilogin and alternative buyers improve your operational playbooks across Chrome and API workflows while staying smart on affiliate messaging. See the discount proof and apply SAAS50 at checkout. Share it as a value-first takeaway, not just a coupon. [492/1000]",https://saasverdict.com/go/multilogin?utm_source=linkedin&utm_medium=auto_post&utm_campaign=SAAS50&utm_content=post0492
493,Affiliate trust,"Short reminder: Avoid fragile profile consistency when you build trusted vendor proof before purchase. Our site is about automation scaling succeeds when you verify every new browser profile path for browser profile stability. It helps multilogin and alternative buyers improve your operational playbooks across Chrome and API workflows while staying smart on affiliate messaging. Use SAAS50 when you buy, and share the verified savings path. Share it as a value-first takeaway, not just a coupon. [493/1000]",https://saasverdict.com/go/multilogin?utm_source=linkedin&utm_medium=auto_post&utm_campaign=SAAS50&utm_content=post0493
494,Multi-account ops,"Insight for automation engineers: Avoid API connection failures during scale when you build trusted vendor proof before purchase. Our site is about automation scaling succeeds when you verify every new browser profile path for browser profile stability. It helps browser privacy audiences improve your operational playbooks across Chrome and API workflows while staying smart on affiliate messaging. Open the promo hub, validate the offer, and use SAAS50. Share it as a value-first takeaway, not just a coupon. [494/1000]",https://saasverdict.com/go/multilogin?utm_source=linkedin&utm_medium=auto_post&utm_campaign=SAAS50&utm_content=post0494
495,Workflow reliability,"If you care about multi-account reliability, note this: Avoid manual discount checks before checkout when you build trusted vendor proof before purchase. Our site is about automation scaling succeeds when you verify every new browser profile path for browser profile stability. It helps browser privacy audiences improve your operational playbooks across Chrome and API workflows while staying smart on affiliate messaging. Use SAAS50 for your next Multilogin checkout with confidence. Share it as a value-first takeaway, not just a coupon. [495/1000]",https://saasverdict.com/go/multilogin?utm_source=linkedin&utm_medium=auto_post&utm_campaign=SAAS50&utm_content=post0495
496,API runbooks,Smart operators do this: Avoid privacy leaks in multi-account browsers when you build trusted vendor proof before purchase. Our site is about automation scaling succeeds when you verify every new browser profile path for browser profile stability. It helps browser privacy audiences improve your operational playbooks across Chrome and API workflows while staying smart on affiliate messaging. Bookmark the comparison hub and use SAAS50 for a better deal. That’s the difference between one-time clicks and repeat referrals. [496/1000],https://saasverdict.com/go/multilogin?utm_source=linkedin&utm_medium=auto_post&utm_campaign=SAAS50&utm_content=post0496
497,Privacy engineering,"Today’s note on browser privacy: Avoid team handoff friction with operational stacks when you build trusted vendor proof before purchase. Our site is about automation scaling succeeds when you verify every new browser profile path for browser profile stability. It helps browser privacy audiences improve your operational playbooks across Chrome and API workflows while staying smart on affiliate messaging. Start with the reliability framework, then apply SAAS50. That’s the difference between one-time clicks and repeat referrals. [497/1000]",https://saasverdict.com/go/multilogin?utm_source=linkedin&utm_medium=auto_post&utm_campaign=SAAS50&utm_content=post0497
498,Cost sustainability,Here’s a strong rule for scale: Avoid unreliable anti-detect browser setup when you build trusted vendor proof before purchase. Our site is about automation scaling succeeds when you verify every new browser profile path for API integration quality. It helps browser privacy audiences improve your operational playbooks across Chrome and API workflows while staying smart on affiliate messaging. Follow the evidence-first process and use SAAS50 if it fits. That’s the difference between one-time clicks and repeat referrals. [498/1000],https://saasverdict.com/go/multilogin?utm_source=linkedin&utm_medium=auto_post&utm_campaign=SAAS50&utm_content=post0498
499,Review methodology,"A practical take: Avoid high subscription cost without a proper comparison when you build trusted vendor proof before purchase. Our site is about automation scaling succeeds when you verify every new browser profile path for API integration quality. It helps browser privacy audiences improve your operational playbooks across Chrome and API workflows while staying smart on affiliate messaging. Validate the stack, then apply SAAS50 for the discount. That’s the difference between one-time clicks and repeat referrals. [499/1000]",https://saasverdict.com/go/multilogin?utm_source=linkedin&utm_medium=auto_post&utm_campaign=SAAS50&utm_content=post0499
500,Comparison hub,"If you manage accounts at scale, this helps: Avoid unclear vendor tradeoffs for automation projects when you build trusted vendor proof before purchase. Our site is about automation scaling succeeds when you verify every new browser profile path for API integration quality. It helps browser privacy audiences improve your operational playbooks across Chrome and API workflows while staying smart on affiliate messaging. Use SAAS50 and keep recommending trusted, verified offers. That’s the difference between one-time clicks and repeat referrals. [500/1000]",https://saasverdict.com/go/multilogin?utm_source=linkedin&utm_medium=auto_post&utm_campaign=SAAS50&utm_content=post0500
501,Browser automation,Quick update: Avoid browser fingerprint drift under repeated runs when you build trusted vendor proof before purchase. Our site is about reliability-first comparisons beat feature lists when you want a stable stack for API integration quality. It helps browser privacy audiences save time on proof-of-concept and checkout due diligence while staying smart on affiliate messaging. Check the verified promo and use SAAS50 for 50% off. That’s the difference between one-time clicks and repeat referrals. [501/1000],https://saasverdict.com/go/multilogin?utm_source=linkedin&utm_medium=auto_post&utm_campaign=SAAS50&utm_content=post0501
502,Promo verification,Pro tip for browser ops teams: Avoid promo claims with no proof when you build trusted vendor proof before purchase. Our site is about reliability-first comparisons beat feature lists when you want a stable stack for API integration quality. It helps browser privacy audiences save time on proof-of-concept and checkout due diligence while staying smart on affiliate messaging. See the discount proof and apply SAAS50 at checkout. That’s the difference between one-time clicks and repeat referrals. [502/1000],https://saasverdict.com/go/multilogin?utm_source=linkedin&utm_medium=auto_post&utm_campaign=SAAS50&utm_content=post0502
503,Affiliate trust,"Short reminder: Avoid fragile profile consistency when you build trusted vendor proof before purchase. Our site is about reliability-first comparisons beat feature lists when you want a stable stack for API integration quality. It helps browser privacy audiences save time on proof-of-concept and checkout due diligence while staying smart on affiliate messaging. Use SAAS50 when you buy, and share the verified savings path. That’s the difference between one-time clicks and repeat referrals. [503/1000]",https://saasverdict.com/go/multilogin?utm_source=linkedin&utm_medium=auto_post&utm_campaign=SAAS50&utm_content=post0503
504,Multi-account ops,"Insight for automation engineers: Avoid API connection failures during scale when you build trusted vendor proof before purchase. Our site is about reliability-first comparisons beat feature lists when you want a stable stack for API integration quality. It helps browser privacy audiences save time on proof-of-concept and checkout due diligence while staying smart on affiliate messaging. Open the promo hub, validate the offer, and use SAAS50. That’s the difference between one-time clicks and repeat referrals. [504/1000]",https://saasverdict.com/go/multilogin?utm_source=linkedin&utm_medium=auto_post&utm_campaign=SAAS50&utm_content=post0504
505,Workflow reliability,"If you care about multi-account reliability, note this: Avoid manual discount checks before checkout when you build technical decision support for account ops. Our site is about reliability-first comparisons beat feature lists when you want a stable stack for promo verification evidence. It helps browser privacy audiences save time on proof-of-concept and checkout due diligence while staying smart on affiliate messaging. Use SAAS50 for your next Multilogin checkout with confidence. That’s the difference between one-time clicks and repeat referrals. [505/1000]",https://saasverdict.com/go/multilogin?utm_source=linkedin&utm_medium=auto_post&utm_campaign=SAAS50&utm_content=post0505
506,API runbooks,Smart operators do this: Avoid privacy leaks in multi-account browsers when you build technical decision support for account ops. Our site is about reliability-first comparisons beat feature lists when you want a stable stack for promo verification evidence. It helps browser privacy audiences save time on proof-of-concept and checkout due diligence while staying smart on affiliate messaging. Bookmark the comparison hub and use SAAS50 for a better deal. That’s the difference between one-time clicks and repeat referrals. [506/1000],https://saasverdict.com/go/multilogin?utm_source=linkedin&utm_medium=auto_post&utm_campaign=SAAS50&utm_content=post0506
507,Privacy engineering,"Today’s note on browser privacy: Avoid team handoff friction with operational stacks when you build technical decision support for account ops. Our site is about reliability-first comparisons beat feature lists when you want a stable stack for promo verification evidence. It helps browser privacy audiences save time on proof-of-concept and checkout due diligence while staying smart on affiliate messaging. Start with the reliability framework, then apply SAAS50. That’s the difference between one-time clicks and repeat referrals. [507/1000]",https://saasverdict.com/go/multilogin?utm_source=linkedin&utm_medium=auto_post&utm_campaign=SAAS50&utm_content=post0507
508,Cost sustainability,Here’s a strong rule for scale: Avoid unreliable anti-detect browser setup when you build technical decision support for account ops. Our site is about reliability-first comparisons beat feature lists when you want a stable stack for promo verification evidence. It helps browser privacy audiences save time on proof-of-concept and checkout due diligence while staying smart on affiliate messaging. Follow the evidence-first process and use SAAS50 if it fits. That’s the difference between one-time clicks and repeat referrals. [508/1000],https://saasverdict.com/go/multilogin?utm_source=linkedin&utm_medium=auto_post&utm_campaign=SAAS50&utm_content=post0508
509,Review methodology,"A practical take: Avoid high subscription cost without a proper comparison when you build technical decision support for account ops. Our site is about reliability-first comparisons beat feature lists when you want a stable stack for promo verification evidence. It helps browser privacy audiences save time on proof-of-concept and checkout due diligence while staying smart on affiliate messaging. Validate the stack, then apply SAAS50 for the discount. That’s the difference between one-time clicks and repeat referrals. [509/1000]",https://saasverdict.com/go/multilogin?utm_source=linkedin&utm_medium=auto_post&utm_campaign=SAAS50&utm_content=post0509
510,Comparison hub,"If you manage accounts at scale, this helps: Avoid unclear vendor tradeoffs for automation projects when you build technical decision support for account ops. Our site is about reliability-first comparisons beat feature lists when you want a stable stack for promo verification evidence. It helps browser privacy audiences save time on proof-of-concept and checkout due diligence while staying smart on affiliate messaging. Use SAAS50 and keep recommending trusted, verified offers. That’s the difference between one-time clicks and repeat referrals. [510/1000]",https://saasverdict.com/go/multilogin?utm_source=linkedin&utm_medium=auto_post&utm_campaign=SAAS50&utm_content=post0510
511,Browser automation,Quick update: Avoid browser fingerprint drift under repeated runs when you build technical decision support for account ops. Our site is about promo verification keeps you from paying full price for unreliable claims for promo verification evidence. It helps LinkedIn audiences save time on proof-of-concept and checkout due diligence while staying smart on affiliate messaging. Check the verified promo and use SAAS50 for 50% off. That’s the difference between one-time clicks and repeat referrals. [511/1000],https://saasverdict.com/go/multilogin?utm_source=linkedin&utm_medium=auto_post&utm_campaign=SAAS50&utm_content=post0511
512,Promo verification,Pro tip for browser ops teams: Avoid promo claims with no proof when you build technical decision support for account ops. Our site is about promo verification keeps you from paying full price for unreliable claims for team handoff reliability. It helps LinkedIn audiences save time on proof-of-concept and checkout due diligence while staying smart on affiliate messaging. See the discount proof and apply SAAS50 at checkout. That’s the difference between one-time clicks and repeat referrals. [512/1000],https://saasverdict.com/go/multilogin?utm_source=linkedin&utm_medium=auto_post&utm_campaign=SAAS50&utm_content=post0512
513,Affiliate trust,"Short reminder: Avoid fragile profile consistency when you build technical decision support for account ops. Our site is about promo verification keeps you from paying full price for unreliable claims for team handoff reliability. It helps LinkedIn audiences save time on proof-of-concept and checkout due diligence while staying smart on affiliate messaging. Use SAAS50 when you buy, and share the verified savings path. That’s the difference between one-time clicks and repeat referrals. [513/1000]",https://saasverdict.com/go/multilogin?utm_source=linkedin&utm_medium=auto_post&utm_campaign=SAAS50&utm_content=post0513
514,Multi-account ops,"Insight for automation engineers: Avoid API connection failures during scale when you build technical decision support for account ops. Our site is about promo verification keeps you from paying full price for unreliable claims for team handoff reliability. It helps LinkedIn audiences save time on proof-of-concept and checkout due diligence while staying smart on affiliate messaging. Open the promo hub, validate the offer, and use SAAS50. That’s the difference between one-time clicks and repeat referrals. [514/1000]",https://saasverdict.com/go/multilogin?utm_source=linkedin&utm_medium=auto_post&utm_campaign=SAAS50&utm_content=post0514
515,Workflow reliability,"If you care about multi-account reliability, note this: Avoid manual discount checks before checkout when you build technical decision support for account ops. Our site is about promo verification keeps you from paying full price for unreliable claims for team handoff reliability. It helps LinkedIn audiences save time on proof-of-concept and checkout due diligence while staying smart on affiliate messaging. Use SAAS50 for your next Multilogin checkout with confidence. That’s the difference between one-time clicks and repeat referrals. [515/1000]",https://saasverdict.com/go/multilogin?utm_source=linkedin&utm_medium=auto_post&utm_campaign=SAAS50&utm_content=post0515
516,API runbooks,Smart operators do this: Avoid privacy leaks in multi-account browsers when you build technical decision support for account ops. Our site is about promo verification keeps you from paying full price for unreliable claims for team handoff reliability. It helps LinkedIn audiences save time on proof-of-concept and checkout due diligence while staying smart on affiliate messaging. Bookmark the comparison hub and use SAAS50 for a better deal. That’s the difference between one-time clicks and repeat referrals. [516/1000],https://saasverdict.com/go/multilogin?utm_source=linkedin&utm_medium=auto_post&utm_campaign=SAAS50&utm_content=post0516
517,Privacy engineering,"Today’s note on browser privacy: Avoid team handoff friction with operational stacks when you build compliance-aware automation playbooks. Our site is about promo verification keeps you from paying full price for unreliable claims for team handoff reliability. It helps LinkedIn audiences save time on proof-of-concept and checkout due diligence while staying smart on affiliate messaging. Start with the reliability framework, then apply SAAS50. That’s the difference between one-time clicks and repeat referrals. [517/1000]",https://saasverdict.com/go/multilogin?utm_source=linkedin&utm_medium=auto_post&utm_campaign=SAAS50&utm_content=post0517
518,Cost sustainability,Here’s a strong rule for scale: Avoid unreliable anti-detect browser setup when you build compliance-aware automation playbooks. Our site is about promo verification keeps you from paying full price for unreliable claims for team handoff reliability. It helps LinkedIn audiences save time on proof-of-concept and checkout due diligence while staying smart on affiliate messaging. Follow the evidence-first process and use SAAS50 if it fits. That’s the difference between one-time clicks and repeat referrals. [518/1000],https://saasverdict.com/go/multilogin?utm_source=linkedin&utm_medium=auto_post&utm_campaign=SAAS50&utm_content=post0518
519,Review methodology,"A practical take: Avoid high subscription cost without a proper comparison when you build compliance-aware automation playbooks. Our site is about promo verification keeps you from paying full price for unreliable claims for leak and fingerprint parity. It helps LinkedIn audiences save time on proof-of-concept and checkout due diligence while staying smart on affiliate messaging. Validate the stack, then apply SAAS50 for the discount. That’s the difference between one-time clicks and repeat referrals. [519/1000]",https://saasverdict.com/go/multilogin?utm_source=linkedin&utm_medium=auto_post&utm_campaign=SAAS50&utm_content=post0519
520,Comparison hub,"If you manage accounts at scale, this helps: Avoid unclear vendor tradeoffs for automation projects when you build compliance-aware automation playbooks. Our site is about promo verification keeps you from paying full price for unreliable claims for leak and fingerprint parity. It helps LinkedIn audiences save time on proof-of-concept and checkout due diligence while staying smart on affiliate messaging. Use SAAS50 and keep recommending trusted, verified offers. That’s the difference between one-time clicks and repeat referrals. [520/1000]",https://saasverdict.com/go/multilogin?utm_source=linkedin&utm_medium=auto_post&utm_campaign=SAAS50&utm_content=post0520
521,Browser automation,Quick update: Avoid browser fingerprint drift under repeated runs when you build compliance-aware automation playbooks. Our site is about a decision workflow is better than chasing every new tool for leak and fingerprint parity. It helps LinkedIn audiences save time on proof-of-concept and checkout due diligence while staying smart on affiliate messaging. Check the verified promo and use SAAS50 for 50% off. That’s the difference between one-time clicks and repeat referrals. [521/1000],https://saasverdict.com/go/multilogin?utm_source=linkedin&utm_medium=auto_post&utm_campaign=SAAS50&utm_content=post0521
522,Promo verification,Pro tip for browser ops teams: Avoid promo claims with no proof when you build compliance-aware automation playbooks. Our site is about a decision workflow is better than chasing every new tool for leak and fingerprint parity. It helps LinkedIn audiences save time on proof-of-concept and checkout due diligence while staying smart on affiliate messaging. See the discount proof and apply SAAS50 at checkout. That’s the difference between one-time clicks and repeat referrals. [522/1000],https://saasverdict.com/go/multilogin?utm_source=linkedin&utm_medium=auto_post&utm_campaign=SAAS50&utm_content=post0522
523,Affiliate trust,"Short reminder: Avoid fragile profile consistency when you build compliance-aware automation playbooks. Our site is about a decision workflow is better than chasing every new tool for leak and fingerprint parity. It helps LinkedIn audiences save time on proof-of-concept and checkout due diligence while staying smart on affiliate messaging. Use SAAS50 when you buy, and share the verified savings path. That’s the difference between one-time clicks and repeat referrals. [523/1000]",https://saasverdict.com/go/multilogin?utm_source=linkedin&utm_medium=auto_post&utm_campaign=SAAS50&utm_content=post0523
524,Multi-account ops,"Insight for automation engineers: Avoid API connection failures during scale when you build compliance-aware automation playbooks. Our site is about a decision workflow is better than chasing every new tool for leak and fingerprint parity. It helps LinkedIn audiences save time on proof-of-concept and checkout due diligence while staying smart on affiliate messaging. Open the promo hub, validate the offer, and use SAAS50. That’s the difference between one-time clicks and repeat referrals. [524/1000]",https://saasverdict.com/go/multilogin?utm_source=linkedin&utm_medium=auto_post&utm_campaign=SAAS50&utm_content=post0524
525,Workflow reliability,"If you care about multi-account reliability, note this: Avoid manual discount checks before checkout when you build compliance-aware automation playbooks. Our site is about a decision workflow is better than chasing every new tool for leak and fingerprint parity. It helps LinkedIn audiences save time on proof-of-concept and checkout due diligence while staying smart on affiliate messaging. Use SAAS50 for your next Multilogin checkout with confidence. That’s the difference between one-time clicks and repeat referrals. [525/1000]",https://saasverdict.com/go/multilogin?utm_source=linkedin&utm_medium=auto_post&utm_campaign=SAAS50&utm_content=post0525
526,API runbooks,Smart operators do this: Avoid privacy leaks in multi-account browsers when you build compliance-aware automation playbooks. Our site is about a decision workflow is better than chasing every new tool for operational cost transparency. It helps LinkedIn audiences avoid expensive surprises during browser stack migration while staying smart on affiliate messaging. Bookmark the comparison hub and use SAAS50 for a better deal. That’s the difference between one-time clicks and repeat referrals. [526/1000],https://saasverdict.com/go/multilogin?utm_source=linkedin&utm_medium=auto_post&utm_campaign=SAAS50&utm_content=post0526
527,Privacy engineering,"Today’s note on browser privacy: Avoid team handoff friction with operational stacks when you build compliance-aware automation playbooks. Our site is about a decision workflow is better than chasing every new tool for operational cost transparency. It helps LinkedIn audiences avoid expensive surprises during browser stack migration while staying smart on affiliate messaging. Start with the reliability framework, then apply SAAS50. That’s the difference between one-time clicks and repeat referrals. [527/1000]",https://saasverdict.com/go/multilogin?utm_source=linkedin&utm_medium=auto_post&utm_campaign=SAAS50&utm_content=post0527
528,Cost sustainability,Here’s a strong rule for scale: Avoid unreliable anti-detect browser setup when you build compliance-aware automation playbooks. Our site is about a decision workflow is better than chasing every new tool for operational cost transparency. It helps Telegram communities avoid expensive surprises during browser stack migration while staying smart on affiliate messaging. Follow the evidence-first process and use SAAS50 if it fits. That’s the difference between one-time clicks and repeat referrals. [528/1000],https://saasverdict.com/go/multilogin?utm_source=linkedin&utm_medium=auto_post&utm_campaign=SAAS50&utm_content=post0528
529,Review methodology,"A practical take: Avoid high subscription cost without a proper comparison when you build risk-aware tools for market research. Our site is about a decision workflow is better than chasing every new tool for operational cost transparency. It helps Telegram communities avoid expensive surprises during browser stack migration while staying smart on affiliate messaging. Validate the stack, then apply SAAS50 for the discount. Build a reputation for reliability by sharing what actually works. [529/1000]",https://saasverdict.com/go/multilogin?utm_source=linkedin&utm_medium=auto_post&utm_campaign=SAAS50&utm_content=post0529
530,Comparison hub,"If you manage accounts at scale, this helps: Avoid unclear vendor tradeoffs for automation projects when you build risk-aware tools for market research. Our site is about a decision workflow is better than chasing every new tool for operational cost transparency. It helps Telegram communities avoid expensive surprises during browser stack migration while staying smart on affiliate messaging. Use SAAS50 and keep recommending trusted, verified offers. Build a reputation for reliability by sharing what actually works. [530/1000]",https://saasverdict.com/go/multilogin?utm_source=linkedin&utm_medium=auto_post&utm_campaign=SAAS50&utm_content=post0530
531,Browser automation,Quick update: Avoid browser fingerprint drift under repeated runs when you build risk-aware tools for market research. Our site is about API runbooks reduce downtime and release risk for operational cost transparency. It helps Telegram communities avoid expensive surprises during browser stack migration while staying smart on affiliate messaging. Check the verified promo and use SAAS50 for 50% off. Build a reputation for reliability by sharing what actually works. [531/1000],https://saasverdict.com/go/multilogin?utm_source=linkedin&utm_medium=auto_post&utm_campaign=SAAS50&utm_content=post0531
532,Promo verification,Pro tip for browser ops teams: Avoid promo claims with no proof when you build risk-aware tools for market research. Our site is about API runbooks reduce downtime and release risk for operational cost transparency. It helps Telegram communities avoid expensive surprises during browser stack migration while staying smart on affiliate messaging. See the discount proof and apply SAAS50 at checkout. Build a reputation for reliability by sharing what actually works. [532/1000],https://saasverdict.com/go/multilogin?utm_source=linkedin&utm_medium=auto_post&utm_campaign=SAAS50&utm_content=post0532
533,Affiliate trust,"Short reminder: Avoid fragile profile consistency when you build risk-aware tools for market research. Our site is about API runbooks reduce downtime and release risk for browser privacy controls. It helps Telegram communities avoid expensive surprises during browser stack migration while staying smart on affiliate messaging. Use SAAS50 when you buy, and share the verified savings path. Build a reputation for reliability by sharing what actually works. [533/1000]",https://saasverdict.com/go/multilogin?utm_source=linkedin&utm_medium=auto_post&utm_campaign=SAAS50&utm_content=post0533
534,Multi-account ops,"Insight for automation engineers: Avoid API connection failures during scale when you build risk-aware tools for market research. Our site is about API runbooks reduce downtime and release risk for browser privacy controls. It helps Telegram communities avoid expensive surprises during browser stack migration while staying smart on affiliate messaging. Open the promo hub, validate the offer, and use SAAS50. Build a reputation for reliability by sharing what actually works. [534/1000]",https://saasverdict.com/go/multilogin?utm_source=linkedin&utm_medium=auto_post&utm_campaign=SAAS50&utm_content=post0534
535,Workflow reliability,"If you care about multi-account reliability, note this: Avoid manual discount checks before checkout when you build risk-aware tools for market research. Our site is about API runbooks reduce downtime and release risk for browser privacy controls. It helps Telegram communities avoid expensive surprises during browser stack migration while staying smart on affiliate messaging. Use SAAS50 for your next Multilogin checkout with confidence. Build a reputation for reliability by sharing what actually works. [535/1000]",https://saasverdict.com/go/multilogin?utm_source=linkedin&utm_medium=auto_post&utm_campaign=SAAS50&utm_content=post0535
536,API runbooks,Smart operators do this: Avoid privacy leaks in multi-account browsers when you build risk-aware tools for market research. Our site is about API runbooks reduce downtime and release risk for browser privacy controls. It helps Telegram communities avoid expensive surprises during browser stack migration while staying smart on affiliate messaging. Bookmark the comparison hub and use SAAS50 for a better deal. Build a reputation for reliability by sharing what actually works. [536/1000],https://saasverdict.com/go/multilogin?utm_source=linkedin&utm_medium=auto_post&utm_campaign=SAAS50&utm_content=post0536
537,Privacy engineering,"Today’s note on browser privacy: Avoid team handoff friction with operational stacks when you build risk-aware tools for market research. Our site is about API runbooks reduce downtime and release risk for browser privacy controls. It helps Telegram communities avoid expensive surprises during browser stack migration while staying smart on affiliate messaging. Start with the reliability framework, then apply SAAS50. Build a reputation for reliability by sharing what actually works. [537/1000]",https://saasverdict.com/go/multilogin?utm_source=linkedin&utm_medium=auto_post&utm_campaign=SAAS50&utm_content=post0537
538,Cost sustainability,Here’s a strong rule for scale: Avoid unreliable anti-detect browser setup when you build risk-aware tools for market research. Our site is about API runbooks reduce downtime and release risk for browser privacy controls. It helps Telegram communities avoid expensive surprises during browser stack migration while staying smart on affiliate messaging. Follow the evidence-first process and use SAAS50 if it fits. Build a reputation for reliability by sharing what actually works. [538/1000],https://saasverdict.com/go/multilogin?utm_source=linkedin&utm_medium=auto_post&utm_campaign=SAAS50&utm_content=post0538
539,Review methodology,"A practical take: Avoid high subscription cost without a proper comparison when you build risk-aware tools for market research. Our site is about API runbooks reduce downtime and release risk for browser privacy controls. It helps Telegram communities avoid expensive surprises during browser stack migration while staying smart on affiliate messaging. Validate the stack, then apply SAAS50 for the discount. Build a reputation for reliability by sharing what actually works. [539/1000]",https://saasverdict.com/go/multilogin?utm_source=linkedin&utm_medium=auto_post&utm_campaign=SAAS50&utm_content=post0539
540,Comparison hub,"If you manage accounts at scale, this helps: Avoid unclear vendor tradeoffs for automation projects when you build risk-aware tools for market research. Our site is about API runbooks reduce downtime and release risk for discount validity checks. It helps Telegram communities avoid expensive surprises during browser stack migration while staying smart on affiliate messaging. Use SAAS50 and keep recommending trusted, verified offers. Build a reputation for reliability by sharing what actually works. [540/1000]",https://saasverdict.com/go/multilogin?utm_source=linkedin&utm_medium=auto_post&utm_campaign=SAAS50&utm_content=post0540
541,Browser automation,Quick update: Avoid browser fingerprint drift under repeated runs when you build proof-first promo sharing. Our site is about evidence-based guides make affiliate recommendations credible and sustainable for discount validity checks. It helps Telegram communities avoid expensive surprises during browser stack migration while staying smart on affiliate messaging. Check the verified promo and use SAAS50 for 50% off. Build a reputation for reliability by sharing what actually works. [541/1000],https://saasverdict.com/go/multilogin?utm_source=linkedin&utm_medium=auto_post&utm_campaign=SAAS50&utm_content=post0541
542,Promo verification,Pro tip for browser ops teams: Avoid promo claims with no proof when you build proof-first promo sharing. Our site is about evidence-based guides make affiliate recommendations credible and sustainable for discount validity checks. It helps Telegram communities avoid expensive surprises during browser stack migration while staying smart on affiliate messaging. See the discount proof and apply SAAS50 at checkout. Build a reputation for reliability by sharing what actually works. [542/1000],https://saasverdict.com/go/multilogin?utm_source=linkedin&utm_medium=auto_post&utm_campaign=SAAS50&utm_content=post0542
543,Affiliate trust,"Short reminder: Avoid fragile profile consistency when you build proof-first promo sharing. Our site is about evidence-based guides make affiliate recommendations credible and sustainable for discount validity checks. It helps Telegram communities avoid expensive surprises during browser stack migration while staying smart on affiliate messaging. Use SAAS50 when you buy, and share the verified savings path. Build a reputation for reliability by sharing what actually works. [543/1000]",https://saasverdict.com/go/multilogin?utm_source=linkedin&utm_medium=auto_post&utm_campaign=SAAS50&utm_content=post0543
544,Multi-account ops,"Insight for automation engineers: Avoid API connection failures during scale when you build proof-first promo sharing. Our site is about evidence-based guides make affiliate recommendations credible and sustainable for discount validity checks. It helps Telegram communities avoid expensive surprises during browser stack migration while staying smart on affiliate messaging. Open the promo hub, validate the offer, and use SAAS50. Build a reputation for reliability by sharing what actually works. [544/1000]",https://saasverdict.com/go/multilogin?utm_source=linkedin&utm_medium=auto_post&utm_campaign=SAAS50&utm_content=post0544
545,Workflow reliability,"If you care about multi-account reliability, note this: Avoid manual discount checks before checkout when you build proof-first promo sharing. Our site is about evidence-based guides make affiliate recommendations credible and sustainable for discount validity checks. It helps Twitter thread readers avoid expensive surprises during browser stack migration while staying smart on affiliate messaging. Use SAAS50 for your next Multilogin checkout with confidence. Build a reputation for reliability by sharing what actually works. [545/1000]",https://saasverdict.com/go/multilogin?utm_source=linkedin&utm_medium=auto_post&utm_campaign=SAAS50&utm_content=post0545
546,API runbooks,Smart operators do this: Avoid privacy leaks in multi-account browsers when you build proof-first promo sharing. Our site is about evidence-based guides make affiliate recommendations credible and sustainable for discount validity checks. It helps Twitter thread readers avoid expensive surprises during browser stack migration while staying smart on affiliate messaging. Bookmark the comparison hub and use SAAS50 for a better deal. Build a reputation for reliability by sharing what actually works. [546/1000],https://saasverdict.com/go/multilogin?utm_source=linkedin&utm_medium=auto_post&utm_campaign=SAAS50&utm_content=post0546
547,Privacy engineering,"Today’s note on browser privacy: Avoid team handoff friction with operational stacks when you build proof-first promo sharing. Our site is about evidence-based guides make affiliate recommendations credible and sustainable for multi-account workflow resilience. It helps Twitter thread readers avoid expensive surprises during browser stack migration while staying smart on affiliate messaging. Start with the reliability framework, then apply SAAS50. Build a reputation for reliability by sharing what actually works. [547/1000]",https://saasverdict.com/go/multilogin?utm_source=linkedin&utm_medium=auto_post&utm_campaign=SAAS50&utm_content=post0547
548,Cost sustainability,Here’s a strong rule for scale: Avoid unreliable anti-detect browser setup when you build proof-first promo sharing. Our site is about evidence-based guides make affiliate recommendations credible and sustainable for multi-account workflow resilience. It helps Twitter thread readers avoid expensive surprises during browser stack migration while staying smart on affiliate messaging. Follow the evidence-first process and use SAAS50 if it fits. Build a reputation for reliability by sharing what actually works. [548/1000],https://saasverdict.com/go/multilogin?utm_source=linkedin&utm_medium=auto_post&utm_campaign=SAAS50&utm_content=post0548
549,Review methodology,"A practical take: Avoid high subscription cost without a proper comparison when you build proof-first promo sharing. Our site is about evidence-based guides make affiliate recommendations credible and sustainable for multi-account workflow resilience. It helps Twitter thread readers avoid expensive surprises during browser stack migration while staying smart on affiliate messaging. Validate the stack, then apply SAAS50 for the discount. Build a reputation for reliability by sharing what actually works. [549/1000]",https://saasverdict.com/go/multilogin?utm_source=linkedin&utm_medium=auto_post&utm_campaign=SAAS50&utm_content=post0549
550,Comparison hub,"If you manage accounts at scale, this helps: Avoid unclear vendor tradeoffs for automation projects when you build proof-first promo sharing. Our site is about evidence-based guides make affiliate recommendations credible and sustainable for multi-account workflow resilience. It helps Twitter thread readers avoid expensive surprises during browser stack migration while staying smart on affiliate messaging. Use SAAS50 and keep recommending trusted, verified offers. Build a reputation for reliability by sharing what actually works. [550/1000]",https://saasverdict.com/go/multilogin?utm_source=linkedin&utm_medium=auto_post&utm_campaign=SAAS50&utm_content=post0550
551,Browser automation,Quick update: Avoid browser fingerprint drift under repeated runs when you build proof-first promo sharing. Our site is about browser privacy checks should include worker thread parity for multi-account workflow resilience. It helps Twitter thread readers build a durable affiliate funnel based on real QA while staying smart on affiliate messaging. Check the verified promo and use SAAS50 for 50% off. Build a reputation for reliability by sharing what actually works. [551/1000],https://saasverdict.com/go/multilogin?utm_source=linkedin&utm_medium=auto_post&utm_campaign=SAAS50&utm_content=post0551
552,Promo verification,Pro tip for browser ops teams: Avoid promo claims with no proof when you build proof-first promo sharing. Our site is about browser privacy checks should include worker thread parity for multi-account workflow resilience. It helps Twitter thread readers build a durable affiliate funnel based on real QA while staying smart on affiliate messaging. See the discount proof and apply SAAS50 at checkout. Build a reputation for reliability by sharing what actually works. [552/1000],https://saasverdict.com/go/multilogin?utm_source=linkedin&utm_medium=auto_post&utm_campaign=SAAS50&utm_content=post0552
553,Affiliate trust,"Short reminder: Avoid fragile profile consistency when you build quality-first affiliate recommendations. Our site is about browser privacy checks should include worker thread parity for multi-account workflow resilience. It helps Twitter thread readers build a durable affiliate funnel based on real QA while staying smart on affiliate messaging. Use SAAS50 when you buy, and share the verified savings path. Build a reputation for reliability by sharing what actually works. [553/1000]",https://saasverdict.com/go/multilogin?utm_source=linkedin&utm_medium=auto_post&utm_campaign=SAAS50&utm_content=post0553
554,Multi-account ops,"Insight for automation engineers: Avoid API connection failures during scale when you build quality-first affiliate recommendations. Our site is about browser privacy checks should include worker thread parity for comparison clarity for buyers. It helps Twitter thread readers build a durable affiliate funnel based on real QA while staying smart on affiliate messaging. Open the promo hub, validate the offer, and use SAAS50. Build a reputation for reliability by sharing what actually works. [554/1000]",https://saasverdict.com/go/multilogin?utm_source=linkedin&utm_medium=auto_post&utm_campaign=SAAS50&utm_content=post0554
555,Workflow reliability,"If you care about multi-account reliability, note this: Avoid manual discount checks before checkout when you build quality-first affiliate recommendations. Our site is about browser privacy checks should include worker thread parity for comparison clarity for buyers. It helps Twitter thread readers build a durable affiliate funnel based on real QA while staying smart on affiliate messaging. Use SAAS50 for your next Multilogin checkout with confidence. Build a reputation for reliability by sharing what actually works. [555/1000]",https://saasverdict.com/go/multilogin?utm_source=linkedin&utm_medium=auto_post&utm_campaign=SAAS50&utm_content=post0555
556,API runbooks,Smart operators do this: Avoid privacy leaks in multi-account browsers when you build quality-first affiliate recommendations. Our site is about browser privacy checks should include worker thread parity for comparison clarity for buyers. It helps Twitter thread readers build a durable affiliate funnel based on real QA while staying smart on affiliate messaging. Bookmark the comparison hub and use SAAS50 for a better deal. Build a reputation for reliability by sharing what actually works. [556/1000],https://saasverdict.com/go/multilogin?utm_source=linkedin&utm_medium=auto_post&utm_campaign=SAAS50&utm_content=post0556
557,Privacy engineering,"Today’s note on browser privacy: Avoid team handoff friction with operational stacks when you build quality-first affiliate recommendations. Our site is about browser privacy checks should include worker thread parity for comparison clarity for buyers. It helps Twitter thread readers build a durable affiliate funnel based on real QA while staying smart on affiliate messaging. Start with the reliability framework, then apply SAAS50. Build a reputation for reliability by sharing what actually works. [557/1000]",https://saasverdict.com/go/multilogin?utm_source=linkedin&utm_medium=auto_post&utm_campaign=SAAS50&utm_content=post0557
558,Cost sustainability,Here’s a strong rule for scale: Avoid unreliable anti-detect browser setup when you build quality-first affiliate recommendations. Our site is about browser privacy checks should include worker thread parity for comparison clarity for buyers. It helps Twitter thread readers build a durable affiliate funnel based on real QA while staying smart on affiliate messaging. Follow the evidence-first process and use SAAS50 if it fits. Build a reputation for reliability by sharing what actually works. [558/1000],https://saasverdict.com/go/multilogin?utm_source=linkedin&utm_medium=auto_post&utm_campaign=SAAS50&utm_content=post0558
559,Review methodology,"A practical take: Avoid high subscription cost without a proper comparison when you build quality-first affiliate recommendations. Our site is about browser privacy checks should include worker thread parity for comparison clarity for buyers. It helps Twitter thread readers build a durable affiliate funnel based on real QA while staying smart on affiliate messaging. Validate the stack, then apply SAAS50 for the discount. Build a reputation for reliability by sharing what actually works. [559/1000]",https://saasverdict.com/go/multilogin?utm_source=linkedin&utm_medium=auto_post&utm_campaign=SAAS50&utm_content=post0559
560,Comparison hub,"If you manage accounts at scale, this helps: Avoid unclear vendor tradeoffs for automation projects when you build quality-first affiliate recommendations. Our site is about browser privacy checks should include worker thread parity for comparison clarity for buyers. It helps Twitter thread readers build a durable affiliate funnel based on real QA while staying smart on affiliate messaging. Use SAAS50 and keep recommending trusted, verified offers. Build a reputation for reliability by sharing what actually works. [560/1000]",https://saasverdict.com/go/multilogin?utm_source=linkedin&utm_medium=auto_post&utm_campaign=SAAS50&utm_content=post0560
561,Browser automation,Quick update: Avoid browser fingerprint drift under repeated runs when you build quality-first affiliate recommendations. Our site is about discounts perform better when shared with trust and context for browser profile stability. It helps Twitter thread readers build a durable affiliate funnel based on real QA while staying smart on affiliate messaging. Check the verified promo and use SAAS50 for 50% off. Build a reputation for reliability by sharing what actually works. [561/1000],https://saasverdict.com/go/multilogin?utm_source=linkedin&utm_medium=auto_post&utm_campaign=SAAS50&utm_content=post0561
562,Promo verification,"Pro tip for browser ops teams: Avoid promo claims with no proof when you build quality-first affiliate recommendations. Our site is about discounts perform better when shared with trust and context for browser profile stability. It helps automation groups build a durable affiliate funnel based on real QA while staying smart on affiliate messaging. See the discount proof and apply SAAS50 at checkout. Your audience will respect a clear, evidence-based recommendation. [562/1000]",https://saasverdict.com/go/multilogin?utm_source=linkedin&utm_medium=auto_post&utm_campaign=SAAS50&utm_content=post0562
563,Affiliate trust,"Short reminder: Avoid fragile profile consistency when you build quality-first affiliate recommendations. Our site is about discounts perform better when shared with trust and context for browser profile stability. It helps automation groups build a durable affiliate funnel based on real QA while staying smart on affiliate messaging. Use SAAS50 when you buy, and share the verified savings path. Your audience will respect a clear, evidence-based recommendation. [563/1000]",https://saasverdict.com/go/multilogin?utm_source=linkedin&utm_medium=auto_post&utm_campaign=SAAS50&utm_content=post0563
564,Multi-account ops,"Insight for automation engineers: Avoid API connection failures during scale when you build quality-first affiliate recommendations. Our site is about discounts perform better when shared with trust and context for browser profile stability. It helps automation groups build a durable affiliate funnel based on real QA while staying smart on affiliate messaging. Open the promo hub, validate the offer, and use SAAS50. Your audience will respect a clear, evidence-based recommendation. [564/1000]",https://saasverdict.com/go/multilogin?utm_source=linkedin&utm_medium=auto_post&utm_campaign=SAAS50&utm_content=post0564
565,Workflow reliability,"If you care about multi-account reliability, note this: Avoid manual discount checks before checkout when you build sustainable affiliate post cadence. Our site is about discounts perform better when shared with trust and context for browser profile stability. It helps automation groups build a durable affiliate funnel based on real QA while staying smart on affiliate messaging. Use SAAS50 for your next Multilogin checkout with confidence. Your audience will respect a clear, evidence-based recommendation. [565/1000]",https://saasverdict.com/go/multilogin?utm_source=linkedin&utm_medium=auto_post&utm_campaign=SAAS50&utm_content=post0565
566,API runbooks,"Smart operators do this: Avoid privacy leaks in multi-account browsers when you build sustainable affiliate post cadence. Our site is about discounts perform better when shared with trust and context for browser profile stability. It helps automation groups build a durable affiliate funnel based on real QA while staying smart on affiliate messaging. Bookmark the comparison hub and use SAAS50 for a better deal. Your audience will respect a clear, evidence-based recommendation. [566/1000]",https://saasverdict.com/go/multilogin?utm_source=linkedin&utm_medium=auto_post&utm_campaign=SAAS50&utm_content=post0566
567,Privacy engineering,"Today’s note on browser privacy: Avoid team handoff friction with operational stacks when you build sustainable affiliate post cadence. Our site is about discounts perform better when shared with trust and context for browser profile stability. It helps automation groups build a durable affiliate funnel based on real QA while staying smart on affiliate messaging. Start with the reliability framework, then apply SAAS50. Your audience will respect a clear, evidence-based recommendation. [567/1000]",https://saasverdict.com/go/multilogin?utm_source=linkedin&utm_medium=auto_post&utm_campaign=SAAS50&utm_content=post0567
568,Cost sustainability,"Here’s a strong rule for scale: Avoid unreliable anti-detect browser setup when you build sustainable affiliate post cadence. Our site is about discounts perform better when shared with trust and context for API integration quality. It helps automation groups build a durable affiliate funnel based on real QA while staying smart on affiliate messaging. Follow the evidence-first process and use SAAS50 if it fits. Your audience will respect a clear, evidence-based recommendation. [568/1000]",https://saasverdict.com/go/multilogin?utm_source=linkedin&utm_medium=auto_post&utm_campaign=SAAS50&utm_content=post0568
569,Review methodology,"A practical take: Avoid high subscription cost without a proper comparison when you build sustainable affiliate post cadence. Our site is about discounts perform better when shared with trust and context for API integration quality. It helps automation groups build a durable affiliate funnel based on real QA while staying smart on affiliate messaging. Validate the stack, then apply SAAS50 for the discount. Your audience will respect a clear, evidence-based recommendation. [569/1000]",https://saasverdict.com/go/multilogin?utm_source=linkedin&utm_medium=auto_post&utm_campaign=SAAS50&utm_content=post0569
570,Comparison hub,"If you manage accounts at scale, this helps: Avoid unclear vendor tradeoffs for automation projects when you build sustainable affiliate post cadence. Our site is about discounts perform better when shared with trust and context for API integration quality. It helps automation groups build a durable affiliate funnel based on real QA while staying smart on affiliate messaging. Use SAAS50 and keep recommending trusted, verified offers. Your audience will respect a clear, evidence-based recommendation. [570/1000]",https://saasverdict.com/go/multilogin?utm_source=linkedin&utm_medium=auto_post&utm_campaign=SAAS50&utm_content=post0570
571,Browser automation,"Quick update: Avoid browser fingerprint drift under repeated runs when you build sustainable affiliate post cadence. Our site is about tool selection should prioritize profile stability and operational cost for API integration quality. It helps automation groups build a durable affiliate funnel based on real QA while staying smart on affiliate messaging. Check the verified promo and use SAAS50 for 50% off. Your audience will respect a clear, evidence-based recommendation. [571/1000]",https://saasverdict.com/go/multilogin?utm_source=linkedin&utm_medium=auto_post&utm_campaign=SAAS50&utm_content=post0571
572,Promo verification,"Pro tip for browser ops teams: Avoid promo claims with no proof when you build sustainable affiliate post cadence. Our site is about tool selection should prioritize profile stability and operational cost for API integration quality. It helps automation groups build a durable affiliate funnel based on real QA while staying smart on affiliate messaging. See the discount proof and apply SAAS50 at checkout. Your audience will respect a clear, evidence-based recommendation. [572/1000]",https://saasverdict.com/go/multilogin?utm_source=linkedin&utm_medium=auto_post&utm_campaign=SAAS50&utm_content=post0572
573,Affiliate trust,"Short reminder: Avoid fragile profile consistency when you build sustainable affiliate post cadence. Our site is about tool selection should prioritize profile stability and operational cost for API integration quality. It helps automation groups build a durable affiliate funnel based on real QA while staying smart on affiliate messaging. Use SAAS50 when you buy, and share the verified savings path. Your audience will respect a clear, evidence-based recommendation. [573/1000]",https://saasverdict.com/go/multilogin?utm_source=linkedin&utm_medium=auto_post&utm_campaign=SAAS50&utm_content=post0573
574,Multi-account ops,"Insight for automation engineers: Avoid API connection failures during scale when you build sustainable affiliate post cadence. Our site is about tool selection should prioritize profile stability and operational cost for API integration quality. It helps automation groups build a durable affiliate funnel based on real QA while staying smart on affiliate messaging. Open the promo hub, validate the offer, and use SAAS50. Your audience will respect a clear, evidence-based recommendation. [574/1000]",https://saasverdict.com/go/multilogin?utm_source=linkedin&utm_medium=auto_post&utm_campaign=SAAS50&utm_content=post0574
575,Workflow reliability,"If you care about multi-account reliability, note this: Avoid manual discount checks before checkout when you build sustainable affiliate post cadence. Our site is about tool selection should prioritize profile stability and operational cost for promo verification evidence. It helps automation groups build a durable affiliate funnel based on real QA while staying smart on affiliate messaging. Use SAAS50 for your next Multilogin checkout with confidence. Your audience will respect a clear, evidence-based recommendation. [575/1000]",https://saasverdict.com/go/multilogin?utm_source=linkedin&utm_medium=auto_post&utm_campaign=SAAS50&utm_content=post0575
576,API runbooks,"Smart operators do this: Avoid privacy leaks in multi-account browsers when you build sustainable affiliate post cadence. Our site is about tool selection should prioritize profile stability and operational cost for promo verification evidence. It helps automation groups keep browser sessions stable across repeating workflows while staying smart on affiliate messaging. Bookmark the comparison hub and use SAAS50 for a better deal. Your audience will respect a clear, evidence-based recommendation. [576/1000]",https://saasverdict.com/go/multilogin?utm_source=linkedin&utm_medium=auto_post&utm_campaign=SAAS50&utm_content=post0576
577,Privacy engineering,"Today’s note on browser privacy: Avoid team handoff friction with operational stacks when you build browser ops content that converts. Our site is about tool selection should prioritize profile stability and operational cost for promo verification evidence. It helps automation groups keep browser sessions stable across repeating workflows while staying smart on affiliate messaging. Start with the reliability framework, then apply SAAS50. Your audience will respect a clear, evidence-based recommendation. [577/1000]",https://saasverdict.com/go/multilogin?utm_source=linkedin&utm_medium=auto_post&utm_campaign=SAAS50&utm_content=post0577
578,Cost sustainability,"Here’s a strong rule for scale: Avoid unreliable anti-detect browser setup when you build browser ops content that converts. Our site is about tool selection should prioritize profile stability and operational cost for promo verification evidence. It helps automation groups keep browser sessions stable across repeating workflows while staying smart on affiliate messaging. Follow the evidence-first process and use SAAS50 if it fits. Your audience will respect a clear, evidence-based recommendation. [578/1000]",https://saasverdict.com/go/multilogin?utm_source=linkedin&utm_medium=auto_post&utm_campaign=SAAS50&utm_content=post0578
579,Review methodology,"A practical take: Avoid high subscription cost without a proper comparison when you build browser ops content that converts. Our site is about tool selection should prioritize profile stability and operational cost for promo verification evidence. It helps affiliate funnels keep browser sessions stable across repeating workflows while staying smart on affiliate messaging. Validate the stack, then apply SAAS50 for the discount. Your audience will respect a clear, evidence-based recommendation. [579/1000]",https://saasverdict.com/go/multilogin?utm_source=linkedin&utm_medium=auto_post&utm_campaign=SAAS50&utm_content=post0579
580,Comparison hub,"If you manage accounts at scale, this helps: Avoid unclear vendor tradeoffs for automation projects when you build browser ops content that converts. Our site is about tool selection should prioritize profile stability and operational cost for promo verification evidence. It helps affiliate funnels keep browser sessions stable across repeating workflows while staying smart on affiliate messaging. Use SAAS50 and keep recommending trusted, verified offers. Your audience will respect a clear, evidence-based recommendation. [580/1000]",https://saasverdict.com/go/multilogin?utm_source=linkedin&utm_medium=auto_post&utm_campaign=SAAS50&utm_content=post0580
581,Browser automation,"Quick update: Avoid browser fingerprint drift under repeated runs when you build browser ops content that converts. Our site is about multi-account operations need both privacy controls and workflow quality for promo verification evidence. It helps affiliate funnels keep browser sessions stable across repeating workflows while staying smart on affiliate messaging. Check the verified promo and use SAAS50 for 50% off. Your audience will respect a clear, evidence-based recommendation. [581/1000]",https://saasverdict.com/go/multilogin?utm_source=linkedin&utm_medium=auto_post&utm_campaign=SAAS50&utm_content=post0581
582,Promo verification,"Pro tip for browser ops teams: Avoid promo claims with no proof when you build browser ops content that converts. Our site is about multi-account operations need both privacy controls and workflow quality for team handoff reliability. It helps affiliate funnels keep browser sessions stable across repeating workflows while staying smart on affiliate messaging. See the discount proof and apply SAAS50 at checkout. Your audience will respect a clear, evidence-based recommendation. [582/1000]",https://saasverdict.com/go/multilogin?utm_source=linkedin&utm_medium=auto_post&utm_campaign=SAAS50&utm_content=post0582
583,Affiliate trust,"Short reminder: Avoid fragile profile consistency when you build browser ops content that converts. Our site is about multi-account operations need both privacy controls and workflow quality for team handoff reliability. It helps affiliate funnels keep browser sessions stable across repeating workflows while staying smart on affiliate messaging. Use SAAS50 when you buy, and share the verified savings path. Your audience will respect a clear, evidence-based recommendation. [583/1000]",https://saasverdict.com/go/multilogin?utm_source=linkedin&utm_medium=auto_post&utm_campaign=SAAS50&utm_content=post0583
584,Multi-account ops,"Insight for automation engineers: Avoid API connection failures during scale when you build browser ops content that converts. Our site is about multi-account operations need both privacy controls and workflow quality for team handoff reliability. It helps affiliate funnels keep browser sessions stable across repeating workflows while staying smart on affiliate messaging. Open the promo hub, validate the offer, and use SAAS50. Your audience will respect a clear, evidence-based recommendation. [584/1000]",https://saasverdict.com/go/multilogin?utm_source=linkedin&utm_medium=auto_post&utm_campaign=SAAS50&utm_content=post0584
585,Workflow reliability,"If you care about multi-account reliability, note this: Avoid manual discount checks before checkout when you build browser ops content that converts. Our site is about multi-account operations need both privacy controls and workflow quality for team handoff reliability. It helps affiliate funnels keep browser sessions stable across repeating workflows while staying smart on affiliate messaging. Use SAAS50 for your next Multilogin checkout with confidence. Your audience will respect a clear, evidence-based recommendation. [585/1000]",https://saasverdict.com/go/multilogin?utm_source=linkedin&utm_medium=auto_post&utm_campaign=SAAS50&utm_content=post0585
586,API runbooks,"Smart operators do this: Avoid privacy leaks in multi-account browsers when you build browser ops content that converts. Our site is about multi-account operations need both privacy controls and workflow quality for team handoff reliability. It helps affiliate funnels keep browser sessions stable across repeating workflows while staying smart on affiliate messaging. Bookmark the comparison hub and use SAAS50 for a better deal. Your audience will respect a clear, evidence-based recommendation. [586/1000]",https://saasverdict.com/go/multilogin?utm_source=linkedin&utm_medium=auto_post&utm_campaign=SAAS50&utm_content=post0586
587,Privacy engineering,"Today’s note on browser privacy: Avoid team handoff friction with operational stacks when you build browser ops content that converts. Our site is about multi-account operations need both privacy controls and workflow quality for team handoff reliability. It helps affiliate funnels keep browser sessions stable across repeating workflows while staying smart on affiliate messaging. Start with the reliability framework, then apply SAAS50. Your audience will respect a clear, evidence-based recommendation. [587/1000]",https://saasverdict.com/go/multilogin?utm_source=linkedin&utm_medium=auto_post&utm_campaign=SAAS50&utm_content=post0587
588,Cost sustainability,"Here’s a strong rule for scale: Avoid unreliable anti-detect browser setup when you build browser ops content that converts. Our site is about multi-account operations need both privacy controls and workflow quality for team handoff reliability. It helps affiliate funnels keep browser sessions stable across repeating workflows while staying smart on affiliate messaging. Follow the evidence-first process and use SAAS50 if it fits. Your audience will respect a clear, evidence-based recommendation. [588/1000]",https://saasverdict.com/go/multilogin?utm_source=linkedin&utm_medium=auto_post&utm_campaign=SAAS50&utm_content=post0588
589,Review methodology,"A practical take: Avoid high subscription cost without a proper comparison when you build verification-first discount reports. Our site is about multi-account operations need both privacy controls and workflow quality for leak and fingerprint parity. It helps affiliate funnels keep browser sessions stable across repeating workflows while staying smart on affiliate messaging. Validate the stack, then apply SAAS50 for the discount. Your audience will respect a clear, evidence-based recommendation. [589/1000]",https://saasverdict.com/go/multilogin?utm_source=linkedin&utm_medium=auto_post&utm_campaign=SAAS50&utm_content=post0589
590,Comparison hub,"If you manage accounts at scale, this helps: Avoid unclear vendor tradeoffs for automation projects when you build verification-first discount reports. Our site is about multi-account operations need both privacy controls and workflow quality for leak and fingerprint parity. It helps affiliate funnels keep browser sessions stable across repeating workflows while staying smart on affiliate messaging. Use SAAS50 and keep recommending trusted, verified offers. Your audience will respect a clear, evidence-based recommendation. [590/1000]",https://saasverdict.com/go/multilogin?utm_source=linkedin&utm_medium=auto_post&utm_campaign=SAAS50&utm_content=post0590
591,Browser automation,"Quick update: Avoid browser fingerprint drift under repeated runs when you build verification-first discount reports. Our site is about automation scaling succeeds when you verify every new browser profile path for leak and fingerprint parity. It helps affiliate funnels keep browser sessions stable across repeating workflows while staying smart on affiliate messaging. Check the verified promo and use SAAS50 for 50% off. Your audience will respect a clear, evidence-based recommendation. [591/1000]",https://saasverdict.com/go/multilogin?utm_source=linkedin&utm_medium=auto_post&utm_campaign=SAAS50&utm_content=post0591
592,Promo verification,"Pro tip for browser ops teams: Avoid promo claims with no proof when you build verification-first discount reports. Our site is about automation scaling succeeds when you verify every new browser profile path for leak and fingerprint parity. It helps affiliate funnels keep browser sessions stable across repeating workflows while staying smart on affiliate messaging. See the discount proof and apply SAAS50 at checkout. Your audience will respect a clear, evidence-based recommendation. [592/1000]",https://saasverdict.com/go/multilogin?utm_source=linkedin&utm_medium=auto_post&utm_campaign=SAAS50&utm_content=post0592
593,Affiliate trust,"Short reminder: Avoid fragile profile consistency when you build verification-first discount reports. Our site is about automation scaling succeeds when you verify every new browser profile path for leak and fingerprint parity. It helps affiliate funnels keep browser sessions stable across repeating workflows while staying smart on affiliate messaging. Use SAAS50 when you buy, and share the verified savings path. Your audience will respect a clear, evidence-based recommendation. [593/1000]",https://saasverdict.com/go/multilogin?utm_source=linkedin&utm_medium=auto_post&utm_campaign=SAAS50&utm_content=post0593
594,Multi-account ops,"Insight for automation engineers: Avoid API connection failures during scale when you build verification-first discount reports. Our site is about automation scaling succeeds when you verify every new browser profile path for leak and fingerprint parity. It helps affiliate funnels keep browser sessions stable across repeating workflows while staying smart on affiliate messaging. Open the promo hub, validate the offer, and use SAAS50. Your audience will respect a clear, evidence-based recommendation. [594/1000]",https://saasverdict.com/go/multilogin?utm_source=linkedin&utm_medium=auto_post&utm_campaign=SAAS50&utm_content=post0594
595,Workflow reliability,"If you care about multi-account reliability, note this: Avoid manual discount checks before checkout when you build verification-first discount reports. Our site is about automation scaling succeeds when you verify every new browser profile path for leak and fingerprint parity. It helps affiliate funnels keep browser sessions stable across repeating workflows while staying smart on affiliate messaging. Use SAAS50 for your next Multilogin checkout with confidence. This approach works across desktop, browser, and API audiences. [595/1000]",https://saasverdict.com/go/multilogin?utm_source=linkedin&utm_medium=auto_post&utm_campaign=SAAS50&utm_content=post0595
596,API runbooks,"Smart operators do this: Avoid privacy leaks in multi-account browsers when you build verification-first discount reports. Our site is about automation scaling succeeds when you verify every new browser profile path for operational cost transparency. It helps browser ops channels keep browser sessions stable across repeating workflows while staying smart on affiliate messaging. Bookmark the comparison hub and use SAAS50 for a better deal. This approach works across desktop, browser, and API audiences. [596/1000]",https://saasverdict.com/go/multilogin?utm_source=linkedin&utm_medium=auto_post&utm_campaign=SAAS50&utm_content=post0596
597,Privacy engineering,"Today’s note on browser privacy: Avoid team handoff friction with operational stacks when you build verification-first discount reports. Our site is about automation scaling succeeds when you verify every new browser profile path for operational cost transparency. It helps browser ops channels keep browser sessions stable across repeating workflows while staying smart on affiliate messaging. Start with the reliability framework, then apply SAAS50. This approach works across desktop, browser, and API audiences. [597/1000]",https://saasverdict.com/go/multilogin?utm_source=linkedin&utm_medium=auto_post&utm_campaign=SAAS50&utm_content=post0597
598,Cost sustainability,"Here’s a strong rule for scale: Avoid unreliable anti-detect browser setup when you build verification-first discount reports. Our site is about automation scaling succeeds when you verify every new browser profile path for operational cost transparency. It helps browser ops channels keep browser sessions stable across repeating workflows while staying smart on affiliate messaging. Follow the evidence-first process and use SAAS50 if it fits. This approach works across desktop, browser, and API audiences. [598/1000]",https://saasverdict.com/go/multilogin?utm_source=linkedin&utm_medium=auto_post&utm_campaign=SAAS50&utm_content=post0598
599,Review methodology,"A practical take: Avoid high subscription cost without a proper comparison when you build verification-first discount reports. Our site is about automation scaling succeeds when you verify every new browser profile path for operational cost transparency. It helps browser ops channels keep browser sessions stable across repeating workflows while staying smart on affiliate messaging. Validate the stack, then apply SAAS50 for the discount. This approach works across desktop, browser, and API audiences. [599/1000]",https://saasverdict.com/go/multilogin?utm_source=linkedin&utm_medium=auto_post&utm_campaign=SAAS50&utm_content=post0599
600,Comparison hub,"If you manage accounts at scale, this helps: Avoid unclear vendor tradeoffs for automation projects when you build verification-first discount reports. Our site is about automation scaling succeeds when you verify every new browser profile path for operational cost transparency. It helps browser ops channels keep browser sessions stable across repeating workflows while staying smart on affiliate messaging. Use SAAS50 and keep recommending trusted, verified offers. This approach works across desktop, browser, and API audiences. [600/1000]",https://saasverdict.com/go/multilogin?utm_source=linkedin&utm_medium=auto_post&utm_campaign=SAAS50&utm_content=post0600
601,Browser automation,"Quick update: Avoid browser fingerprint drift under repeated runs when you build reliable browser automation stacks. Our site is about reliability-first comparisons beat feature lists when you want a stable stack for operational cost transparency. It helps browser ops channels convert more audiences by sharing trusted coupon evidence while staying smart on affiliate messaging. Check the verified promo and use SAAS50 for 50% off. This approach works across desktop, browser, and API audiences. [601/1000]",https://saasverdict.com/go/multilogin?utm_source=linkedin&utm_medium=auto_post&utm_campaign=SAAS50&utm_content=post0601
602,Promo verification,"Pro tip for browser ops teams: Avoid promo claims with no proof when you build reliable browser automation stacks. Our site is about reliability-first comparisons beat feature lists when you want a stable stack for operational cost transparency. It helps browser ops channels convert more audiences by sharing trusted coupon evidence while staying smart on affiliate messaging. See the discount proof and apply SAAS50 at checkout. This approach works across desktop, browser, and API audiences. [602/1000]",https://saasverdict.com/go/multilogin?utm_source=linkedin&utm_medium=auto_post&utm_campaign=SAAS50&utm_content=post0602
603,Affiliate trust,"Short reminder: Avoid fragile profile consistency when you build reliable browser automation stacks. Our site is about reliability-first comparisons beat feature lists when you want a stable stack for browser privacy controls. It helps browser ops channels convert more audiences by sharing trusted coupon evidence while staying smart on affiliate messaging. Use SAAS50 when you buy, and share the verified savings path. This approach works across desktop, browser, and API audiences. [603/1000]",https://saasverdict.com/go/multilogin?utm_source=linkedin&utm_medium=auto_post&utm_campaign=SAAS50&utm_content=post0603
604,Multi-account ops,"Insight for automation engineers: Avoid API connection failures during scale when you build reliable browser automation stacks. Our site is about reliability-first comparisons beat feature lists when you want a stable stack for browser privacy controls. It helps browser ops channels convert more audiences by sharing trusted coupon evidence while staying smart on affiliate messaging. Open the promo hub, validate the offer, and use SAAS50. This approach works across desktop, browser, and API audiences. [604/1000]",https://saasverdict.com/go/multilogin?utm_source=linkedin&utm_medium=auto_post&utm_campaign=SAAS50&utm_content=post0604
605,Workflow reliability,"If you care about multi-account reliability, note this: Avoid manual discount checks before checkout when you build reliable browser automation stacks. Our site is about reliability-first comparisons beat feature lists when you want a stable stack for browser privacy controls. It helps browser ops channels convert more audiences by sharing trusted coupon evidence while staying smart on affiliate messaging. Use SAAS50 for your next Multilogin checkout with confidence. This approach works across desktop, browser, and API audiences. [605/1000]",https://saasverdict.com/go/multilogin?utm_source=linkedin&utm_medium=auto_post&utm_campaign=SAAS50&utm_content=post0605
606,API runbooks,"Smart operators do this: Avoid privacy leaks in multi-account browsers when you build reliable browser automation stacks. Our site is about reliability-first comparisons beat feature lists when you want a stable stack for browser privacy controls. It helps browser ops channels convert more audiences by sharing trusted coupon evidence while staying smart on affiliate messaging. Bookmark the comparison hub and use SAAS50 for a better deal. This approach works across desktop, browser, and API audiences. [606/1000]",https://saasverdict.com/go/multilogin?utm_source=linkedin&utm_medium=auto_post&utm_campaign=SAAS50&utm_content=post0606
607,Privacy engineering,"Today’s note on browser privacy: Avoid team handoff friction with operational stacks when you build reliable browser automation stacks. Our site is about reliability-first comparisons beat feature lists when you want a stable stack for browser privacy controls. It helps browser ops channels convert more audiences by sharing trusted coupon evidence while staying smart on affiliate messaging. Start with the reliability framework, then apply SAAS50. This approach works across desktop, browser, and API audiences. [607/1000]",https://saasverdict.com/go/multilogin?utm_source=linkedin&utm_medium=auto_post&utm_campaign=SAAS50&utm_content=post0607
608,Cost sustainability,"Here’s a strong rule for scale: Avoid unreliable anti-detect browser setup when you build reliable browser automation stacks. Our site is about reliability-first comparisons beat feature lists when you want a stable stack for browser privacy controls. It helps browser ops channels convert more audiences by sharing trusted coupon evidence while staying smart on affiliate messaging. Follow the evidence-first process and use SAAS50 if it fits. This approach works across desktop, browser, and API audiences. [608/1000]",https://saasverdict.com/go/multilogin?utm_source=linkedin&utm_medium=auto_post&utm_campaign=SAAS50&utm_content=post0608
609,Review methodology,"A practical take: Avoid high subscription cost without a proper comparison when you build reliable browser automation stacks. Our site is about reliability-first comparisons beat feature lists when you want a stable stack for browser privacy controls. It helps browser ops channels convert more audiences by sharing trusted coupon evidence while staying smart on affiliate messaging. Validate the stack, then apply SAAS50 for the discount. This approach works across desktop, browser, and API audiences. [609/1000]",https://saasverdict.com/go/multilogin?utm_source=linkedin&utm_medium=auto_post&utm_campaign=SAAS50&utm_content=post0609
610,Comparison hub,"If you manage accounts at scale, this helps: Avoid unclear vendor tradeoffs for automation projects when you build reliable browser automation stacks. Our site is about reliability-first comparisons beat feature lists when you want a stable stack for discount validity checks. It helps browser ops channels convert more audiences by sharing trusted coupon evidence while staying smart on affiliate messaging. Use SAAS50 and keep recommending trusted, verified offers. This approach works across desktop, browser, and API audiences. [610/1000]",https://saasverdict.com/go/multilogin?utm_source=linkedin&utm_medium=auto_post&utm_campaign=SAAS50&utm_content=post0610
611,Browser automation,"Quick update: Avoid browser fingerprint drift under repeated runs when you build reliable browser automation stacks. Our site is about promo verification keeps you from paying full price for unreliable claims for discount validity checks. It helps browser ops channels convert more audiences by sharing trusted coupon evidence while staying smart on affiliate messaging. Check the verified promo and use SAAS50 for 50% off. This approach works across desktop, browser, and API audiences. [611/1000]",https://saasverdict.com/go/multilogin?utm_source=linkedin&utm_medium=auto_post&utm_campaign=SAAS50&utm_content=post0611
612,Promo verification,"Pro tip for browser ops teams: Avoid promo claims with no proof when you build reliable browser automation stacks. Our site is about promo verification keeps you from paying full price for unreliable claims for discount validity checks. It helps browser ops channels convert more audiences by sharing trusted coupon evidence while staying smart on affiliate messaging. See the discount proof and apply SAAS50 at checkout. This approach works across desktop, browser, and API audiences. [612/1000]",https://saasverdict.com/go/multilogin?utm_source=linkedin&utm_medium=auto_post&utm_campaign=SAAS50&utm_content=post0612
613,Affiliate trust,"Short reminder: Avoid fragile profile consistency when you build trusted vendor proof before purchase. Our site is about promo verification keeps you from paying full price for unreliable claims for discount validity checks. It helps privacy-savvy teams convert more audiences by sharing trusted coupon evidence while staying smart on affiliate messaging. Use SAAS50 when you buy, and share the verified savings path. This approach works across desktop, browser, and API audiences. [613/1000]",https://saasverdict.com/go/multilogin?utm_source=linkedin&utm_medium=auto_post&utm_campaign=SAAS50&utm_content=post0613
614,Multi-account ops,"Insight for automation engineers: Avoid API connection failures during scale when you build trusted vendor proof before purchase. Our site is about promo verification keeps you from paying full price for unreliable claims for discount validity checks. It helps privacy-savvy teams convert more audiences by sharing trusted coupon evidence while staying smart on affiliate messaging. Open the promo hub, validate the offer, and use SAAS50. This approach works across desktop, browser, and API audiences. [614/1000]",https://saasverdict.com/go/multilogin?utm_source=linkedin&utm_medium=auto_post&utm_campaign=SAAS50&utm_content=post0614
615,Workflow reliability,"If you care about multi-account reliability, note this: Avoid manual discount checks before checkout when you build trusted vendor proof before purchase. Our site is about promo verification keeps you from paying full price for unreliable claims for discount validity checks. It helps privacy-savvy teams convert more audiences by sharing trusted coupon evidence while staying smart on affiliate messaging. Use SAAS50 for your next Multilogin checkout with confidence. This approach works across desktop, browser, and API audiences. [615/1000]",https://saasverdict.com/go/multilogin?utm_source=linkedin&utm_medium=auto_post&utm_campaign=SAAS50&utm_content=post0615
616,API runbooks,"Smart operators do this: Avoid privacy leaks in multi-account browsers when you build trusted vendor proof before purchase. Our site is about promo verification keeps you from paying full price for unreliable claims for discount validity checks. It helps privacy-savvy teams convert more audiences by sharing trusted coupon evidence while staying smart on affiliate messaging. Bookmark the comparison hub and use SAAS50 for a better deal. This approach works across desktop, browser, and API audiences. [616/1000]",https://saasverdict.com/go/multilogin?utm_source=linkedin&utm_medium=auto_post&utm_campaign=SAAS50&utm_content=post0616
617,Privacy engineering,"Today’s note on browser privacy: Avoid team handoff friction with operational stacks when you build trusted vendor proof before purchase. Our site is about promo verification keeps you from paying full price for unreliable claims for multi-account workflow resilience. It helps privacy-savvy teams convert more audiences by sharing trusted coupon evidence while staying smart on affiliate messaging. Start with the reliability framework, then apply SAAS50. This approach works across desktop, browser, and API audiences. [617/1000]",https://saasverdict.com/go/multilogin?utm_source=linkedin&utm_medium=auto_post&utm_campaign=SAAS50&utm_content=post0617
618,Cost sustainability,"Here’s a strong rule for scale: Avoid unreliable anti-detect browser setup when you build trusted vendor proof before purchase. Our site is about promo verification keeps you from paying full price for unreliable claims for multi-account workflow resilience. It helps privacy-savvy teams convert more audiences by sharing trusted coupon evidence while staying smart on affiliate messaging. Follow the evidence-first process and use SAAS50 if it fits. This approach works across desktop, browser, and API audiences. [618/1000]",https://saasverdict.com/go/multilogin?utm_source=linkedin&utm_medium=auto_post&utm_campaign=SAAS50&utm_content=post0618
619,Review methodology,"A practical take: Avoid high subscription cost without a proper comparison when you build trusted vendor proof before purchase. Our site is about promo verification keeps you from paying full price for unreliable claims for multi-account workflow resilience. It helps privacy-savvy teams convert more audiences by sharing trusted coupon evidence while staying smart on affiliate messaging. Validate the stack, then apply SAAS50 for the discount. This approach works across desktop, browser, and API audiences. [619/1000]",https://saasverdict.com/go/multilogin?utm_source=linkedin&utm_medium=auto_post&utm_campaign=SAAS50&utm_content=post0619
620,Comparison hub,"If you manage accounts at scale, this helps: Avoid unclear vendor tradeoffs for automation projects when you build trusted vendor proof before purchase. Our site is about promo verification keeps you from paying full price for unreliable claims for multi-account workflow resilience. It helps privacy-savvy teams convert more audiences by sharing trusted coupon evidence while staying smart on affiliate messaging. Use SAAS50 and keep recommending trusted, verified offers. This approach works across desktop, browser, and API audiences. [620/1000]",https://saasverdict.com/go/multilogin?utm_source=linkedin&utm_medium=auto_post&utm_campaign=SAAS50&utm_content=post0620
621,Browser automation,"Quick update: Avoid browser fingerprint drift under repeated runs when you build trusted vendor proof before purchase. Our site is about a decision workflow is better than chasing every new tool for multi-account workflow resilience. It helps privacy-savvy teams convert more audiences by sharing trusted coupon evidence while staying smart on affiliate messaging. Check the verified promo and use SAAS50 for 50% off. This approach works across desktop, browser, and API audiences. [621/1000]",https://saasverdict.com/go/multilogin?utm_source=linkedin&utm_medium=auto_post&utm_campaign=SAAS50&utm_content=post0621
622,Promo verification,"Pro tip for browser ops teams: Avoid promo claims with no proof when you build trusted vendor proof before purchase. Our site is about a decision workflow is better than chasing every new tool for multi-account workflow resilience. It helps privacy-savvy teams convert more audiences by sharing trusted coupon evidence while staying smart on affiliate messaging. See the discount proof and apply SAAS50 at checkout. This approach works across desktop, browser, and API audiences. [622/1000]",https://saasverdict.com/go/multilogin?utm_source=linkedin&utm_medium=auto_post&utm_campaign=SAAS50&utm_content=post0622
623,Affiliate trust,"Short reminder: Avoid fragile profile consistency when you build trusted vendor proof before purchase. Our site is about a decision workflow is better than chasing every new tool for multi-account workflow resilience. It helps privacy-savvy teams convert more audiences by sharing trusted coupon evidence while staying smart on affiliate messaging. Use SAAS50 when you buy, and share the verified savings path. This approach works across desktop, browser, and API audiences. [623/1000]",https://saasverdict.com/go/multilogin?utm_source=linkedin&utm_medium=auto_post&utm_campaign=SAAS50&utm_content=post0623
624,Multi-account ops,"Insight for automation engineers: Avoid API connection failures during scale when you build trusted vendor proof before purchase. Our site is about a decision workflow is better than chasing every new tool for comparison clarity for buyers. It helps privacy-savvy teams convert more audiences by sharing trusted coupon evidence while staying smart on affiliate messaging. Open the promo hub, validate the offer, and use SAAS50. This approach works across desktop, browser, and API audiences. [624/1000]",https://saasverdict.com/go/multilogin?utm_source=linkedin&utm_medium=auto_post&utm_campaign=SAAS50&utm_content=post0624
625,Workflow reliability,"If you care about multi-account reliability, note this: Avoid manual discount checks before checkout when you build technical decision support for account ops. Our site is about a decision workflow is better than chasing every new tool for comparison clarity for buyers. It helps privacy-savvy teams convert more audiences by sharing trusted coupon evidence while staying smart on affiliate messaging. Use SAAS50 for your next Multilogin checkout with confidence. This approach works across desktop, browser, and API audiences. [625/1000]",https://saasverdict.com/go/multilogin?utm_source=linkedin&utm_medium=auto_post&utm_campaign=SAAS50&utm_content=post0625
626,API runbooks,"Smart operators do this: Avoid privacy leaks in multi-account browsers when you build technical decision support for account ops. Our site is about a decision workflow is better than chasing every new tool for comparison clarity for buyers. It helps privacy-savvy teams reduce risk in paid account operations while staying smart on affiliate messaging. Bookmark the comparison hub and use SAAS50 for a better deal. This approach works across desktop, browser, and API audiences. [626/1000]",https://saasverdict.com/go/multilogin?utm_source=linkedin&utm_medium=auto_post&utm_campaign=SAAS50&utm_content=post0626
627,Privacy engineering,"Today’s note on browser privacy: Avoid team handoff friction with operational stacks when you build technical decision support for account ops. Our site is about a decision workflow is better than chasing every new tool for comparison clarity for buyers. It helps privacy-savvy teams reduce risk in paid account operations while staying smart on affiliate messaging. Start with the reliability framework, then apply SAAS50. This approach works across desktop, browser, and API audiences. [627/1000]",https://saasverdict.com/go/multilogin?utm_source=linkedin&utm_medium=auto_post&utm_campaign=SAAS50&utm_content=post0627
628,Cost sustainability,Here’s a strong rule for scale: Avoid unreliable anti-detect browser setup when you build technical decision support for account ops. Our site is about a decision workflow is better than chasing every new tool for comparison clarity for buyers. It helps privacy-savvy teams reduce risk in paid account operations while staying smart on affiliate messaging. Follow the evidence-first process and use SAAS50 if it fits. The smartest posts pair a workflow tip with a verified discount. [628/1000],https://saasverdict.com/go/multilogin?utm_source=linkedin&utm_medium=auto_post&utm_campaign=SAAS50&utm_content=post0628
629,Review methodology,"A practical take: Avoid high subscription cost without a proper comparison when you build technical decision support for account ops. Our site is about a decision workflow is better than chasing every new tool for comparison clarity for buyers. It helps privacy-savvy teams reduce risk in paid account operations while staying smart on affiliate messaging. Validate the stack, then apply SAAS50 for the discount. The smartest posts pair a workflow tip with a verified discount. [629/1000]",https://saasverdict.com/go/multilogin?utm_source=linkedin&utm_medium=auto_post&utm_campaign=SAAS50&utm_content=post0629
630,Comparison hub,"If you manage accounts at scale, this helps: Avoid unclear vendor tradeoffs for automation projects when you build technical decision support for account ops. Our site is about a decision workflow is better than chasing every new tool for comparison clarity for buyers. It helps SaaS decision makers reduce risk in paid account operations while staying smart on affiliate messaging. Use SAAS50 and keep recommending trusted, verified offers. The smartest posts pair a workflow tip with a verified discount. [630/1000]",https://saasverdict.com/go/multilogin?utm_source=linkedin&utm_medium=auto_post&utm_campaign=SAAS50&utm_content=post0630
631,Browser automation,Quick update: Avoid browser fingerprint drift under repeated runs when you build technical decision support for account ops. Our site is about API runbooks reduce downtime and release risk for browser profile stability. It helps SaaS decision makers reduce risk in paid account operations while staying smart on affiliate messaging. Check the verified promo and use SAAS50 for 50% off. The smartest posts pair a workflow tip with a verified discount. [631/1000],https://saasverdict.com/go/multilogin?utm_source=linkedin&utm_medium=auto_post&utm_campaign=SAAS50&utm_content=post0631
632,Promo verification,Pro tip for browser ops teams: Avoid promo claims with no proof when you build technical decision support for account ops. Our site is about API runbooks reduce downtime and release risk for browser profile stability. It helps SaaS decision makers reduce risk in paid account operations while staying smart on affiliate messaging. See the discount proof and apply SAAS50 at checkout. The smartest posts pair a workflow tip with a verified discount. [632/1000],https://saasverdict.com/go/multilogin?utm_source=linkedin&utm_medium=auto_post&utm_campaign=SAAS50&utm_content=post0632
633,Affiliate trust,"Short reminder: Avoid fragile profile consistency when you build technical decision support for account ops. Our site is about API runbooks reduce downtime and release risk for browser profile stability. It helps SaaS decision makers reduce risk in paid account operations while staying smart on affiliate messaging. Use SAAS50 when you buy, and share the verified savings path. The smartest posts pair a workflow tip with a verified discount. [633/1000]",https://saasverdict.com/go/multilogin?utm_source=linkedin&utm_medium=auto_post&utm_campaign=SAAS50&utm_content=post0633
634,Multi-account ops,"Insight for automation engineers: Avoid API connection failures during scale when you build technical decision support for account ops. Our site is about API runbooks reduce downtime and release risk for browser profile stability. It helps SaaS decision makers reduce risk in paid account operations while staying smart on affiliate messaging. Open the promo hub, validate the offer, and use SAAS50. The smartest posts pair a workflow tip with a verified discount. [634/1000]",https://saasverdict.com/go/multilogin?utm_source=linkedin&utm_medium=auto_post&utm_campaign=SAAS50&utm_content=post0634
635,Workflow reliability,"If you care about multi-account reliability, note this: Avoid manual discount checks before checkout when you build technical decision support for account ops. Our site is about API runbooks reduce downtime and release risk for browser profile stability. It helps SaaS decision makers reduce risk in paid account operations while staying smart on affiliate messaging. Use SAAS50 for your next Multilogin checkout with confidence. The smartest posts pair a workflow tip with a verified discount. [635/1000]",https://saasverdict.com/go/multilogin?utm_source=linkedin&utm_medium=auto_post&utm_campaign=SAAS50&utm_content=post0635
636,API runbooks,Smart operators do this: Avoid privacy leaks in multi-account browsers when you build technical decision support for account ops. Our site is about API runbooks reduce downtime and release risk for browser profile stability. It helps SaaS decision makers reduce risk in paid account operations while staying smart on affiliate messaging. Bookmark the comparison hub and use SAAS50 for a better deal. The smartest posts pair a workflow tip with a verified discount. [636/1000],https://saasverdict.com/go/multilogin?utm_source=linkedin&utm_medium=auto_post&utm_campaign=SAAS50&utm_content=post0636
637,Privacy engineering,"Today’s note on browser privacy: Avoid team handoff friction with operational stacks when you build compliance-aware automation playbooks. Our site is about API runbooks reduce downtime and release risk for browser profile stability. It helps SaaS decision makers reduce risk in paid account operations while staying smart on affiliate messaging. Start with the reliability framework, then apply SAAS50. The smartest posts pair a workflow tip with a verified discount. [637/1000]",https://saasverdict.com/go/multilogin?utm_source=linkedin&utm_medium=auto_post&utm_campaign=SAAS50&utm_content=post0637
638,Cost sustainability,Here’s a strong rule for scale: Avoid unreliable anti-detect browser setup when you build compliance-aware automation playbooks. Our site is about API runbooks reduce downtime and release risk for API integration quality. It helps SaaS decision makers reduce risk in paid account operations while staying smart on affiliate messaging. Follow the evidence-first process and use SAAS50 if it fits. The smartest posts pair a workflow tip with a verified discount. [638/1000],https://saasverdict.com/go/multilogin?utm_source=linkedin&utm_medium=auto_post&utm_campaign=SAAS50&utm_content=post0638
639,Review methodology,"A practical take: Avoid high subscription cost without a proper comparison when you build compliance-aware automation playbooks. Our site is about API runbooks reduce downtime and release risk for API integration quality. It helps SaaS decision makers reduce risk in paid account operations while staying smart on affiliate messaging. Validate the stack, then apply SAAS50 for the discount. The smartest posts pair a workflow tip with a verified discount. [639/1000]",https://saasverdict.com/go/multilogin?utm_source=linkedin&utm_medium=auto_post&utm_campaign=SAAS50&utm_content=post0639
640,Comparison hub,"If you manage accounts at scale, this helps: Avoid unclear vendor tradeoffs for automation projects when you build compliance-aware automation playbooks. Our site is about API runbooks reduce downtime and release risk for API integration quality. It helps SaaS decision makers reduce risk in paid account operations while staying smart on affiliate messaging. Use SAAS50 and keep recommending trusted, verified offers. The smartest posts pair a workflow tip with a verified discount. [640/1000]",https://saasverdict.com/go/multilogin?utm_source=linkedin&utm_medium=auto_post&utm_campaign=SAAS50&utm_content=post0640
641,Browser automation,Quick update: Avoid browser fingerprint drift under repeated runs when you build compliance-aware automation playbooks. Our site is about evidence-based guides make affiliate recommendations credible and sustainable for API integration quality. It helps SaaS decision makers reduce risk in paid account operations while staying smart on affiliate messaging. Check the verified promo and use SAAS50 for 50% off. The smartest posts pair a workflow tip with a verified discount. [641/1000],https://saasverdict.com/go/multilogin?utm_source=linkedin&utm_medium=auto_post&utm_campaign=SAAS50&utm_content=post0641
642,Promo verification,Pro tip for browser ops teams: Avoid promo claims with no proof when you build compliance-aware automation playbooks. Our site is about evidence-based guides make affiliate recommendations credible and sustainable for API integration quality. It helps SaaS decision makers reduce risk in paid account operations while staying smart on affiliate messaging. See the discount proof and apply SAAS50 at checkout. The smartest posts pair a workflow tip with a verified discount. [642/1000],https://saasverdict.com/go/multilogin?utm_source=linkedin&utm_medium=auto_post&utm_campaign=SAAS50&utm_content=post0642
643,Affiliate trust,"Short reminder: Avoid fragile profile consistency when you build compliance-aware automation playbooks. Our site is about evidence-based guides make affiliate recommendations credible and sustainable for API integration quality. It helps SaaS decision makers reduce risk in paid account operations while staying smart on affiliate messaging. Use SAAS50 when you buy, and share the verified savings path. The smartest posts pair a workflow tip with a verified discount. [643/1000]",https://saasverdict.com/go/multilogin?utm_source=linkedin&utm_medium=auto_post&utm_campaign=SAAS50&utm_content=post0643
644,Multi-account ops,"Insight for automation engineers: Avoid API connection failures during scale when you build compliance-aware automation playbooks. Our site is about evidence-based guides make affiliate recommendations credible and sustainable for API integration quality. It helps SaaS decision makers reduce risk in paid account operations while staying smart on affiliate messaging. Open the promo hub, validate the offer, and use SAAS50. The smartest posts pair a workflow tip with a verified discount. [644/1000]",https://saasverdict.com/go/multilogin?utm_source=linkedin&utm_medium=auto_post&utm_campaign=SAAS50&utm_content=post0644
645,Workflow reliability,"If you care about multi-account reliability, note this: Avoid manual discount checks before checkout when you build compliance-aware automation playbooks. Our site is about evidence-based guides make affiliate recommendations credible and sustainable for promo verification evidence. It helps SaaS decision makers reduce risk in paid account operations while staying smart on affiliate messaging. Use SAAS50 for your next Multilogin checkout with confidence. The smartest posts pair a workflow tip with a verified discount. [645/1000]",https://saasverdict.com/go/multilogin?utm_source=linkedin&utm_medium=auto_post&utm_campaign=SAAS50&utm_content=post0645
646,API runbooks,Smart operators do this: Avoid privacy leaks in multi-account browsers when you build compliance-aware automation playbooks. Our site is about evidence-based guides make affiliate recommendations credible and sustainable for promo verification evidence. It helps SaaS decision makers reduce risk in paid account operations while staying smart on affiliate messaging. Bookmark the comparison hub and use SAAS50 for a better deal. The smartest posts pair a workflow tip with a verified discount. [646/1000],https://saasverdict.com/go/multilogin?utm_source=linkedin&utm_medium=auto_post&utm_campaign=SAAS50&utm_content=post0646
647,Privacy engineering,"Today’s note on browser privacy: Avoid team handoff friction with operational stacks when you build compliance-aware automation playbooks. Our site is about evidence-based guides make affiliate recommendations credible and sustainable for promo verification evidence. It helps multilogin and alternative buyers reduce risk in paid account operations while staying smart on affiliate messaging. Start with the reliability framework, then apply SAAS50. The smartest posts pair a workflow tip with a verified discount. [647/1000]",https://saasverdict.com/go/multilogin?utm_source=linkedin&utm_medium=auto_post&utm_campaign=SAAS50&utm_content=post0647
648,Cost sustainability,Here’s a strong rule for scale: Avoid unreliable anti-detect browser setup when you build compliance-aware automation playbooks. Our site is about evidence-based guides make affiliate recommendations credible and sustainable for promo verification evidence. It helps multilogin and alternative buyers reduce risk in paid account operations while staying smart on affiliate messaging. Follow the evidence-first process and use SAAS50 if it fits. The smartest posts pair a workflow tip with a verified discount. [648/1000],https://saasverdict.com/go/multilogin?utm_source=linkedin&utm_medium=auto_post&utm_campaign=SAAS50&utm_content=post0648
649,Review methodology,"A practical take: Avoid high subscription cost without a proper comparison when you build risk-aware tools for market research. Our site is about evidence-based guides make affiliate recommendations credible and sustainable for promo verification evidence. It helps multilogin and alternative buyers reduce risk in paid account operations while staying smart on affiliate messaging. Validate the stack, then apply SAAS50 for the discount. The smartest posts pair a workflow tip with a verified discount. [649/1000]",https://saasverdict.com/go/multilogin?utm_source=linkedin&utm_medium=auto_post&utm_campaign=SAAS50&utm_content=post0649
650,Comparison hub,"If you manage accounts at scale, this helps: Avoid unclear vendor tradeoffs for automation projects when you build risk-aware tools for market research. Our site is about evidence-based guides make affiliate recommendations credible and sustainable for promo verification evidence. It helps multilogin and alternative buyers reduce risk in paid account operations while staying smart on affiliate messaging. Use SAAS50 and keep recommending trusted, verified offers. The smartest posts pair a workflow tip with a verified discount. [650/1000]",https://saasverdict.com/go/multilogin?utm_source=linkedin&utm_medium=auto_post&utm_campaign=SAAS50&utm_content=post0650
651,Browser automation,Quick update: Avoid browser fingerprint drift under repeated runs when you build risk-aware tools for market research. Our site is about browser privacy checks should include worker thread parity for promo verification evidence. It helps multilogin and alternative buyers stay in compliance while still selling privacy-first value while staying smart on affiliate messaging. Check the verified promo and use SAAS50 for 50% off. The smartest posts pair a workflow tip with a verified discount. [651/1000],https://saasverdict.com/go/multilogin?utm_source=linkedin&utm_medium=auto_post&utm_campaign=SAAS50&utm_content=post0651
652,Promo verification,Pro tip for browser ops teams: Avoid promo claims with no proof when you build risk-aware tools for market research. Our site is about browser privacy checks should include worker thread parity for team handoff reliability. It helps multilogin and alternative buyers stay in compliance while still selling privacy-first value while staying smart on affiliate messaging. See the discount proof and apply SAAS50 at checkout. The smartest posts pair a workflow tip with a verified discount. [652/1000],https://saasverdict.com/go/multilogin?utm_source=linkedin&utm_medium=auto_post&utm_campaign=SAAS50&utm_content=post0652
653,Affiliate trust,"Short reminder: Avoid fragile profile consistency when you build risk-aware tools for market research. Our site is about browser privacy checks should include worker thread parity for team handoff reliability. It helps multilogin and alternative buyers stay in compliance while still selling privacy-first value while staying smart on affiliate messaging. Use SAAS50 when you buy, and share the verified savings path. The smartest posts pair a workflow tip with a verified discount. [653/1000]",https://saasverdict.com/go/multilogin?utm_source=linkedin&utm_medium=auto_post&utm_campaign=SAAS50&utm_content=post0653
654,Multi-account ops,"Insight for automation engineers: Avoid API connection failures during scale when you build risk-aware tools for market research. Our site is about browser privacy checks should include worker thread parity for team handoff reliability. It helps multilogin and alternative buyers stay in compliance while still selling privacy-first value while staying smart on affiliate messaging. Open the promo hub, validate the offer, and use SAAS50. The smartest posts pair a workflow tip with a verified discount. [654/1000]",https://saasverdict.com/go/multilogin?utm_source=linkedin&utm_medium=auto_post&utm_campaign=SAAS50&utm_content=post0654
655,Workflow reliability,"If you care about multi-account reliability, note this: Avoid manual discount checks before checkout when you build risk-aware tools for market research. Our site is about browser privacy checks should include worker thread parity for team handoff reliability. It helps multilogin and alternative buyers stay in compliance while still selling privacy-first value while staying smart on affiliate messaging. Use SAAS50 for your next Multilogin checkout with confidence. The smartest posts pair a workflow tip with a verified discount. [655/1000]",https://saasverdict.com/go/multilogin?utm_source=linkedin&utm_medium=auto_post&utm_campaign=SAAS50&utm_content=post0655
656,API runbooks,Smart operators do this: Avoid privacy leaks in multi-account browsers when you build risk-aware tools for market research. Our site is about browser privacy checks should include worker thread parity for team handoff reliability. It helps multilogin and alternative buyers stay in compliance while still selling privacy-first value while staying smart on affiliate messaging. Bookmark the comparison hub and use SAAS50 for a better deal. The smartest posts pair a workflow tip with a verified discount. [656/1000],https://saasverdict.com/go/multilogin?utm_source=linkedin&utm_medium=auto_post&utm_campaign=SAAS50&utm_content=post0656
657,Privacy engineering,"Today’s note on browser privacy: Avoid team handoff friction with operational stacks when you build risk-aware tools for market research. Our site is about browser privacy checks should include worker thread parity for team handoff reliability. It helps multilogin and alternative buyers stay in compliance while still selling privacy-first value while staying smart on affiliate messaging. Start with the reliability framework, then apply SAAS50. The smartest posts pair a workflow tip with a verified discount. [657/1000]",https://saasverdict.com/go/multilogin?utm_source=linkedin&utm_medium=auto_post&utm_campaign=SAAS50&utm_content=post0657
658,Cost sustainability,Here’s a strong rule for scale: Avoid unreliable anti-detect browser setup when you build risk-aware tools for market research. Our site is about browser privacy checks should include worker thread parity for team handoff reliability. It helps multilogin and alternative buyers stay in compliance while still selling privacy-first value while staying smart on affiliate messaging. Follow the evidence-first process and use SAAS50 if it fits. The smartest posts pair a workflow tip with a verified discount. [658/1000],https://saasverdict.com/go/multilogin?utm_source=linkedin&utm_medium=auto_post&utm_campaign=SAAS50&utm_content=post0658
659,Review methodology,"A practical take: Avoid high subscription cost without a proper comparison when you build risk-aware tools for market research. Our site is about browser privacy checks should include worker thread parity for leak and fingerprint parity. It helps multilogin and alternative buyers stay in compliance while still selling privacy-first value while staying smart on affiliate messaging. Validate the stack, then apply SAAS50 for the discount. The smartest posts pair a workflow tip with a verified discount. [659/1000]",https://saasverdict.com/go/multilogin?utm_source=linkedin&utm_medium=auto_post&utm_campaign=SAAS50&utm_content=post0659
660,Comparison hub,"If you manage accounts at scale, this helps: Avoid unclear vendor tradeoffs for automation projects when you build risk-aware tools for market research. Our site is about browser privacy checks should include worker thread parity for leak and fingerprint parity. It helps multilogin and alternative buyers stay in compliance while still selling privacy-first value while staying smart on affiliate messaging. Use SAAS50 and keep recommending trusted, verified offers. The smartest posts pair a workflow tip with a verified discount. [660/1000]",https://saasverdict.com/go/multilogin?utm_source=linkedin&utm_medium=auto_post&utm_campaign=SAAS50&utm_content=post0660
661,Browser automation,Quick update: Avoid browser fingerprint drift under repeated runs when you build proof-first promo sharing. Our site is about discounts perform better when shared with trust and context for leak and fingerprint parity. It helps multilogin and alternative buyers stay in compliance while still selling privacy-first value while staying smart on affiliate messaging. Check the verified promo and use SAAS50 for 50% off. This is the kind of content that builds long-term affiliate trust. [661/1000],https://saasverdict.com/go/multilogin?utm_source=linkedin&utm_medium=auto_post&utm_campaign=SAAS50&utm_content=post0661
662,Promo verification,Pro tip for browser ops teams: Avoid promo claims with no proof when you build proof-first promo sharing. Our site is about discounts perform better when shared with trust and context for leak and fingerprint parity. It helps multilogin and alternative buyers stay in compliance while still selling privacy-first value while staying smart on affiliate messaging. See the discount proof and apply SAAS50 at checkout. This is the kind of content that builds long-term affiliate trust. [662/1000],https://saasverdict.com/go/multilogin?utm_source=linkedin&utm_medium=auto_post&utm_campaign=SAAS50&utm_content=post0662
663,Affiliate trust,"Short reminder: Avoid fragile profile consistency when you build proof-first promo sharing. Our site is about discounts perform better when shared with trust and context for leak and fingerprint parity. It helps multilogin and alternative buyers stay in compliance while still selling privacy-first value while staying smart on affiliate messaging. Use SAAS50 when you buy, and share the verified savings path. This is the kind of content that builds long-term affiliate trust. [663/1000]",https://saasverdict.com/go/multilogin?utm_source=linkedin&utm_medium=auto_post&utm_campaign=SAAS50&utm_content=post0663
664,Multi-account ops,"Insight for automation engineers: Avoid API connection failures during scale when you build proof-first promo sharing. Our site is about discounts perform better when shared with trust and context for leak and fingerprint parity. It helps browser privacy audiences stay in compliance while still selling privacy-first value while staying smart on affiliate messaging. Open the promo hub, validate the offer, and use SAAS50. This is the kind of content that builds long-term affiliate trust. [664/1000]",https://saasverdict.com/go/multilogin?utm_source=linkedin&utm_medium=auto_post&utm_campaign=SAAS50&utm_content=post0664
665,Workflow reliability,"If you care about multi-account reliability, note this: Avoid manual discount checks before checkout when you build proof-first promo sharing. Our site is about discounts perform better when shared with trust and context for leak and fingerprint parity. It helps browser privacy audiences stay in compliance while still selling privacy-first value while staying smart on affiliate messaging. Use SAAS50 for your next Multilogin checkout with confidence. This is the kind of content that builds long-term affiliate trust. [665/1000]",https://saasverdict.com/go/multilogin?utm_source=linkedin&utm_medium=auto_post&utm_campaign=SAAS50&utm_content=post0665
666,API runbooks,Smart operators do this: Avoid privacy leaks in multi-account browsers when you build proof-first promo sharing. Our site is about discounts perform better when shared with trust and context for operational cost transparency. It helps browser privacy audiences stay in compliance while still selling privacy-first value while staying smart on affiliate messaging. Bookmark the comparison hub and use SAAS50 for a better deal. This is the kind of content that builds long-term affiliate trust. [666/1000],https://saasverdict.com/go/multilogin?utm_source=linkedin&utm_medium=auto_post&utm_campaign=SAAS50&utm_content=post0666
667,Privacy engineering,"Today’s note on browser privacy: Avoid team handoff friction with operational stacks when you build proof-first promo sharing. Our site is about discounts perform better when shared with trust and context for operational cost transparency. It helps browser privacy audiences stay in compliance while still selling privacy-first value while staying smart on affiliate messaging. Start with the reliability framework, then apply SAAS50. This is the kind of content that builds long-term affiliate trust. [667/1000]",https://saasverdict.com/go/multilogin?utm_source=linkedin&utm_medium=auto_post&utm_campaign=SAAS50&utm_content=post0667
668,Cost sustainability,Here’s a strong rule for scale: Avoid unreliable anti-detect browser setup when you build proof-first promo sharing. Our site is about discounts perform better when shared with trust and context for operational cost transparency. It helps browser privacy audiences stay in compliance while still selling privacy-first value while staying smart on affiliate messaging. Follow the evidence-first process and use SAAS50 if it fits. This is the kind of content that builds long-term affiliate trust. [668/1000],https://saasverdict.com/go/multilogin?utm_source=linkedin&utm_medium=auto_post&utm_campaign=SAAS50&utm_content=post0668
669,Review methodology,"A practical take: Avoid high subscription cost without a proper comparison when you build proof-first promo sharing. Our site is about discounts perform better when shared with trust and context for operational cost transparency. It helps browser privacy audiences stay in compliance while still selling privacy-first value while staying smart on affiliate messaging. Validate the stack, then apply SAAS50 for the discount. This is the kind of content that builds long-term affiliate trust. [669/1000]",https://saasverdict.com/go/multilogin?utm_source=linkedin&utm_medium=auto_post&utm_campaign=SAAS50&utm_content=post0669
670,Comparison hub,"If you manage accounts at scale, this helps: Avoid unclear vendor tradeoffs for automation projects when you build proof-first promo sharing. Our site is about discounts perform better when shared with trust and context for operational cost transparency. It helps browser privacy audiences stay in compliance while still selling privacy-first value while staying smart on affiliate messaging. Use SAAS50 and keep recommending trusted, verified offers. This is the kind of content that builds long-term affiliate trust. [670/1000]",https://saasverdict.com/go/multilogin?utm_source=linkedin&utm_medium=auto_post&utm_campaign=SAAS50&utm_content=post0670
671,Browser automation,Quick update: Avoid browser fingerprint drift under repeated runs when you build proof-first promo sharing. Our site is about tool selection should prioritize profile stability and operational cost for operational cost transparency. It helps browser privacy audiences stay in compliance while still selling privacy-first value while staying smart on affiliate messaging. Check the verified promo and use SAAS50 for 50% off. This is the kind of content that builds long-term affiliate trust. [671/1000],https://saasverdict.com/go/multilogin?utm_source=linkedin&utm_medium=auto_post&utm_campaign=SAAS50&utm_content=post0671
672,Promo verification,Pro tip for browser ops teams: Avoid promo claims with no proof when you build proof-first promo sharing. Our site is about tool selection should prioritize profile stability and operational cost for operational cost transparency. It helps browser privacy audiences stay in compliance while still selling privacy-first value while staying smart on affiliate messaging. See the discount proof and apply SAAS50 at checkout. This is the kind of content that builds long-term affiliate trust. [672/1000],https://saasverdict.com/go/multilogin?utm_source=linkedin&utm_medium=auto_post&utm_campaign=SAAS50&utm_content=post0672
673,Affiliate trust,"Short reminder: Avoid fragile profile consistency when you build quality-first affiliate recommendations. Our site is about tool selection should prioritize profile stability and operational cost for browser privacy controls. It helps browser privacy audiences stay in compliance while still selling privacy-first value while staying smart on affiliate messaging. Use SAAS50 when you buy, and share the verified savings path. This is the kind of content that builds long-term affiliate trust. [673/1000]",https://saasverdict.com/go/multilogin?utm_source=linkedin&utm_medium=auto_post&utm_campaign=SAAS50&utm_content=post0673
674,Multi-account ops,"Insight for automation engineers: Avoid API connection failures during scale when you build quality-first affiliate recommendations. Our site is about tool selection should prioritize profile stability and operational cost for browser privacy controls. It helps browser privacy audiences stay in compliance while still selling privacy-first value while staying smart on affiliate messaging. Open the promo hub, validate the offer, and use SAAS50. This is the kind of content that builds long-term affiliate trust. [674/1000]",https://saasverdict.com/go/multilogin?utm_source=linkedin&utm_medium=auto_post&utm_campaign=SAAS50&utm_content=post0674
675,Workflow reliability,"If you care about multi-account reliability, note this: Avoid manual discount checks before checkout when you build quality-first affiliate recommendations. Our site is about tool selection should prioritize profile stability and operational cost for browser privacy controls. It helps browser privacy audiences stay in compliance while still selling privacy-first value while staying smart on affiliate messaging. Use SAAS50 for your next Multilogin checkout with confidence. This is the kind of content that builds long-term affiliate trust. [675/1000]",https://saasverdict.com/go/multilogin?utm_source=linkedin&utm_medium=auto_post&utm_campaign=SAAS50&utm_content=post0675
676,API runbooks,Smart operators do this: Avoid privacy leaks in multi-account browsers when you build quality-first affiliate recommendations. Our site is about tool selection should prioritize profile stability and operational cost for browser privacy controls. It helps browser privacy audiences use a structured checklist rather than guesswork while staying smart on affiliate messaging. Bookmark the comparison hub and use SAAS50 for a better deal. This is the kind of content that builds long-term affiliate trust. [676/1000],https://saasverdict.com/go/multilogin?utm_source=linkedin&utm_medium=auto_post&utm_campaign=SAAS50&utm_content=post0676
677,Privacy engineering,"Today’s note on browser privacy: Avoid team handoff friction with operational stacks when you build quality-first affiliate recommendations. Our site is about tool selection should prioritize profile stability and operational cost for browser privacy controls. It helps browser privacy audiences use a structured checklist rather than guesswork while staying smart on affiliate messaging. Start with the reliability framework, then apply SAAS50. This is the kind of content that builds long-term affiliate trust. [677/1000]",https://saasverdict.com/go/multilogin?utm_source=linkedin&utm_medium=auto_post&utm_campaign=SAAS50&utm_content=post0677
678,Cost sustainability,Here’s a strong rule for scale: Avoid unreliable anti-detect browser setup when you build quality-first affiliate recommendations. Our site is about tool selection should prioritize profile stability and operational cost for browser privacy controls. It helps browser privacy audiences use a structured checklist rather than guesswork while staying smart on affiliate messaging. Follow the evidence-first process and use SAAS50 if it fits. This is the kind of content that builds long-term affiliate trust. [678/1000],https://saasverdict.com/go/multilogin?utm_source=linkedin&utm_medium=auto_post&utm_campaign=SAAS50&utm_content=post0678
679,Review methodology,"A practical take: Avoid high subscription cost without a proper comparison when you build quality-first affiliate recommendations. Our site is about tool selection should prioritize profile stability and operational cost for browser privacy controls. It helps browser privacy audiences use a structured checklist rather than guesswork while staying smart on affiliate messaging. Validate the stack, then apply SAAS50 for the discount. This is the kind of content that builds long-term affiliate trust. [679/1000]",https://saasverdict.com/go/multilogin?utm_source=linkedin&utm_medium=auto_post&utm_campaign=SAAS50&utm_content=post0679
680,Comparison hub,"If you manage accounts at scale, this helps: Avoid unclear vendor tradeoffs for automation projects when you build quality-first affiliate recommendations. Our site is about tool selection should prioritize profile stability and operational cost for discount validity checks. It helps browser privacy audiences use a structured checklist rather than guesswork while staying smart on affiliate messaging. Use SAAS50 and keep recommending trusted, verified offers. This is the kind of content that builds long-term affiliate trust. [680/1000]",https://saasverdict.com/go/multilogin?utm_source=linkedin&utm_medium=auto_post&utm_campaign=SAAS50&utm_content=post0680
681,Browser automation,Quick update: Avoid browser fingerprint drift under repeated runs when you build quality-first affiliate recommendations. Our site is about multi-account operations need both privacy controls and workflow quality for discount validity checks. It helps LinkedIn audiences use a structured checklist rather than guesswork while staying smart on affiliate messaging. Check the verified promo and use SAAS50 for 50% off. This is the kind of content that builds long-term affiliate trust. [681/1000],https://saasverdict.com/go/multilogin?utm_source=linkedin&utm_medium=auto_post&utm_campaign=SAAS50&utm_content=post0681
682,Promo verification,Pro tip for browser ops teams: Avoid promo claims with no proof when you build quality-first affiliate recommendations. Our site is about multi-account operations need both privacy controls and workflow quality for discount validity checks. It helps LinkedIn audiences use a structured checklist rather than guesswork while staying smart on affiliate messaging. See the discount proof and apply SAAS50 at checkout. This is the kind of content that builds long-term affiliate trust. [682/1000],https://saasverdict.com/go/multilogin?utm_source=linkedin&utm_medium=auto_post&utm_campaign=SAAS50&utm_content=post0682
683,Affiliate trust,"Short reminder: Avoid fragile profile consistency when you build quality-first affiliate recommendations. Our site is about multi-account operations need both privacy controls and workflow quality for discount validity checks. It helps LinkedIn audiences use a structured checklist rather than guesswork while staying smart on affiliate messaging. Use SAAS50 when you buy, and share the verified savings path. This is the kind of content that builds long-term affiliate trust. [683/1000]",https://saasverdict.com/go/multilogin?utm_source=linkedin&utm_medium=auto_post&utm_campaign=SAAS50&utm_content=post0683
684,Multi-account ops,"Insight for automation engineers: Avoid API connection failures during scale when you build quality-first affiliate recommendations. Our site is about multi-account operations need both privacy controls and workflow quality for discount validity checks. It helps LinkedIn audiences use a structured checklist rather than guesswork while staying smart on affiliate messaging. Open the promo hub, validate the offer, and use SAAS50. This is the kind of content that builds long-term affiliate trust. [684/1000]",https://saasverdict.com/go/multilogin?utm_source=linkedin&utm_medium=auto_post&utm_campaign=SAAS50&utm_content=post0684
685,Workflow reliability,"If you care about multi-account reliability, note this: Avoid manual discount checks before checkout when you build sustainable affiliate post cadence. Our site is about multi-account operations need both privacy controls and workflow quality for discount validity checks. It helps LinkedIn audiences use a structured checklist rather than guesswork while staying smart on affiliate messaging. Use SAAS50 for your next Multilogin checkout with confidence. This is the kind of content that builds long-term affiliate trust. [685/1000]",https://saasverdict.com/go/multilogin?utm_source=linkedin&utm_medium=auto_post&utm_campaign=SAAS50&utm_content=post0685
686,API runbooks,Smart operators do this: Avoid privacy leaks in multi-account browsers when you build sustainable affiliate post cadence. Our site is about multi-account operations need both privacy controls and workflow quality for discount validity checks. It helps LinkedIn audiences use a structured checklist rather than guesswork while staying smart on affiliate messaging. Bookmark the comparison hub and use SAAS50 for a better deal. This is the kind of content that builds long-term affiliate trust. [686/1000],https://saasverdict.com/go/multilogin?utm_source=linkedin&utm_medium=auto_post&utm_campaign=SAAS50&utm_content=post0686
687,Privacy engineering,"Today’s note on browser privacy: Avoid team handoff friction with operational stacks when you build sustainable affiliate post cadence. Our site is about multi-account operations need both privacy controls and workflow quality for multi-account workflow resilience. It helps LinkedIn audiences use a structured checklist rather than guesswork while staying smart on affiliate messaging. Start with the reliability framework, then apply SAAS50. This is the kind of content that builds long-term affiliate trust. [687/1000]",https://saasverdict.com/go/multilogin?utm_source=linkedin&utm_medium=auto_post&utm_campaign=SAAS50&utm_content=post0687
688,Cost sustainability,Here’s a strong rule for scale: Avoid unreliable anti-detect browser setup when you build sustainable affiliate post cadence. Our site is about multi-account operations need both privacy controls and workflow quality for multi-account workflow resilience. It helps LinkedIn audiences use a structured checklist rather than guesswork while staying smart on affiliate messaging. Follow the evidence-first process and use SAAS50 if it fits. This is the kind of content that builds long-term affiliate trust. [688/1000],https://saasverdict.com/go/multilogin?utm_source=linkedin&utm_medium=auto_post&utm_campaign=SAAS50&utm_content=post0688
689,Review methodology,"A practical take: Avoid high subscription cost without a proper comparison when you build sustainable affiliate post cadence. Our site is about multi-account operations need both privacy controls and workflow quality for multi-account workflow resilience. It helps LinkedIn audiences use a structured checklist rather than guesswork while staying smart on affiliate messaging. Validate the stack, then apply SAAS50 for the discount. This is the kind of content that builds long-term affiliate trust. [689/1000]",https://saasverdict.com/go/multilogin?utm_source=linkedin&utm_medium=auto_post&utm_campaign=SAAS50&utm_content=post0689
690,Comparison hub,"If you manage accounts at scale, this helps: Avoid unclear vendor tradeoffs for automation projects when you build sustainable affiliate post cadence. Our site is about multi-account operations need both privacy controls and workflow quality for multi-account workflow resilience. It helps LinkedIn audiences use a structured checklist rather than guesswork while staying smart on affiliate messaging. Use SAAS50 and keep recommending trusted, verified offers. This is the kind of content that builds long-term affiliate trust. [690/1000]",https://saasverdict.com/go/multilogin?utm_source=linkedin&utm_medium=auto_post&utm_campaign=SAAS50&utm_content=post0690
691,Browser automation,Quick update: Avoid browser fingerprint drift under repeated runs when you build sustainable affiliate post cadence. Our site is about automation scaling succeeds when you verify every new browser profile path for multi-account workflow resilience. It helps LinkedIn audiences use a structured checklist rather than guesswork while staying smart on affiliate messaging. Check the verified promo and use SAAS50 for 50% off. This is the kind of content that builds long-term affiliate trust. [691/1000],https://saasverdict.com/go/multilogin?utm_source=linkedin&utm_medium=auto_post&utm_campaign=SAAS50&utm_content=post0691
692,Promo verification,Pro tip for browser ops teams: Avoid promo claims with no proof when you build sustainable affiliate post cadence. Our site is about automation scaling succeeds when you verify every new browser profile path for multi-account workflow resilience. It helps LinkedIn audiences use a structured checklist rather than guesswork while staying smart on affiliate messaging. See the discount proof and apply SAAS50 at checkout. This is the kind of content that builds long-term affiliate trust. [692/1000],https://saasverdict.com/go/multilogin?utm_source=linkedin&utm_medium=auto_post&utm_campaign=SAAS50&utm_content=post0692
693,Affiliate trust,"Short reminder: Avoid fragile profile consistency when you build sustainable affiliate post cadence. Our site is about automation scaling succeeds when you verify every new browser profile path for multi-account workflow resilience. It helps LinkedIn audiences use a structured checklist rather than guesswork while staying smart on affiliate messaging. Use SAAS50 when you buy, and share the verified savings path. This is the kind of content that builds long-term affiliate trust. [693/1000]",https://saasverdict.com/go/multilogin?utm_source=linkedin&utm_medium=auto_post&utm_campaign=SAAS50&utm_content=post0693
694,Multi-account ops,"Insight for automation engineers: Avoid API connection failures during scale when you build sustainable affiliate post cadence. Our site is about automation scaling succeeds when you verify every new browser profile path for comparison clarity for buyers. It helps LinkedIn audiences use a structured checklist rather than guesswork while staying smart on affiliate messaging. Open the promo hub, validate the offer, and use SAAS50. That’s how you scale browser operations without burning credibility. [694/1000]",https://saasverdict.com/go/multilogin?utm_source=linkedin&utm_medium=auto_post&utm_campaign=SAAS50&utm_content=post0694
695,Workflow reliability,"If you care about multi-account reliability, note this: Avoid manual discount checks before checkout when you build sustainable affiliate post cadence. Our site is about automation scaling succeeds when you verify every new browser profile path for comparison clarity for buyers. It helps LinkedIn audiences use a structured checklist rather than guesswork while staying smart on affiliate messaging. Use SAAS50 for your next Multilogin checkout with confidence. That’s how you scale browser operations without burning credibility. [695/1000]",https://saasverdict.com/go/multilogin?utm_source=linkedin&utm_medium=auto_post&utm_campaign=SAAS50&utm_content=post0695
696,API runbooks,Smart operators do this: Avoid privacy leaks in multi-account browsers when you build sustainable affiliate post cadence. Our site is about automation scaling succeeds when you verify every new browser profile path for comparison clarity for buyers. It helps LinkedIn audiences use a structured checklist rather than guesswork while staying smart on affiliate messaging. Bookmark the comparison hub and use SAAS50 for a better deal. That’s how you scale browser operations without burning credibility. [696/1000],https://saasverdict.com/go/multilogin?utm_source=linkedin&utm_medium=auto_post&utm_campaign=SAAS50&utm_content=post0696
697,Privacy engineering,"Today’s note on browser privacy: Avoid team handoff friction with operational stacks when you build browser ops content that converts. Our site is about automation scaling succeeds when you verify every new browser profile path for comparison clarity for buyers. It helps LinkedIn audiences use a structured checklist rather than guesswork while staying smart on affiliate messaging. Start with the reliability framework, then apply SAAS50. That’s how you scale browser operations without burning credibility. [697/1000]",https://saasverdict.com/go/multilogin?utm_source=linkedin&utm_medium=auto_post&utm_campaign=SAAS50&utm_content=post0697
698,Cost sustainability,Here’s a strong rule for scale: Avoid unreliable anti-detect browser setup when you build browser ops content that converts. Our site is about automation scaling succeeds when you verify every new browser profile path for comparison clarity for buyers. It helps Telegram communities use a structured checklist rather than guesswork while staying smart on affiliate messaging. Follow the evidence-first process and use SAAS50 if it fits. That’s how you scale browser operations without burning credibility. [698/1000],https://saasverdict.com/go/multilogin?utm_source=linkedin&utm_medium=auto_post&utm_campaign=SAAS50&utm_content=post0698
699,Review methodology,"A practical take: Avoid high subscription cost without a proper comparison when you build browser ops content that converts. Our site is about automation scaling succeeds when you verify every new browser profile path for comparison clarity for buyers. It helps Telegram communities use a structured checklist rather than guesswork while staying smart on affiliate messaging. Validate the stack, then apply SAAS50 for the discount. That’s how you scale browser operations without burning credibility. [699/1000]",https://saasverdict.com/go/multilogin?utm_source=linkedin&utm_medium=auto_post&utm_campaign=SAAS50&utm_content=post0699
700,Comparison hub,"If you manage accounts at scale, this helps: Avoid unclear vendor tradeoffs for automation projects when you build browser ops content that converts. Our site is about automation scaling succeeds when you verify every new browser profile path for comparison clarity for buyers. It helps Telegram communities use a structured checklist rather than guesswork while staying smart on affiliate messaging. Use SAAS50 and keep recommending trusted, verified offers. That’s how you scale browser operations without burning credibility. [700/1000]",https://saasverdict.com/go/multilogin?utm_source=linkedin&utm_medium=auto_post&utm_campaign=SAAS50&utm_content=post0700
701,Browser automation,Quick update: Avoid browser fingerprint drift under repeated runs when you build browser ops content that converts. Our site is about reliability-first comparisons beat feature lists when you want a stable stack for browser profile stability. It helps Telegram communities increase your trust signals with verified discount guides while staying smart on affiliate messaging. Check the verified promo and use SAAS50 for 50% off. That’s how you scale browser operations without burning credibility. [701/1000],https://saasverdict.com/go/multilogin?utm_source=linkedin&utm_medium=auto_post&utm_campaign=SAAS50&utm_content=post0701
702,Promo verification,Pro tip for browser ops teams: Avoid promo claims with no proof when you build browser ops content that converts. Our site is about reliability-first comparisons beat feature lists when you want a stable stack for browser profile stability. It helps Telegram communities increase your trust signals with verified discount guides while staying smart on affiliate messaging. See the discount proof and apply SAAS50 at checkout. That’s how you scale browser operations without burning credibility. [702/1000],https://saasverdict.com/go/multilogin?utm_source=linkedin&utm_medium=auto_post&utm_campaign=SAAS50&utm_content=post0702
703,Affiliate trust,"Short reminder: Avoid fragile profile consistency when you build browser ops content that converts. Our site is about reliability-first comparisons beat feature lists when you want a stable stack for browser profile stability. It helps Telegram communities increase your trust signals with verified discount guides while staying smart on affiliate messaging. Use SAAS50 when you buy, and share the verified savings path. That’s how you scale browser operations without burning credibility. [703/1000]",https://saasverdict.com/go/multilogin?utm_source=linkedin&utm_medium=auto_post&utm_campaign=SAAS50&utm_content=post0703
704,Multi-account ops,"Insight for automation engineers: Avoid API connection failures during scale when you build browser ops content that converts. Our site is about reliability-first comparisons beat feature lists when you want a stable stack for browser profile stability. It helps Telegram communities increase your trust signals with verified discount guides while staying smart on affiliate messaging. Open the promo hub, validate the offer, and use SAAS50. That’s how you scale browser operations without burning credibility. [704/1000]",https://saasverdict.com/go/multilogin?utm_source=linkedin&utm_medium=auto_post&utm_campaign=SAAS50&utm_content=post0704
705,Workflow reliability,"If you care about multi-account reliability, note this: Avoid manual discount checks before checkout when you build browser ops content that converts. Our site is about reliability-first comparisons beat feature lists when you want a stable stack for browser profile stability. It helps Telegram communities increase your trust signals with verified discount guides while staying smart on affiliate messaging. Use SAAS50 for your next Multilogin checkout with confidence. That’s how you scale browser operations without burning credibility. [705/1000]",https://saasverdict.com/go/multilogin?utm_source=linkedin&utm_medium=auto_post&utm_campaign=SAAS50&utm_content=post0705
706,API runbooks,Smart operators do this: Avoid privacy leaks in multi-account browsers when you build browser ops content that converts. Our site is about reliability-first comparisons beat feature lists when you want a stable stack for browser profile stability. It helps Telegram communities increase your trust signals with verified discount guides while staying smart on affiliate messaging. Bookmark the comparison hub and use SAAS50 for a better deal. That’s how you scale browser operations without burning credibility. [706/1000],https://saasverdict.com/go/multilogin?utm_source=linkedin&utm_medium=auto_post&utm_campaign=SAAS50&utm_content=post0706
707,Privacy engineering,"Today’s note on browser privacy: Avoid team handoff friction with operational stacks when you build browser ops content that converts. Our site is about reliability-first comparisons beat feature lists when you want a stable stack for browser profile stability. It helps Telegram communities increase your trust signals with verified discount guides while staying smart on affiliate messaging. Start with the reliability framework, then apply SAAS50. That’s how you scale browser operations without burning credibility. [707/1000]",https://saasverdict.com/go/multilogin?utm_source=linkedin&utm_medium=auto_post&utm_campaign=SAAS50&utm_content=post0707
708,Cost sustainability,Here’s a strong rule for scale: Avoid unreliable anti-detect browser setup when you build browser ops content that converts. Our site is about reliability-first comparisons beat feature lists when you want a stable stack for API integration quality. It helps Telegram communities increase your trust signals with verified discount guides while staying smart on affiliate messaging. Follow the evidence-first process and use SAAS50 if it fits. That’s how you scale browser operations without burning credibility. [708/1000],https://saasverdict.com/go/multilogin?utm_source=linkedin&utm_medium=auto_post&utm_campaign=SAAS50&utm_content=post0708
709,Review methodology,"A practical take: Avoid high subscription cost without a proper comparison when you build verification-first discount reports. Our site is about reliability-first comparisons beat feature lists when you want a stable stack for API integration quality. It helps Telegram communities increase your trust signals with verified discount guides while staying smart on affiliate messaging. Validate the stack, then apply SAAS50 for the discount. That’s how you scale browser operations without burning credibility. [709/1000]",https://saasverdict.com/go/multilogin?utm_source=linkedin&utm_medium=auto_post&utm_campaign=SAAS50&utm_content=post0709
710,Comparison hub,"If you manage accounts at scale, this helps: Avoid unclear vendor tradeoffs for automation projects when you build verification-first discount reports. Our site is about reliability-first comparisons beat feature lists when you want a stable stack for API integration quality. It helps Telegram communities increase your trust signals with verified discount guides while staying smart on affiliate messaging. Use SAAS50 and keep recommending trusted, verified offers. That’s how you scale browser operations without burning credibility. [710/1000]",https://saasverdict.com/go/multilogin?utm_source=linkedin&utm_medium=auto_post&utm_campaign=SAAS50&utm_content=post0710
711,Browser automation,Quick update: Avoid browser fingerprint drift under repeated runs when you build verification-first discount reports. Our site is about promo verification keeps you from paying full price for unreliable claims for API integration quality. It helps Telegram communities increase your trust signals with verified discount guides while staying smart on affiliate messaging. Check the verified promo and use SAAS50 for 50% off. That’s how you scale browser operations without burning credibility. [711/1000],https://saasverdict.com/go/multilogin?utm_source=linkedin&utm_medium=auto_post&utm_campaign=SAAS50&utm_content=post0711
712,Promo verification,Pro tip for browser ops teams: Avoid promo claims with no proof when you build verification-first discount reports. Our site is about promo verification keeps you from paying full price for unreliable claims for API integration quality. It helps Telegram communities increase your trust signals with verified discount guides while staying smart on affiliate messaging. See the discount proof and apply SAAS50 at checkout. That’s how you scale browser operations without burning credibility. [712/1000],https://saasverdict.com/go/multilogin?utm_source=linkedin&utm_medium=auto_post&utm_campaign=SAAS50&utm_content=post0712
713,Affiliate trust,"Short reminder: Avoid fragile profile consistency when you build verification-first discount reports. Our site is about promo verification keeps you from paying full price for unreliable claims for API integration quality. It helps Telegram communities increase your trust signals with verified discount guides while staying smart on affiliate messaging. Use SAAS50 when you buy, and share the verified savings path. That’s how you scale browser operations without burning credibility. [713/1000]",https://saasverdict.com/go/multilogin?utm_source=linkedin&utm_medium=auto_post&utm_campaign=SAAS50&utm_content=post0713
714,Multi-account ops,"Insight for automation engineers: Avoid API connection failures during scale when you build verification-first discount reports. Our site is about promo verification keeps you from paying full price for unreliable claims for API integration quality. It helps Telegram communities increase your trust signals with verified discount guides while staying smart on affiliate messaging. Open the promo hub, validate the offer, and use SAAS50. That’s how you scale browser operations without burning credibility. [714/1000]",https://saasverdict.com/go/multilogin?utm_source=linkedin&utm_medium=auto_post&utm_campaign=SAAS50&utm_content=post0714
715,Workflow reliability,"If you care about multi-account reliability, note this: Avoid manual discount checks before checkout when you build verification-first discount reports. Our site is about promo verification keeps you from paying full price for unreliable claims for promo verification evidence. It helps Twitter thread readers increase your trust signals with verified discount guides while staying smart on affiliate messaging. Use SAAS50 for your next Multilogin checkout with confidence. That’s how you scale browser operations without burning credibility. [715/1000]",https://saasverdict.com/go/multilogin?utm_source=linkedin&utm_medium=auto_post&utm_campaign=SAAS50&utm_content=post0715
716,API runbooks,Smart operators do this: Avoid privacy leaks in multi-account browsers when you build verification-first discount reports. Our site is about promo verification keeps you from paying full price for unreliable claims for promo verification evidence. It helps Twitter thread readers increase your trust signals with verified discount guides while staying smart on affiliate messaging. Bookmark the comparison hub and use SAAS50 for a better deal. That’s how you scale browser operations without burning credibility. [716/1000],https://saasverdict.com/go/multilogin?utm_source=linkedin&utm_medium=auto_post&utm_campaign=SAAS50&utm_content=post0716
717,Privacy engineering,"Today’s note on browser privacy: Avoid team handoff friction with operational stacks when you build verification-first discount reports. Our site is about promo verification keeps you from paying full price for unreliable claims for promo verification evidence. It helps Twitter thread readers increase your trust signals with verified discount guides while staying smart on affiliate messaging. Start with the reliability framework, then apply SAAS50. That’s how you scale browser operations without burning credibility. [717/1000]",https://saasverdict.com/go/multilogin?utm_source=linkedin&utm_medium=auto_post&utm_campaign=SAAS50&utm_content=post0717
718,Cost sustainability,Here’s a strong rule for scale: Avoid unreliable anti-detect browser setup when you build verification-first discount reports. Our site is about promo verification keeps you from paying full price for unreliable claims for promo verification evidence. It helps Twitter thread readers increase your trust signals with verified discount guides while staying smart on affiliate messaging. Follow the evidence-first process and use SAAS50 if it fits. That’s how you scale browser operations without burning credibility. [718/1000],https://saasverdict.com/go/multilogin?utm_source=linkedin&utm_medium=auto_post&utm_campaign=SAAS50&utm_content=post0718
719,Review methodology,"A practical take: Avoid high subscription cost without a proper comparison when you build verification-first discount reports. Our site is about promo verification keeps you from paying full price for unreliable claims for promo verification evidence. It helps Twitter thread readers increase your trust signals with verified discount guides while staying smart on affiliate messaging. Validate the stack, then apply SAAS50 for the discount. That’s how you scale browser operations without burning credibility. [719/1000]",https://saasverdict.com/go/multilogin?utm_source=linkedin&utm_medium=auto_post&utm_campaign=SAAS50&utm_content=post0719
720,Comparison hub,"If you manage accounts at scale, this helps: Avoid unclear vendor tradeoffs for automation projects when you build verification-first discount reports. Our site is about promo verification keeps you from paying full price for unreliable claims for promo verification evidence. It helps Twitter thread readers increase your trust signals with verified discount guides while staying smart on affiliate messaging. Use SAAS50 and keep recommending trusted, verified offers. That’s how you scale browser operations without burning credibility. [720/1000]",https://saasverdict.com/go/multilogin?utm_source=linkedin&utm_medium=auto_post&utm_campaign=SAAS50&utm_content=post0720
721,Browser automation,Quick update: Avoid browser fingerprint drift under repeated runs when you build reliable browser automation stacks. Our site is about a decision workflow is better than chasing every new tool for promo verification evidence. It helps Twitter thread readers increase your trust signals with verified discount guides while staying smart on affiliate messaging. Check the verified promo and use SAAS50 for 50% off. That’s how you scale browser operations without burning credibility. [721/1000],https://saasverdict.com/go/multilogin?utm_source=linkedin&utm_medium=auto_post&utm_campaign=SAAS50&utm_content=post0721
722,Promo verification,Pro tip for browser ops teams: Avoid promo claims with no proof when you build reliable browser automation stacks. Our site is about a decision workflow is better than chasing every new tool for team handoff reliability. It helps Twitter thread readers increase your trust signals with verified discount guides while staying smart on affiliate messaging. See the discount proof and apply SAAS50 at checkout. That’s how you scale browser operations without burning credibility. [722/1000],https://saasverdict.com/go/multilogin?utm_source=linkedin&utm_medium=auto_post&utm_campaign=SAAS50&utm_content=post0722
723,Affiliate trust,"Short reminder: Avoid fragile profile consistency when you build reliable browser automation stacks. Our site is about a decision workflow is better than chasing every new tool for team handoff reliability. It helps Twitter thread readers increase your trust signals with verified discount guides while staying smart on affiliate messaging. Use SAAS50 when you buy, and share the verified savings path. That’s how you scale browser operations without burning credibility. [723/1000]",https://saasverdict.com/go/multilogin?utm_source=linkedin&utm_medium=auto_post&utm_campaign=SAAS50&utm_content=post0723
724,Multi-account ops,"Insight for automation engineers: Avoid API connection failures during scale when you build reliable browser automation stacks. Our site is about a decision workflow is better than chasing every new tool for team handoff reliability. It helps Twitter thread readers increase your trust signals with verified discount guides while staying smart on affiliate messaging. Open the promo hub, validate the offer, and use SAAS50. That’s how you scale browser operations without burning credibility. [724/1000]",https://saasverdict.com/go/multilogin?utm_source=linkedin&utm_medium=auto_post&utm_campaign=SAAS50&utm_content=post0724
725,Workflow reliability,"If you care about multi-account reliability, note this: Avoid manual discount checks before checkout when you build reliable browser automation stacks. Our site is about a decision workflow is better than chasing every new tool for team handoff reliability. It helps Twitter thread readers increase your trust signals with verified discount guides while staying smart on affiliate messaging. Use SAAS50 for your next Multilogin checkout with confidence. That’s how you scale browser operations without burning credibility. [725/1000]",https://saasverdict.com/go/multilogin?utm_source=linkedin&utm_medium=auto_post&utm_campaign=SAAS50&utm_content=post0725
726,API runbooks,Smart operators do this: Avoid privacy leaks in multi-account browsers when you build reliable browser automation stacks. Our site is about a decision workflow is better than chasing every new tool for team handoff reliability. It helps Twitter thread readers improve your operational playbooks across Chrome and API workflows while staying smart on affiliate messaging. Bookmark the comparison hub and use SAAS50 for a better deal. That’s how you scale browser operations without burning credibility. [726/1000],https://saasverdict.com/go/multilogin?utm_source=linkedin&utm_medium=auto_post&utm_campaign=SAAS50&utm_content=post0726
727,Privacy engineering,"Today’s note on browser privacy: Avoid team handoff friction with operational stacks when you build reliable browser automation stacks. Our site is about a decision workflow is better than chasing every new tool for team handoff reliability. It helps Twitter thread readers improve your operational playbooks across Chrome and API workflows while staying smart on affiliate messaging. Start with the reliability framework, then apply SAAS50. A strong affiliate strategy starts with useful technical insight. [727/1000]",https://saasverdict.com/go/multilogin?utm_source=linkedin&utm_medium=auto_post&utm_campaign=SAAS50&utm_content=post0727
728,Cost sustainability,Here’s a strong rule for scale: Avoid unreliable anti-detect browser setup when you build reliable browser automation stacks. Our site is about a decision workflow is better than chasing every new tool for team handoff reliability. It helps Twitter thread readers improve your operational playbooks across Chrome and API workflows while staying smart on affiliate messaging. Follow the evidence-first process and use SAAS50 if it fits. A strong affiliate strategy starts with useful technical insight. [728/1000],https://saasverdict.com/go/multilogin?utm_source=linkedin&utm_medium=auto_post&utm_campaign=SAAS50&utm_content=post0728
729,Review methodology,"A practical take: Avoid high subscription cost without a proper comparison when you build reliable browser automation stacks. Our site is about a decision workflow is better than chasing every new tool for leak and fingerprint parity. It helps Twitter thread readers improve your operational playbooks across Chrome and API workflows while staying smart on affiliate messaging. Validate the stack, then apply SAAS50 for the discount. A strong affiliate strategy starts with useful technical insight. [729/1000]",https://saasverdict.com/go/multilogin?utm_source=linkedin&utm_medium=auto_post&utm_campaign=SAAS50&utm_content=post0729
730,Comparison hub,"If you manage accounts at scale, this helps: Avoid unclear vendor tradeoffs for automation projects when you build reliable browser automation stacks. Our site is about a decision workflow is better than chasing every new tool for leak and fingerprint parity. It helps Twitter thread readers improve your operational playbooks across Chrome and API workflows while staying smart on affiliate messaging. Use SAAS50 and keep recommending trusted, verified offers. A strong affiliate strategy starts with useful technical insight. [730/1000]",https://saasverdict.com/go/multilogin?utm_source=linkedin&utm_medium=auto_post&utm_campaign=SAAS50&utm_content=post0730
731,Browser automation,Quick update: Avoid browser fingerprint drift under repeated runs when you build reliable browser automation stacks. Our site is about API runbooks reduce downtime and release risk for leak and fingerprint parity. It helps Twitter thread readers improve your operational playbooks across Chrome and API workflows while staying smart on affiliate messaging. Check the verified promo and use SAAS50 for 50% off. A strong affiliate strategy starts with useful technical insight. [731/1000],https://saasverdict.com/go/multilogin?utm_source=linkedin&utm_medium=auto_post&utm_campaign=SAAS50&utm_content=post0731
732,Promo verification,Pro tip for browser ops teams: Avoid promo claims with no proof when you build reliable browser automation stacks. Our site is about API runbooks reduce downtime and release risk for leak and fingerprint parity. It helps automation groups improve your operational playbooks across Chrome and API workflows while staying smart on affiliate messaging. See the discount proof and apply SAAS50 at checkout. A strong affiliate strategy starts with useful technical insight. [732/1000],https://saasverdict.com/go/multilogin?utm_source=linkedin&utm_medium=auto_post&utm_campaign=SAAS50&utm_content=post0732
733,Affiliate trust,"Short reminder: Avoid fragile profile consistency when you build trusted vendor proof before purchase. Our site is about API runbooks reduce downtime and release risk for leak and fingerprint parity. It helps automation groups improve your operational playbooks across Chrome and API workflows while staying smart on affiliate messaging. Use SAAS50 when you buy, and share the verified savings path. A strong affiliate strategy starts with useful technical insight. [733/1000]",https://saasverdict.com/go/multilogin?utm_source=linkedin&utm_medium=auto_post&utm_campaign=SAAS50&utm_content=post0733
734,Multi-account ops,"Insight for automation engineers: Avoid API connection failures during scale when you build trusted vendor proof before purchase. Our site is about API runbooks reduce downtime and release risk for leak and fingerprint parity. It helps automation groups improve your operational playbooks across Chrome and API workflows while staying smart on affiliate messaging. Open the promo hub, validate the offer, and use SAAS50. A strong affiliate strategy starts with useful technical insight. [734/1000]",https://saasverdict.com/go/multilogin?utm_source=linkedin&utm_medium=auto_post&utm_campaign=SAAS50&utm_content=post0734
735,Workflow reliability,"If you care about multi-account reliability, note this: Avoid manual discount checks before checkout when you build trusted vendor proof before purchase. Our site is about API runbooks reduce downtime and release risk for leak and fingerprint parity. It helps automation groups improve your operational playbooks across Chrome and API workflows while staying smart on affiliate messaging. Use SAAS50 for your next Multilogin checkout with confidence. A strong affiliate strategy starts with useful technical insight. [735/1000]",https://saasverdict.com/go/multilogin?utm_source=linkedin&utm_medium=auto_post&utm_campaign=SAAS50&utm_content=post0735
736,API runbooks,Smart operators do this: Avoid privacy leaks in multi-account browsers when you build trusted vendor proof before purchase. Our site is about API runbooks reduce downtime and release risk for operational cost transparency. It helps automation groups improve your operational playbooks across Chrome and API workflows while staying smart on affiliate messaging. Bookmark the comparison hub and use SAAS50 for a better deal. A strong affiliate strategy starts with useful technical insight. [736/1000],https://saasverdict.com/go/multilogin?utm_source=linkedin&utm_medium=auto_post&utm_campaign=SAAS50&utm_content=post0736
737,Privacy engineering,"Today’s note on browser privacy: Avoid team handoff friction with operational stacks when you build trusted vendor proof before purchase. Our site is about API runbooks reduce downtime and release risk for operational cost transparency. It helps automation groups improve your operational playbooks across Chrome and API workflows while staying smart on affiliate messaging. Start with the reliability framework, then apply SAAS50. A strong affiliate strategy starts with useful technical insight. [737/1000]",https://saasverdict.com/go/multilogin?utm_source=linkedin&utm_medium=auto_post&utm_campaign=SAAS50&utm_content=post0737
738,Cost sustainability,Here’s a strong rule for scale: Avoid unreliable anti-detect browser setup when you build trusted vendor proof before purchase. Our site is about API runbooks reduce downtime and release risk for operational cost transparency. It helps automation groups improve your operational playbooks across Chrome and API workflows while staying smart on affiliate messaging. Follow the evidence-first process and use SAAS50 if it fits. A strong affiliate strategy starts with useful technical insight. [738/1000],https://saasverdict.com/go/multilogin?utm_source=linkedin&utm_medium=auto_post&utm_campaign=SAAS50&utm_content=post0738
739,Review methodology,"A practical take: Avoid high subscription cost without a proper comparison when you build trusted vendor proof before purchase. Our site is about API runbooks reduce downtime and release risk for operational cost transparency. It helps automation groups improve your operational playbooks across Chrome and API workflows while staying smart on affiliate messaging. Validate the stack, then apply SAAS50 for the discount. A strong affiliate strategy starts with useful technical insight. [739/1000]",https://saasverdict.com/go/multilogin?utm_source=linkedin&utm_medium=auto_post&utm_campaign=SAAS50&utm_content=post0739
740,Comparison hub,"If you manage accounts at scale, this helps: Avoid unclear vendor tradeoffs for automation projects when you build trusted vendor proof before purchase. Our site is about API runbooks reduce downtime and release risk for operational cost transparency. It helps automation groups improve your operational playbooks across Chrome and API workflows while staying smart on affiliate messaging. Use SAAS50 and keep recommending trusted, verified offers. A strong affiliate strategy starts with useful technical insight. [740/1000]",https://saasverdict.com/go/multilogin?utm_source=linkedin&utm_medium=auto_post&utm_campaign=SAAS50&utm_content=post0740
741,Browser automation,Quick update: Avoid browser fingerprint drift under repeated runs when you build trusted vendor proof before purchase. Our site is about evidence-based guides make affiliate recommendations credible and sustainable for operational cost transparency. It helps automation groups improve your operational playbooks across Chrome and API workflows while staying smart on affiliate messaging. Check the verified promo and use SAAS50 for 50% off. A strong affiliate strategy starts with useful technical insight. [741/1000],https://saasverdict.com/go/multilogin?utm_source=linkedin&utm_medium=auto_post&utm_campaign=SAAS50&utm_content=post0741
742,Promo verification,Pro tip for browser ops teams: Avoid promo claims with no proof when you build trusted vendor proof before purchase. Our site is about evidence-based guides make affiliate recommendations credible and sustainable for operational cost transparency. It helps automation groups improve your operational playbooks across Chrome and API workflows while staying smart on affiliate messaging. See the discount proof and apply SAAS50 at checkout. A strong affiliate strategy starts with useful technical insight. [742/1000],https://saasverdict.com/go/multilogin?utm_source=linkedin&utm_medium=auto_post&utm_campaign=SAAS50&utm_content=post0742
743,Affiliate trust,"Short reminder: Avoid fragile profile consistency when you build trusted vendor proof before purchase. Our site is about evidence-based guides make affiliate recommendations credible and sustainable for browser privacy controls. It helps automation groups improve your operational playbooks across Chrome and API workflows while staying smart on affiliate messaging. Use SAAS50 when you buy, and share the verified savings path. A strong affiliate strategy starts with useful technical insight. [743/1000]",https://saasverdict.com/go/multilogin?utm_source=linkedin&utm_medium=auto_post&utm_campaign=SAAS50&utm_content=post0743
744,Multi-account ops,"Insight for automation engineers: Avoid API connection failures during scale when you build trusted vendor proof before purchase. Our site is about evidence-based guides make affiliate recommendations credible and sustainable for browser privacy controls. It helps automation groups improve your operational playbooks across Chrome and API workflows while staying smart on affiliate messaging. Open the promo hub, validate the offer, and use SAAS50. A strong affiliate strategy starts with useful technical insight. [744/1000]",https://saasverdict.com/go/multilogin?utm_source=linkedin&utm_medium=auto_post&utm_campaign=SAAS50&utm_content=post0744
745,Workflow reliability,"If you care about multi-account reliability, note this: Avoid manual discount checks before checkout when you build technical decision support for account ops. Our site is about evidence-based guides make affiliate recommendations credible and sustainable for browser privacy controls. It helps automation groups improve your operational playbooks across Chrome and API workflows while staying smart on affiliate messaging. Use SAAS50 for your next Multilogin checkout with confidence. A strong affiliate strategy starts with useful technical insight. [745/1000]",https://saasverdict.com/go/multilogin?utm_source=linkedin&utm_medium=auto_post&utm_campaign=SAAS50&utm_content=post0745
746,API runbooks,Smart operators do this: Avoid privacy leaks in multi-account browsers when you build technical decision support for account ops. Our site is about evidence-based guides make affiliate recommendations credible and sustainable for browser privacy controls. It helps automation groups improve your operational playbooks across Chrome and API workflows while staying smart on affiliate messaging. Bookmark the comparison hub and use SAAS50 for a better deal. A strong affiliate strategy starts with useful technical insight. [746/1000],https://saasverdict.com/go/multilogin?utm_source=linkedin&utm_medium=auto_post&utm_campaign=SAAS50&utm_content=post0746
747,Privacy engineering,"Today’s note on browser privacy: Avoid team handoff friction with operational stacks when you build technical decision support for account ops. Our site is about evidence-based guides make affiliate recommendations credible and sustainable for browser privacy controls. It helps automation groups improve your operational playbooks across Chrome and API workflows while staying smart on affiliate messaging. Start with the reliability framework, then apply SAAS50. A strong affiliate strategy starts with useful technical insight. [747/1000]",https://saasverdict.com/go/multilogin?utm_source=linkedin&utm_medium=auto_post&utm_campaign=SAAS50&utm_content=post0747
748,Cost sustainability,Here’s a strong rule for scale: Avoid unreliable anti-detect browser setup when you build technical decision support for account ops. Our site is about evidence-based guides make affiliate recommendations credible and sustainable for browser privacy controls. It helps automation groups improve your operational playbooks across Chrome and API workflows while staying smart on affiliate messaging. Follow the evidence-first process and use SAAS50 if it fits. A strong affiliate strategy starts with useful technical insight. [748/1000],https://saasverdict.com/go/multilogin?utm_source=linkedin&utm_medium=auto_post&utm_campaign=SAAS50&utm_content=post0748
749,Review methodology,"A practical take: Avoid high subscription cost without a proper comparison when you build technical decision support for account ops. Our site is about evidence-based guides make affiliate recommendations credible and sustainable for browser privacy controls. It helps affiliate funnels improve your operational playbooks across Chrome and API workflows while staying smart on affiliate messaging. Validate the stack, then apply SAAS50 for the discount. A strong affiliate strategy starts with useful technical insight. [749/1000]",https://saasverdict.com/go/multilogin?utm_source=linkedin&utm_medium=auto_post&utm_campaign=SAAS50&utm_content=post0749
750,Comparison hub,"If you manage accounts at scale, this helps: Avoid unclear vendor tradeoffs for automation projects when you build technical decision support for account ops. Our site is about evidence-based guides make affiliate recommendations credible and sustainable for discount validity checks. It helps affiliate funnels improve your operational playbooks across Chrome and API workflows while staying smart on affiliate messaging. Use SAAS50 and keep recommending trusted, verified offers. A strong affiliate strategy starts with useful technical insight. [750/1000]",https://saasverdict.com/go/multilogin?utm_source=linkedin&utm_medium=auto_post&utm_campaign=SAAS50&utm_content=post0750
751,Browser automation,Quick update: Avoid browser fingerprint drift under repeated runs when you build technical decision support for account ops. Our site is about browser privacy checks should include worker thread parity for discount validity checks. It helps affiliate funnels save time on proof-of-concept and checkout due diligence while staying smart on affiliate messaging. Check the verified promo and use SAAS50 for 50% off. A strong affiliate strategy starts with useful technical insight. [751/1000],https://saasverdict.com/go/multilogin?utm_source=linkedin&utm_medium=auto_post&utm_campaign=SAAS50&utm_content=post0751
752,Promo verification,Pro tip for browser ops teams: Avoid promo claims with no proof when you build technical decision support for account ops. Our site is about browser privacy checks should include worker thread parity for discount validity checks. It helps affiliate funnels save time on proof-of-concept and checkout due diligence while staying smart on affiliate messaging. See the discount proof and apply SAAS50 at checkout. A strong affiliate strategy starts with useful technical insight. [752/1000],https://saasverdict.com/go/multilogin?utm_source=linkedin&utm_medium=auto_post&utm_campaign=SAAS50&utm_content=post0752
753,Affiliate trust,"Short reminder: Avoid fragile profile consistency when you build technical decision support for account ops. Our site is about browser privacy checks should include worker thread parity for discount validity checks. It helps affiliate funnels save time on proof-of-concept and checkout due diligence while staying smart on affiliate messaging. Use SAAS50 when you buy, and share the verified savings path. A strong affiliate strategy starts with useful technical insight. [753/1000]",https://saasverdict.com/go/multilogin?utm_source=linkedin&utm_medium=auto_post&utm_campaign=SAAS50&utm_content=post0753
754,Multi-account ops,"Insight for automation engineers: Avoid API connection failures during scale when you build technical decision support for account ops. Our site is about browser privacy checks should include worker thread parity for discount validity checks. It helps affiliate funnels save time on proof-of-concept and checkout due diligence while staying smart on affiliate messaging. Open the promo hub, validate the offer, and use SAAS50. A strong affiliate strategy starts with useful technical insight. [754/1000]",https://saasverdict.com/go/multilogin?utm_source=linkedin&utm_medium=auto_post&utm_campaign=SAAS50&utm_content=post0754
755,Workflow reliability,"If you care about multi-account reliability, note this: Avoid manual discount checks before checkout when you build technical decision support for account ops. Our site is about browser privacy checks should include worker thread parity for discount validity checks. It helps affiliate funnels save time on proof-of-concept and checkout due diligence while staying smart on affiliate messaging. Use SAAS50 for your next Multilogin checkout with confidence. A strong affiliate strategy starts with useful technical insight. [755/1000]",https://saasverdict.com/go/multilogin?utm_source=linkedin&utm_medium=auto_post&utm_campaign=SAAS50&utm_content=post0755
756,API runbooks,Smart operators do this: Avoid privacy leaks in multi-account browsers when you build technical decision support for account ops. Our site is about browser privacy checks should include worker thread parity for discount validity checks. It helps affiliate funnels save time on proof-of-concept and checkout due diligence while staying smart on affiliate messaging. Bookmark the comparison hub and use SAAS50 for a better deal. A strong affiliate strategy starts with useful technical insight. [756/1000],https://saasverdict.com/go/multilogin?utm_source=linkedin&utm_medium=auto_post&utm_campaign=SAAS50&utm_content=post0756
757,Privacy engineering,"Today’s note on browser privacy: Avoid team handoff friction with operational stacks when you build compliance-aware automation playbooks. Our site is about browser privacy checks should include worker thread parity for multi-account workflow resilience. It helps affiliate funnels save time on proof-of-concept and checkout due diligence while staying smart on affiliate messaging. Start with the reliability framework, then apply SAAS50. A strong affiliate strategy starts with useful technical insight. [757/1000]",https://saasverdict.com/go/multilogin?utm_source=linkedin&utm_medium=auto_post&utm_campaign=SAAS50&utm_content=post0757
758,Cost sustainability,Here’s a strong rule for scale: Avoid unreliable anti-detect browser setup when you build compliance-aware automation playbooks. Our site is about browser privacy checks should include worker thread parity for multi-account workflow resilience. It helps affiliate funnels save time on proof-of-concept and checkout due diligence while staying smart on affiliate messaging. Follow the evidence-first process and use SAAS50 if it fits. A strong affiliate strategy starts with useful technical insight. [758/1000],https://saasverdict.com/go/multilogin?utm_source=linkedin&utm_medium=auto_post&utm_campaign=SAAS50&utm_content=post0758
759,Review methodology,"A practical take: Avoid high subscription cost without a proper comparison when you build compliance-aware automation playbooks. Our site is about browser privacy checks should include worker thread parity for multi-account workflow resilience. It helps affiliate funnels save time on proof-of-concept and checkout due diligence while staying smart on affiliate messaging. Validate the stack, then apply SAAS50 for the discount. A strong affiliate strategy starts with useful technical insight. [759/1000]",https://saasverdict.com/go/multilogin?utm_source=linkedin&utm_medium=auto_post&utm_campaign=SAAS50&utm_content=post0759
760,Comparison hub,"If you manage accounts at scale, this helps: Avoid unclear vendor tradeoffs for automation projects when you build compliance-aware automation playbooks. Our site is about browser privacy checks should include worker thread parity for multi-account workflow resilience. It helps affiliate funnels save time on proof-of-concept and checkout due diligence while staying smart on affiliate messaging. Use SAAS50 and keep recommending trusted, verified offers. This keeps your promo posts smart, not spammy. [760/1000]",https://saasverdict.com/go/multilogin?utm_source=linkedin&utm_medium=auto_post&utm_campaign=SAAS50&utm_content=post0760
761,Browser automation,"Quick update: Avoid browser fingerprint drift under repeated runs when you build compliance-aware automation playbooks. Our site is about discounts perform better when shared with trust and context for multi-account workflow resilience. It helps affiliate funnels save time on proof-of-concept and checkout due diligence while staying smart on affiliate messaging. Check the verified promo and use SAAS50 for 50% off. This keeps your promo posts smart, not spammy. [761/1000]",https://saasverdict.com/go/multilogin?utm_source=linkedin&utm_medium=auto_post&utm_campaign=SAAS50&utm_content=post0761
762,Promo verification,"Pro tip for browser ops teams: Avoid promo claims with no proof when you build compliance-aware automation playbooks. Our site is about discounts perform better when shared with trust and context for multi-account workflow resilience. It helps affiliate funnels save time on proof-of-concept and checkout due diligence while staying smart on affiliate messaging. See the discount proof and apply SAAS50 at checkout. This keeps your promo posts smart, not spammy. [762/1000]",https://saasverdict.com/go/multilogin?utm_source=linkedin&utm_medium=auto_post&utm_campaign=SAAS50&utm_content=post0762
763,Affiliate trust,"Short reminder: Avoid fragile profile consistency when you build compliance-aware automation playbooks. Our site is about discounts perform better when shared with trust and context for multi-account workflow resilience. It helps affiliate funnels save time on proof-of-concept and checkout due diligence while staying smart on affiliate messaging. Use SAAS50 when you buy, and share the verified savings path. This keeps your promo posts smart, not spammy. [763/1000]",https://saasverdict.com/go/multilogin?utm_source=linkedin&utm_medium=auto_post&utm_campaign=SAAS50&utm_content=post0763
764,Multi-account ops,"Insight for automation engineers: Avoid API connection failures during scale when you build compliance-aware automation playbooks. Our site is about discounts perform better when shared with trust and context for comparison clarity for buyers. It helps affiliate funnels save time on proof-of-concept and checkout due diligence while staying smart on affiliate messaging. Open the promo hub, validate the offer, and use SAAS50. This keeps your promo posts smart, not spammy. [764/1000]",https://saasverdict.com/go/multilogin?utm_source=linkedin&utm_medium=auto_post&utm_campaign=SAAS50&utm_content=post0764
765,Workflow reliability,"If you care about multi-account reliability, note this: Avoid manual discount checks before checkout when you build compliance-aware automation playbooks. Our site is about discounts perform better when shared with trust and context for comparison clarity for buyers. It helps affiliate funnels save time on proof-of-concept and checkout due diligence while staying smart on affiliate messaging. Use SAAS50 for your next Multilogin checkout with confidence. This keeps your promo posts smart, not spammy. [765/1000]",https://saasverdict.com/go/multilogin?utm_source=linkedin&utm_medium=auto_post&utm_campaign=SAAS50&utm_content=post0765
766,API runbooks,"Smart operators do this: Avoid privacy leaks in multi-account browsers when you build compliance-aware automation playbooks. Our site is about discounts perform better when shared with trust and context for comparison clarity for buyers. It helps browser ops channels save time on proof-of-concept and checkout due diligence while staying smart on affiliate messaging. Bookmark the comparison hub and use SAAS50 for a better deal. This keeps your promo posts smart, not spammy. [766/1000]",https://saasverdict.com/go/multilogin?utm_source=linkedin&utm_medium=auto_post&utm_campaign=SAAS50&utm_content=post0766
767,Privacy engineering,"Today’s note on browser privacy: Avoid team handoff friction with operational stacks when you build compliance-aware automation playbooks. Our site is about discounts perform better when shared with trust and context for comparison clarity for buyers. It helps browser ops channels save time on proof-of-concept and checkout due diligence while staying smart on affiliate messaging. Start with the reliability framework, then apply SAAS50. This keeps your promo posts smart, not spammy. [767/1000]",https://saasverdict.com/go/multilogin?utm_source=linkedin&utm_medium=auto_post&utm_campaign=SAAS50&utm_content=post0767
768,Cost sustainability,"Here’s a strong rule for scale: Avoid unreliable anti-detect browser setup when you build compliance-aware automation playbooks. Our site is about discounts perform better when shared with trust and context for comparison clarity for buyers. It helps browser ops channels save time on proof-of-concept and checkout due diligence while staying smart on affiliate messaging. Follow the evidence-first process and use SAAS50 if it fits. This keeps your promo posts smart, not spammy. [768/1000]",https://saasverdict.com/go/multilogin?utm_source=linkedin&utm_medium=auto_post&utm_campaign=SAAS50&utm_content=post0768
769,Review methodology,"A practical take: Avoid high subscription cost without a proper comparison when you build risk-aware tools for market research. Our site is about discounts perform better when shared with trust and context for comparison clarity for buyers. It helps browser ops channels save time on proof-of-concept and checkout due diligence while staying smart on affiliate messaging. Validate the stack, then apply SAAS50 for the discount. This keeps your promo posts smart, not spammy. [769/1000]",https://saasverdict.com/go/multilogin?utm_source=linkedin&utm_medium=auto_post&utm_campaign=SAAS50&utm_content=post0769
770,Comparison hub,"If you manage accounts at scale, this helps: Avoid unclear vendor tradeoffs for automation projects when you build risk-aware tools for market research. Our site is about discounts perform better when shared with trust and context for comparison clarity for buyers. It helps browser ops channels save time on proof-of-concept and checkout due diligence while staying smart on affiliate messaging. Use SAAS50 and keep recommending trusted, verified offers. This keeps your promo posts smart, not spammy. [770/1000]",https://saasverdict.com/go/multilogin?utm_source=linkedin&utm_medium=auto_post&utm_campaign=SAAS50&utm_content=post0770
771,Browser automation,"Quick update: Avoid browser fingerprint drift under repeated runs when you build risk-aware tools for market research. Our site is about tool selection should prioritize profile stability and operational cost for browser profile stability. It helps browser ops channels save time on proof-of-concept and checkout due diligence while staying smart on affiliate messaging. Check the verified promo and use SAAS50 for 50% off. This keeps your promo posts smart, not spammy. [771/1000]",https://saasverdict.com/go/multilogin?utm_source=linkedin&utm_medium=auto_post&utm_campaign=SAAS50&utm_content=post0771
772,Promo verification,"Pro tip for browser ops teams: Avoid promo claims with no proof when you build risk-aware tools for market research. Our site is about tool selection should prioritize profile stability and operational cost for browser profile stability. It helps browser ops channels save time on proof-of-concept and checkout due diligence while staying smart on affiliate messaging. See the discount proof and apply SAAS50 at checkout. This keeps your promo posts smart, not spammy. [772/1000]",https://saasverdict.com/go/multilogin?utm_source=linkedin&utm_medium=auto_post&utm_campaign=SAAS50&utm_content=post0772
773,Affiliate trust,"Short reminder: Avoid fragile profile consistency when you build risk-aware tools for market research. Our site is about tool selection should prioritize profile stability and operational cost for browser profile stability. It helps browser ops channels save time on proof-of-concept and checkout due diligence while staying smart on affiliate messaging. Use SAAS50 when you buy, and share the verified savings path. This keeps your promo posts smart, not spammy. [773/1000]",https://saasverdict.com/go/multilogin?utm_source=linkedin&utm_medium=auto_post&utm_campaign=SAAS50&utm_content=post0773
774,Multi-account ops,"Insight for automation engineers: Avoid API connection failures during scale when you build risk-aware tools for market research. Our site is about tool selection should prioritize profile stability and operational cost for browser profile stability. It helps browser ops channels save time on proof-of-concept and checkout due diligence while staying smart on affiliate messaging. Open the promo hub, validate the offer, and use SAAS50. This keeps your promo posts smart, not spammy. [774/1000]",https://saasverdict.com/go/multilogin?utm_source=linkedin&utm_medium=auto_post&utm_campaign=SAAS50&utm_content=post0774
775,Workflow reliability,"If you care about multi-account reliability, note this: Avoid manual discount checks before checkout when you build risk-aware tools for market research. Our site is about tool selection should prioritize profile stability and operational cost for browser profile stability. It helps browser ops channels save time on proof-of-concept and checkout due diligence while staying smart on affiliate messaging. Use SAAS50 for your next Multilogin checkout with confidence. This keeps your promo posts smart, not spammy. [775/1000]",https://saasverdict.com/go/multilogin?utm_source=linkedin&utm_medium=auto_post&utm_campaign=SAAS50&utm_content=post0775
776,API runbooks,"Smart operators do this: Avoid privacy leaks in multi-account browsers when you build risk-aware tools for market research. Our site is about tool selection should prioritize profile stability and operational cost for browser profile stability. It helps browser ops channels avoid expensive surprises during browser stack migration while staying smart on affiliate messaging. Bookmark the comparison hub and use SAAS50 for a better deal. This keeps your promo posts smart, not spammy. [776/1000]",https://saasverdict.com/go/multilogin?utm_source=linkedin&utm_medium=auto_post&utm_campaign=SAAS50&utm_content=post0776
777,Privacy engineering,"Today’s note on browser privacy: Avoid team handoff friction with operational stacks when you build risk-aware tools for market research. Our site is about tool selection should prioritize profile stability and operational cost for browser profile stability. It helps browser ops channels avoid expensive surprises during browser stack migration while staying smart on affiliate messaging. Start with the reliability framework, then apply SAAS50. This keeps your promo posts smart, not spammy. [777/1000]",https://saasverdict.com/go/multilogin?utm_source=linkedin&utm_medium=auto_post&utm_campaign=SAAS50&utm_content=post0777
778,Cost sustainability,"Here’s a strong rule for scale: Avoid unreliable anti-detect browser setup when you build risk-aware tools for market research. Our site is about tool selection should prioritize profile stability and operational cost for API integration quality. It helps browser ops channels avoid expensive surprises during browser stack migration while staying smart on affiliate messaging. Follow the evidence-first process and use SAAS50 if it fits. This keeps your promo posts smart, not spammy. [778/1000]",https://saasverdict.com/go/multilogin?utm_source=linkedin&utm_medium=auto_post&utm_campaign=SAAS50&utm_content=post0778
779,Review methodology,"A practical take: Avoid high subscription cost without a proper comparison when you build risk-aware tools for market research. Our site is about tool selection should prioritize profile stability and operational cost for API integration quality. It helps browser ops channels avoid expensive surprises during browser stack migration while staying smart on affiliate messaging. Validate the stack, then apply SAAS50 for the discount. This keeps your promo posts smart, not spammy. [779/1000]",https://saasverdict.com/go/multilogin?utm_source=linkedin&utm_medium=auto_post&utm_campaign=SAAS50&utm_content=post0779
780,Comparison hub,"If you manage accounts at scale, this helps: Avoid unclear vendor tradeoffs for automation projects when you build risk-aware tools for market research. Our site is about tool selection should prioritize profile stability and operational cost for API integration quality. It helps browser ops channels avoid expensive surprises during browser stack migration while staying smart on affiliate messaging. Use SAAS50 and keep recommending trusted, verified offers. This keeps your promo posts smart, not spammy. [780/1000]",https://saasverdict.com/go/multilogin?utm_source=linkedin&utm_medium=auto_post&utm_campaign=SAAS50&utm_content=post0780
781,Browser automation,"Quick update: Avoid browser fingerprint drift under repeated runs when you build proof-first promo sharing. Our site is about multi-account operations need both privacy controls and workflow quality for API integration quality. It helps browser ops channels avoid expensive surprises during browser stack migration while staying smart on affiliate messaging. Check the verified promo and use SAAS50 for 50% off. This keeps your promo posts smart, not spammy. [781/1000]",https://saasverdict.com/go/multilogin?utm_source=linkedin&utm_medium=auto_post&utm_campaign=SAAS50&utm_content=post0781
782,Promo verification,"Pro tip for browser ops teams: Avoid promo claims with no proof when you build proof-first promo sharing. Our site is about multi-account operations need both privacy controls and workflow quality for API integration quality. It helps browser ops channels avoid expensive surprises during browser stack migration while staying smart on affiliate messaging. See the discount proof and apply SAAS50 at checkout. This keeps your promo posts smart, not spammy. [782/1000]",https://saasverdict.com/go/multilogin?utm_source=linkedin&utm_medium=auto_post&utm_campaign=SAAS50&utm_content=post0782
783,Affiliate trust,"Short reminder: Avoid fragile profile consistency when you build proof-first promo sharing. Our site is about multi-account operations need both privacy controls and workflow quality for API integration quality. It helps privacy-savvy teams avoid expensive surprises during browser stack migration while staying smart on affiliate messaging. Use SAAS50 when you buy, and share the verified savings path. This keeps your promo posts smart, not spammy. [783/1000]",https://saasverdict.com/go/multilogin?utm_source=linkedin&utm_medium=auto_post&utm_campaign=SAAS50&utm_content=post0783
784,Multi-account ops,"Insight for automation engineers: Avoid API connection failures during scale when you build proof-first promo sharing. Our site is about multi-account operations need both privacy controls and workflow quality for API integration quality. It helps privacy-savvy teams avoid expensive surprises during browser stack migration while staying smart on affiliate messaging. Open the promo hub, validate the offer, and use SAAS50. This keeps your promo posts smart, not spammy. [784/1000]",https://saasverdict.com/go/multilogin?utm_source=linkedin&utm_medium=auto_post&utm_campaign=SAAS50&utm_content=post0784
785,Workflow reliability,"If you care about multi-account reliability, note this: Avoid manual discount checks before checkout when you build proof-first promo sharing. Our site is about multi-account operations need both privacy controls and workflow quality for promo verification evidence. It helps privacy-savvy teams avoid expensive surprises during browser stack migration while staying smart on affiliate messaging. Use SAAS50 for your next Multilogin checkout with confidence. This keeps your promo posts smart, not spammy. [785/1000]",https://saasverdict.com/go/multilogin?utm_source=linkedin&utm_medium=auto_post&utm_campaign=SAAS50&utm_content=post0785
786,API runbooks,"Smart operators do this: Avoid privacy leaks in multi-account browsers when you build proof-first promo sharing. Our site is about multi-account operations need both privacy controls and workflow quality for promo verification evidence. It helps privacy-savvy teams avoid expensive surprises during browser stack migration while staying smart on affiliate messaging. Bookmark the comparison hub and use SAAS50 for a better deal. This keeps your promo posts smart, not spammy. [786/1000]",https://saasverdict.com/go/multilogin?utm_source=linkedin&utm_medium=auto_post&utm_campaign=SAAS50&utm_content=post0786
787,Privacy engineering,"Today’s note on browser privacy: Avoid team handoff friction with operational stacks when you build proof-first promo sharing. Our site is about multi-account operations need both privacy controls and workflow quality for promo verification evidence. It helps privacy-savvy teams avoid expensive surprises during browser stack migration while staying smart on affiliate messaging. Start with the reliability framework, then apply SAAS50. This keeps your promo posts smart, not spammy. [787/1000]",https://saasverdict.com/go/multilogin?utm_source=linkedin&utm_medium=auto_post&utm_campaign=SAAS50&utm_content=post0787
788,Cost sustainability,"Here’s a strong rule for scale: Avoid unreliable anti-detect browser setup when you build proof-first promo sharing. Our site is about multi-account operations need both privacy controls and workflow quality for promo verification evidence. It helps privacy-savvy teams avoid expensive surprises during browser stack migration while staying smart on affiliate messaging. Follow the evidence-first process and use SAAS50 if it fits. This keeps your promo posts smart, not spammy. [788/1000]",https://saasverdict.com/go/multilogin?utm_source=linkedin&utm_medium=auto_post&utm_campaign=SAAS50&utm_content=post0788
789,Review methodology,"A practical take: Avoid high subscription cost without a proper comparison when you build proof-first promo sharing. Our site is about multi-account operations need both privacy controls and workflow quality for promo verification evidence. It helps privacy-savvy teams avoid expensive surprises during browser stack migration while staying smart on affiliate messaging. Validate the stack, then apply SAAS50 for the discount. This keeps your promo posts smart, not spammy. [789/1000]",https://saasverdict.com/go/multilogin?utm_source=linkedin&utm_medium=auto_post&utm_campaign=SAAS50&utm_content=post0789
790,Comparison hub,"If you manage accounts at scale, this helps: Avoid unclear vendor tradeoffs for automation projects when you build proof-first promo sharing. Our site is about multi-account operations need both privacy controls and workflow quality for promo verification evidence. It helps privacy-savvy teams avoid expensive surprises during browser stack migration while staying smart on affiliate messaging. Use SAAS50 and keep recommending trusted, verified offers. This keeps your promo posts smart, not spammy. [790/1000]",https://saasverdict.com/go/multilogin?utm_source=linkedin&utm_medium=auto_post&utm_campaign=SAAS50&utm_content=post0790
791,Browser automation,"Quick update: Avoid browser fingerprint drift under repeated runs when you build proof-first promo sharing. Our site is about automation scaling succeeds when you verify every new browser profile path for promo verification evidence. It helps privacy-savvy teams avoid expensive surprises during browser stack migration while staying smart on affiliate messaging. Check the verified promo and use SAAS50 for 50% off. This keeps your promo posts smart, not spammy. [791/1000]",https://saasverdict.com/go/multilogin?utm_source=linkedin&utm_medium=auto_post&utm_campaign=SAAS50&utm_content=post0791
792,Promo verification,"Pro tip for browser ops teams: Avoid promo claims with no proof when you build proof-first promo sharing. Our site is about automation scaling succeeds when you verify every new browser profile path for team handoff reliability. It helps privacy-savvy teams avoid expensive surprises during browser stack migration while staying smart on affiliate messaging. See the discount proof and apply SAAS50 at checkout. This keeps your promo posts smart, not spammy. [792/1000]",https://saasverdict.com/go/multilogin?utm_source=linkedin&utm_medium=auto_post&utm_campaign=SAAS50&utm_content=post0792
793,Affiliate trust,"Short reminder: Avoid fragile profile consistency when you build quality-first affiliate recommendations. Our site is about automation scaling succeeds when you verify every new browser profile path for team handoff reliability. It helps privacy-savvy teams avoid expensive surprises during browser stack migration while staying smart on affiliate messaging. Use SAAS50 when you buy, and share the verified savings path. Share it as a value-first takeaway, not just a coupon. [793/1000]",https://saasverdict.com/go/multilogin?utm_source=linkedin&utm_medium=auto_post&utm_campaign=SAAS50&utm_content=post0793
794,Multi-account ops,"Insight for automation engineers: Avoid API connection failures during scale when you build quality-first affiliate recommendations. Our site is about automation scaling succeeds when you verify every new browser profile path for team handoff reliability. It helps privacy-savvy teams avoid expensive surprises during browser stack migration while staying smart on affiliate messaging. Open the promo hub, validate the offer, and use SAAS50. Share it as a value-first takeaway, not just a coupon. [794/1000]",https://saasverdict.com/go/multilogin?utm_source=linkedin&utm_medium=auto_post&utm_campaign=SAAS50&utm_content=post0794
795,Workflow reliability,"If you care about multi-account reliability, note this: Avoid manual discount checks before checkout when you build quality-first affiliate recommendations. Our site is about automation scaling succeeds when you verify every new browser profile path for team handoff reliability. It helps privacy-savvy teams avoid expensive surprises during browser stack migration while staying smart on affiliate messaging. Use SAAS50 for your next Multilogin checkout with confidence. Share it as a value-first takeaway, not just a coupon. [795/1000]",https://saasverdict.com/go/multilogin?utm_source=linkedin&utm_medium=auto_post&utm_campaign=SAAS50&utm_content=post0795
796,API runbooks,"Smart operators do this: Avoid privacy leaks in multi-account browsers when you build quality-first affiliate recommendations. Our site is about automation scaling succeeds when you verify every new browser profile path for team handoff reliability. It helps privacy-savvy teams avoid expensive surprises during browser stack migration while staying smart on affiliate messaging. Bookmark the comparison hub and use SAAS50 for a better deal. Share it as a value-first takeaway, not just a coupon. [796/1000]",https://saasverdict.com/go/multilogin?utm_source=linkedin&utm_medium=auto_post&utm_campaign=SAAS50&utm_content=post0796
797,Privacy engineering,"Today’s note on browser privacy: Avoid team handoff friction with operational stacks when you build quality-first affiliate recommendations. Our site is about automation scaling succeeds when you verify every new browser profile path for team handoff reliability. It helps privacy-savvy teams avoid expensive surprises during browser stack migration while staying smart on affiliate messaging. Start with the reliability framework, then apply SAAS50. Share it as a value-first takeaway, not just a coupon. [797/1000]",https://saasverdict.com/go/multilogin?utm_source=linkedin&utm_medium=auto_post&utm_campaign=SAAS50&utm_content=post0797
798,Cost sustainability,"Here’s a strong rule for scale: Avoid unreliable anti-detect browser setup when you build quality-first affiliate recommendations. Our site is about automation scaling succeeds when you verify every new browser profile path for team handoff reliability. It helps privacy-savvy teams avoid expensive surprises during browser stack migration while staying smart on affiliate messaging. Follow the evidence-first process and use SAAS50 if it fits. Share it as a value-first takeaway, not just a coupon. [798/1000]",https://saasverdict.com/go/multilogin?utm_source=linkedin&utm_medium=auto_post&utm_campaign=SAAS50&utm_content=post0798
799,Review methodology,"A practical take: Avoid high subscription cost without a proper comparison when you build quality-first affiliate recommendations. Our site is about automation scaling succeeds when you verify every new browser profile path for leak and fingerprint parity. It helps privacy-savvy teams avoid expensive surprises during browser stack migration while staying smart on affiliate messaging. Validate the stack, then apply SAAS50 for the discount. Share it as a value-first takeaway, not just a coupon. [799/1000]",https://saasverdict.com/go/multilogin?utm_source=linkedin&utm_medium=auto_post&utm_campaign=SAAS50&utm_content=post0799
800,Comparison hub,"If you manage accounts at scale, this helps: Avoid unclear vendor tradeoffs for automation projects when you build quality-first affiliate recommendations. Our site is about automation scaling succeeds when you verify every new browser profile path for leak and fingerprint parity. It helps SaaS decision makers avoid expensive surprises during browser stack migration while staying smart on affiliate messaging. Use SAAS50 and keep recommending trusted, verified offers. Share it as a value-first takeaway, not just a coupon. [800/1000]",https://saasverdict.com/go/multilogin?utm_source=linkedin&utm_medium=auto_post&utm_campaign=SAAS50&utm_content=post0800
801,Browser automation,"Quick update: Avoid browser fingerprint drift under repeated runs when you build quality-first affiliate recommendations. Our site is about reliability-first comparisons beat feature lists when you want a stable stack for leak and fingerprint parity. It helps SaaS decision makers build a durable affiliate funnel based on real QA while staying smart on affiliate messaging. Check the verified promo and use SAAS50 for 50% off. Share it as a value-first takeaway, not just a coupon. [801/1000]",https://saasverdict.com/go/multilogin?utm_source=linkedin&utm_medium=auto_post&utm_campaign=SAAS50&utm_content=post0801
802,Promo verification,"Pro tip for browser ops teams: Avoid promo claims with no proof when you build quality-first affiliate recommendations. Our site is about reliability-first comparisons beat feature lists when you want a stable stack for leak and fingerprint parity. It helps SaaS decision makers build a durable affiliate funnel based on real QA while staying smart on affiliate messaging. See the discount proof and apply SAAS50 at checkout. Share it as a value-first takeaway, not just a coupon. [802/1000]",https://saasverdict.com/go/multilogin?utm_source=linkedin&utm_medium=auto_post&utm_campaign=SAAS50&utm_content=post0802
803,Affiliate trust,"Short reminder: Avoid fragile profile consistency when you build quality-first affiliate recommendations. Our site is about reliability-first comparisons beat feature lists when you want a stable stack for leak and fingerprint parity. It helps SaaS decision makers build a durable affiliate funnel based on real QA while staying smart on affiliate messaging. Use SAAS50 when you buy, and share the verified savings path. Share it as a value-first takeaway, not just a coupon. [803/1000]",https://saasverdict.com/go/multilogin?utm_source=linkedin&utm_medium=auto_post&utm_campaign=SAAS50&utm_content=post0803
804,Multi-account ops,"Insight for automation engineers: Avoid API connection failures during scale when you build quality-first affiliate recommendations. Our site is about reliability-first comparisons beat feature lists when you want a stable stack for leak and fingerprint parity. It helps SaaS decision makers build a durable affiliate funnel based on real QA while staying smart on affiliate messaging. Open the promo hub, validate the offer, and use SAAS50. Share it as a value-first takeaway, not just a coupon. [804/1000]",https://saasverdict.com/go/multilogin?utm_source=linkedin&utm_medium=auto_post&utm_campaign=SAAS50&utm_content=post0804
805,Workflow reliability,"If you care about multi-account reliability, note this: Avoid manual discount checks before checkout when you build sustainable affiliate post cadence. Our site is about reliability-first comparisons beat feature lists when you want a stable stack for leak and fingerprint parity. It helps SaaS decision makers build a durable affiliate funnel based on real QA while staying smart on affiliate messaging. Use SAAS50 for your next Multilogin checkout with confidence. Share it as a value-first takeaway, not just a coupon. [805/1000]",https://saasverdict.com/go/multilogin?utm_source=linkedin&utm_medium=auto_post&utm_campaign=SAAS50&utm_content=post0805
806,API runbooks,"Smart operators do this: Avoid privacy leaks in multi-account browsers when you build sustainable affiliate post cadence. Our site is about reliability-first comparisons beat feature lists when you want a stable stack for operational cost transparency. It helps SaaS decision makers build a durable affiliate funnel based on real QA while staying smart on affiliate messaging. Bookmark the comparison hub and use SAAS50 for a better deal. Share it as a value-first takeaway, not just a coupon. [806/1000]",https://saasverdict.com/go/multilogin?utm_source=linkedin&utm_medium=auto_post&utm_campaign=SAAS50&utm_content=post0806
807,Privacy engineering,"Today’s note on browser privacy: Avoid team handoff friction with operational stacks when you build sustainable affiliate post cadence. Our site is about reliability-first comparisons beat feature lists when you want a stable stack for operational cost transparency. It helps SaaS decision makers build a durable affiliate funnel based on real QA while staying smart on affiliate messaging. Start with the reliability framework, then apply SAAS50. Share it as a value-first takeaway, not just a coupon. [807/1000]",https://saasverdict.com/go/multilogin?utm_source=linkedin&utm_medium=auto_post&utm_campaign=SAAS50&utm_content=post0807
808,Cost sustainability,"Here’s a strong rule for scale: Avoid unreliable anti-detect browser setup when you build sustainable affiliate post cadence. Our site is about reliability-first comparisons beat feature lists when you want a stable stack for operational cost transparency. It helps SaaS decision makers build a durable affiliate funnel based on real QA while staying smart on affiliate messaging. Follow the evidence-first process and use SAAS50 if it fits. Share it as a value-first takeaway, not just a coupon. [808/1000]",https://saasverdict.com/go/multilogin?utm_source=linkedin&utm_medium=auto_post&utm_campaign=SAAS50&utm_content=post0808
809,Review methodology,"A practical take: Avoid high subscription cost without a proper comparison when you build sustainable affiliate post cadence. Our site is about reliability-first comparisons beat feature lists when you want a stable stack for operational cost transparency. It helps SaaS decision makers build a durable affiliate funnel based on real QA while staying smart on affiliate messaging. Validate the stack, then apply SAAS50 for the discount. Share it as a value-first takeaway, not just a coupon. [809/1000]",https://saasverdict.com/go/multilogin?utm_source=linkedin&utm_medium=auto_post&utm_campaign=SAAS50&utm_content=post0809
810,Comparison hub,"If you manage accounts at scale, this helps: Avoid unclear vendor tradeoffs for automation projects when you build sustainable affiliate post cadence. Our site is about reliability-first comparisons beat feature lists when you want a stable stack for operational cost transparency. It helps SaaS decision makers build a durable affiliate funnel based on real QA while staying smart on affiliate messaging. Use SAAS50 and keep recommending trusted, verified offers. Share it as a value-first takeaway, not just a coupon. [810/1000]",https://saasverdict.com/go/multilogin?utm_source=linkedin&utm_medium=auto_post&utm_campaign=SAAS50&utm_content=post0810
811,Browser automation,"Quick update: Avoid browser fingerprint drift under repeated runs when you build sustainable affiliate post cadence. Our site is about promo verification keeps you from paying full price for unreliable claims for operational cost transparency. It helps SaaS decision makers build a durable affiliate funnel based on real QA while staying smart on affiliate messaging. Check the verified promo and use SAAS50 for 50% off. Share it as a value-first takeaway, not just a coupon. [811/1000]",https://saasverdict.com/go/multilogin?utm_source=linkedin&utm_medium=auto_post&utm_campaign=SAAS50&utm_content=post0811
812,Promo verification,"Pro tip for browser ops teams: Avoid promo claims with no proof when you build sustainable affiliate post cadence. Our site is about promo verification keeps you from paying full price for unreliable claims for operational cost transparency. It helps SaaS decision makers build a durable affiliate funnel based on real QA while staying smart on affiliate messaging. See the discount proof and apply SAAS50 at checkout. Share it as a value-first takeaway, not just a coupon. [812/1000]",https://saasverdict.com/go/multilogin?utm_source=linkedin&utm_medium=auto_post&utm_campaign=SAAS50&utm_content=post0812
813,Affiliate trust,"Short reminder: Avoid fragile profile consistency when you build sustainable affiliate post cadence. Our site is about promo verification keeps you from paying full price for unreliable claims for browser privacy controls. It helps SaaS decision makers build a durable affiliate funnel based on real QA while staying smart on affiliate messaging. Use SAAS50 when you buy, and share the verified savings path. Share it as a value-first takeaway, not just a coupon. [813/1000]",https://saasverdict.com/go/multilogin?utm_source=linkedin&utm_medium=auto_post&utm_campaign=SAAS50&utm_content=post0813
814,Multi-account ops,"Insight for automation engineers: Avoid API connection failures during scale when you build sustainable affiliate post cadence. Our site is about promo verification keeps you from paying full price for unreliable claims for browser privacy controls. It helps SaaS decision makers build a durable affiliate funnel based on real QA while staying smart on affiliate messaging. Open the promo hub, validate the offer, and use SAAS50. Share it as a value-first takeaway, not just a coupon. [814/1000]",https://saasverdict.com/go/multilogin?utm_source=linkedin&utm_medium=auto_post&utm_campaign=SAAS50&utm_content=post0814
815,Workflow reliability,"If you care about multi-account reliability, note this: Avoid manual discount checks before checkout when you build sustainable affiliate post cadence. Our site is about promo verification keeps you from paying full price for unreliable claims for browser privacy controls. It helps SaaS decision makers build a durable affiliate funnel based on real QA while staying smart on affiliate messaging. Use SAAS50 for your next Multilogin checkout with confidence. Share it as a value-first takeaway, not just a coupon. [815/1000]",https://saasverdict.com/go/multilogin?utm_source=linkedin&utm_medium=auto_post&utm_campaign=SAAS50&utm_content=post0815
816,API runbooks,"Smart operators do this: Avoid privacy leaks in multi-account browsers when you build sustainable affiliate post cadence. Our site is about promo verification keeps you from paying full price for unreliable claims for browser privacy controls. It helps SaaS decision makers build a durable affiliate funnel based on real QA while staying smart on affiliate messaging. Bookmark the comparison hub and use SAAS50 for a better deal. Share it as a value-first takeaway, not just a coupon. [816/1000]",https://saasverdict.com/go/multilogin?utm_source=linkedin&utm_medium=auto_post&utm_campaign=SAAS50&utm_content=post0816
817,Privacy engineering,"Today’s note on browser privacy: Avoid team handoff friction with operational stacks when you build browser ops content that converts. Our site is about promo verification keeps you from paying full price for unreliable claims for browser privacy controls. It helps multilogin and alternative buyers build a durable affiliate funnel based on real QA while staying smart on affiliate messaging. Start with the reliability framework, then apply SAAS50. Share it as a value-first takeaway, not just a coupon. [817/1000]",https://saasverdict.com/go/multilogin?utm_source=linkedin&utm_medium=auto_post&utm_campaign=SAAS50&utm_content=post0817
818,Cost sustainability,"Here’s a strong rule for scale: Avoid unreliable anti-detect browser setup when you build browser ops content that converts. Our site is about promo verification keeps you from paying full price for unreliable claims for browser privacy controls. It helps multilogin and alternative buyers build a durable affiliate funnel based on real QA while staying smart on affiliate messaging. Follow the evidence-first process and use SAAS50 if it fits. Share it as a value-first takeaway, not just a coupon. [818/1000]",https://saasverdict.com/go/multilogin?utm_source=linkedin&utm_medium=auto_post&utm_campaign=SAAS50&utm_content=post0818
819,Review methodology,"A practical take: Avoid high subscription cost without a proper comparison when you build browser ops content that converts. Our site is about promo verification keeps you from paying full price for unreliable claims for browser privacy controls. It helps multilogin and alternative buyers build a durable affiliate funnel based on real QA while staying smart on affiliate messaging. Validate the stack, then apply SAAS50 for the discount. Share it as a value-first takeaway, not just a coupon. [819/1000]",https://saasverdict.com/go/multilogin?utm_source=linkedin&utm_medium=auto_post&utm_campaign=SAAS50&utm_content=post0819
820,Comparison hub,"If you manage accounts at scale, this helps: Avoid unclear vendor tradeoffs for automation projects when you build browser ops content that converts. Our site is about promo verification keeps you from paying full price for unreliable claims for discount validity checks. It helps multilogin and alternative buyers build a durable affiliate funnel based on real QA while staying smart on affiliate messaging. Use SAAS50 and keep recommending trusted, verified offers. Share it as a value-first takeaway, not just a coupon. [820/1000]",https://saasverdict.com/go/multilogin?utm_source=linkedin&utm_medium=auto_post&utm_campaign=SAAS50&utm_content=post0820
821,Browser automation,"Quick update: Avoid browser fingerprint drift under repeated runs when you build browser ops content that converts. Our site is about a decision workflow is better than chasing every new tool for discount validity checks. It helps multilogin and alternative buyers build a durable affiliate funnel based on real QA while staying smart on affiliate messaging. Check the verified promo and use SAAS50 for 50% off. Share it as a value-first takeaway, not just a coupon. [821/1000]",https://saasverdict.com/go/multilogin?utm_source=linkedin&utm_medium=auto_post&utm_campaign=SAAS50&utm_content=post0821
822,Promo verification,"Pro tip for browser ops teams: Avoid promo claims with no proof when you build browser ops content that converts. Our site is about a decision workflow is better than chasing every new tool for discount validity checks. It helps multilogin and alternative buyers build a durable affiliate funnel based on real QA while staying smart on affiliate messaging. See the discount proof and apply SAAS50 at checkout. Share it as a value-first takeaway, not just a coupon. [822/1000]",https://saasverdict.com/go/multilogin?utm_source=linkedin&utm_medium=auto_post&utm_campaign=SAAS50&utm_content=post0822
823,Affiliate trust,"Short reminder: Avoid fragile profile consistency when you build browser ops content that converts. Our site is about a decision workflow is better than chasing every new tool for discount validity checks. It helps multilogin and alternative buyers build a durable affiliate funnel based on real QA while staying smart on affiliate messaging. Use SAAS50 when you buy, and share the verified savings path. Share it as a value-first takeaway, not just a coupon. [823/1000]",https://saasverdict.com/go/multilogin?utm_source=linkedin&utm_medium=auto_post&utm_campaign=SAAS50&utm_content=post0823
824,Multi-account ops,"Insight for automation engineers: Avoid API connection failures during scale when you build browser ops content that converts. Our site is about a decision workflow is better than chasing every new tool for discount validity checks. It helps multilogin and alternative buyers build a durable affiliate funnel based on real QA while staying smart on affiliate messaging. Open the promo hub, validate the offer, and use SAAS50. Share it as a value-first takeaway, not just a coupon. [824/1000]",https://saasverdict.com/go/multilogin?utm_source=linkedin&utm_medium=auto_post&utm_campaign=SAAS50&utm_content=post0824
825,Workflow reliability,"If you care about multi-account reliability, note this: Avoid manual discount checks before checkout when you build browser ops content that converts. Our site is about a decision workflow is better than chasing every new tool for discount validity checks. It helps multilogin and alternative buyers build a durable affiliate funnel based on real QA while staying smart on affiliate messaging. Use SAAS50 for your next Multilogin checkout with confidence. Share it as a value-first takeaway, not just a coupon. [825/1000]",https://saasverdict.com/go/multilogin?utm_source=linkedin&utm_medium=auto_post&utm_campaign=SAAS50&utm_content=post0825
826,API runbooks,Smart operators do this: Avoid privacy leaks in multi-account browsers when you build browser ops content that converts. Our site is about a decision workflow is better than chasing every new tool for discount validity checks. It helps multilogin and alternative buyers keep browser sessions stable across repeating workflows while staying smart on affiliate messaging. Bookmark the comparison hub and use SAAS50 for a better deal. That’s the difference between one-time clicks and repeat referrals. [826/1000],https://saasverdict.com/go/multilogin?utm_source=linkedin&utm_medium=auto_post&utm_campaign=SAAS50&utm_content=post0826
827,Privacy engineering,"Today’s note on browser privacy: Avoid team handoff friction with operational stacks when you build browser ops content that converts. Our site is about a decision workflow is better than chasing every new tool for multi-account workflow resilience. It helps multilogin and alternative buyers keep browser sessions stable across repeating workflows while staying smart on affiliate messaging. Start with the reliability framework, then apply SAAS50. That’s the difference between one-time clicks and repeat referrals. [827/1000]",https://saasverdict.com/go/multilogin?utm_source=linkedin&utm_medium=auto_post&utm_campaign=SAAS50&utm_content=post0827
828,Cost sustainability,Here’s a strong rule for scale: Avoid unreliable anti-detect browser setup when you build browser ops content that converts. Our site is about a decision workflow is better than chasing every new tool for multi-account workflow resilience. It helps multilogin and alternative buyers keep browser sessions stable across repeating workflows while staying smart on affiliate messaging. Follow the evidence-first process and use SAAS50 if it fits. That’s the difference between one-time clicks and repeat referrals. [828/1000],https://saasverdict.com/go/multilogin?utm_source=linkedin&utm_medium=auto_post&utm_campaign=SAAS50&utm_content=post0828
829,Review methodology,"A practical take: Avoid high subscription cost without a proper comparison when you build verification-first discount reports. Our site is about a decision workflow is better than chasing every new tool for multi-account workflow resilience. It helps multilogin and alternative buyers keep browser sessions stable across repeating workflows while staying smart on affiliate messaging. Validate the stack, then apply SAAS50 for the discount. That’s the difference between one-time clicks and repeat referrals. [829/1000]",https://saasverdict.com/go/multilogin?utm_source=linkedin&utm_medium=auto_post&utm_campaign=SAAS50&utm_content=post0829
830,Comparison hub,"If you manage accounts at scale, this helps: Avoid unclear vendor tradeoffs for automation projects when you build verification-first discount reports. Our site is about a decision workflow is better than chasing every new tool for multi-account workflow resilience. It helps multilogin and alternative buyers keep browser sessions stable across repeating workflows while staying smart on affiliate messaging. Use SAAS50 and keep recommending trusted, verified offers. That’s the difference between one-time clicks and repeat referrals. [830/1000]",https://saasverdict.com/go/multilogin?utm_source=linkedin&utm_medium=auto_post&utm_campaign=SAAS50&utm_content=post0830
831,Browser automation,Quick update: Avoid browser fingerprint drift under repeated runs when you build verification-first discount reports. Our site is about API runbooks reduce downtime and release risk for multi-account workflow resilience. It helps multilogin and alternative buyers keep browser sessions stable across repeating workflows while staying smart on affiliate messaging. Check the verified promo and use SAAS50 for 50% off. That’s the difference between one-time clicks and repeat referrals. [831/1000],https://saasverdict.com/go/multilogin?utm_source=linkedin&utm_medium=auto_post&utm_campaign=SAAS50&utm_content=post0831
832,Promo verification,Pro tip for browser ops teams: Avoid promo claims with no proof when you build verification-first discount reports. Our site is about API runbooks reduce downtime and release risk for multi-account workflow resilience. It helps multilogin and alternative buyers keep browser sessions stable across repeating workflows while staying smart on affiliate messaging. See the discount proof and apply SAAS50 at checkout. That’s the difference between one-time clicks and repeat referrals. [832/1000],https://saasverdict.com/go/multilogin?utm_source=linkedin&utm_medium=auto_post&utm_campaign=SAAS50&utm_content=post0832
833,Affiliate trust,"Short reminder: Avoid fragile profile consistency when you build verification-first discount reports. Our site is about API runbooks reduce downtime and release risk for multi-account workflow resilience. It helps multilogin and alternative buyers keep browser sessions stable across repeating workflows while staying smart on affiliate messaging. Use SAAS50 when you buy, and share the verified savings path. That’s the difference between one-time clicks and repeat referrals. [833/1000]",https://saasverdict.com/go/multilogin?utm_source=linkedin&utm_medium=auto_post&utm_campaign=SAAS50&utm_content=post0833
834,Multi-account ops,"Insight for automation engineers: Avoid API connection failures during scale when you build verification-first discount reports. Our site is about API runbooks reduce downtime and release risk for comparison clarity for buyers. It helps browser privacy audiences keep browser sessions stable across repeating workflows while staying smart on affiliate messaging. Open the promo hub, validate the offer, and use SAAS50. That’s the difference between one-time clicks and repeat referrals. [834/1000]",https://saasverdict.com/go/multilogin?utm_source=linkedin&utm_medium=auto_post&utm_campaign=SAAS50&utm_content=post0834
835,Workflow reliability,"If you care about multi-account reliability, note this: Avoid manual discount checks before checkout when you build verification-first discount reports. Our site is about API runbooks reduce downtime and release risk for comparison clarity for buyers. It helps browser privacy audiences keep browser sessions stable across repeating workflows while staying smart on affiliate messaging. Use SAAS50 for your next Multilogin checkout with confidence. That’s the difference between one-time clicks and repeat referrals. [835/1000]",https://saasverdict.com/go/multilogin?utm_source=linkedin&utm_medium=auto_post&utm_campaign=SAAS50&utm_content=post0835
836,API runbooks,Smart operators do this: Avoid privacy leaks in multi-account browsers when you build verification-first discount reports. Our site is about API runbooks reduce downtime and release risk for comparison clarity for buyers. It helps browser privacy audiences keep browser sessions stable across repeating workflows while staying smart on affiliate messaging. Bookmark the comparison hub and use SAAS50 for a better deal. That’s the difference between one-time clicks and repeat referrals. [836/1000],https://saasverdict.com/go/multilogin?utm_source=linkedin&utm_medium=auto_post&utm_campaign=SAAS50&utm_content=post0836
837,Privacy engineering,"Today’s note on browser privacy: Avoid team handoff friction with operational stacks when you build verification-first discount reports. Our site is about API runbooks reduce downtime and release risk for comparison clarity for buyers. It helps browser privacy audiences keep browser sessions stable across repeating workflows while staying smart on affiliate messaging. Start with the reliability framework, then apply SAAS50. That’s the difference between one-time clicks and repeat referrals. [837/1000]",https://saasverdict.com/go/multilogin?utm_source=linkedin&utm_medium=auto_post&utm_campaign=SAAS50&utm_content=post0837
838,Cost sustainability,Here’s a strong rule for scale: Avoid unreliable anti-detect browser setup when you build verification-first discount reports. Our site is about API runbooks reduce downtime and release risk for comparison clarity for buyers. It helps browser privacy audiences keep browser sessions stable across repeating workflows while staying smart on affiliate messaging. Follow the evidence-first process and use SAAS50 if it fits. That’s the difference between one-time clicks and repeat referrals. [838/1000],https://saasverdict.com/go/multilogin?utm_source=linkedin&utm_medium=auto_post&utm_campaign=SAAS50&utm_content=post0838
839,Review methodology,"A practical take: Avoid high subscription cost without a proper comparison when you build verification-first discount reports. Our site is about API runbooks reduce downtime and release risk for comparison clarity for buyers. It helps browser privacy audiences keep browser sessions stable across repeating workflows while staying smart on affiliate messaging. Validate the stack, then apply SAAS50 for the discount. That’s the difference between one-time clicks and repeat referrals. [839/1000]",https://saasverdict.com/go/multilogin?utm_source=linkedin&utm_medium=auto_post&utm_campaign=SAAS50&utm_content=post0839
840,Comparison hub,"If you manage accounts at scale, this helps: Avoid unclear vendor tradeoffs for automation projects when you build verification-first discount reports. Our site is about API runbooks reduce downtime and release risk for comparison clarity for buyers. It helps browser privacy audiences keep browser sessions stable across repeating workflows while staying smart on affiliate messaging. Use SAAS50 and keep recommending trusted, verified offers. That’s the difference between one-time clicks and repeat referrals. [840/1000]",https://saasverdict.com/go/multilogin?utm_source=linkedin&utm_medium=auto_post&utm_campaign=SAAS50&utm_content=post0840
841,Browser automation,Quick update: Avoid browser fingerprint drift under repeated runs when you build reliable browser automation stacks. Our site is about evidence-based guides make affiliate recommendations credible and sustainable for browser profile stability. It helps browser privacy audiences keep browser sessions stable across repeating workflows while staying smart on affiliate messaging. Check the verified promo and use SAAS50 for 50% off. That’s the difference between one-time clicks and repeat referrals. [841/1000],https://saasverdict.com/go/multilogin?utm_source=linkedin&utm_medium=auto_post&utm_campaign=SAAS50&utm_content=post0841
842,Promo verification,Pro tip for browser ops teams: Avoid promo claims with no proof when you build reliable browser automation stacks. Our site is about evidence-based guides make affiliate recommendations credible and sustainable for browser profile stability. It helps browser privacy audiences keep browser sessions stable across repeating workflows while staying smart on affiliate messaging. See the discount proof and apply SAAS50 at checkout. That’s the difference between one-time clicks and repeat referrals. [842/1000],https://saasverdict.com/go/multilogin?utm_source=linkedin&utm_medium=auto_post&utm_campaign=SAAS50&utm_content=post0842
843,Affiliate trust,"Short reminder: Avoid fragile profile consistency when you build reliable browser automation stacks. Our site is about evidence-based guides make affiliate recommendations credible and sustainable for browser profile stability. It helps browser privacy audiences keep browser sessions stable across repeating workflows while staying smart on affiliate messaging. Use SAAS50 when you buy, and share the verified savings path. That’s the difference between one-time clicks and repeat referrals. [843/1000]",https://saasverdict.com/go/multilogin?utm_source=linkedin&utm_medium=auto_post&utm_campaign=SAAS50&utm_content=post0843
844,Multi-account ops,"Insight for automation engineers: Avoid API connection failures during scale when you build reliable browser automation stacks. Our site is about evidence-based guides make affiliate recommendations credible and sustainable for browser profile stability. It helps browser privacy audiences keep browser sessions stable across repeating workflows while staying smart on affiliate messaging. Open the promo hub, validate the offer, and use SAAS50. That’s the difference between one-time clicks and repeat referrals. [844/1000]",https://saasverdict.com/go/multilogin?utm_source=linkedin&utm_medium=auto_post&utm_campaign=SAAS50&utm_content=post0844
845,Workflow reliability,"If you care about multi-account reliability, note this: Avoid manual discount checks before checkout when you build reliable browser automation stacks. Our site is about evidence-based guides make affiliate recommendations credible and sustainable for browser profile stability. It helps browser privacy audiences keep browser sessions stable across repeating workflows while staying smart on affiliate messaging. Use SAAS50 for your next Multilogin checkout with confidence. That’s the difference between one-time clicks and repeat referrals. [845/1000]",https://saasverdict.com/go/multilogin?utm_source=linkedin&utm_medium=auto_post&utm_campaign=SAAS50&utm_content=post0845
846,API runbooks,Smart operators do this: Avoid privacy leaks in multi-account browsers when you build reliable browser automation stacks. Our site is about evidence-based guides make affiliate recommendations credible and sustainable for browser profile stability. It helps browser privacy audiences keep browser sessions stable across repeating workflows while staying smart on affiliate messaging. Bookmark the comparison hub and use SAAS50 for a better deal. That’s the difference between one-time clicks and repeat referrals. [846/1000],https://saasverdict.com/go/multilogin?utm_source=linkedin&utm_medium=auto_post&utm_campaign=SAAS50&utm_content=post0846
847,Privacy engineering,"Today’s note on browser privacy: Avoid team handoff friction with operational stacks when you build reliable browser automation stacks. Our site is about evidence-based guides make affiliate recommendations credible and sustainable for browser profile stability. It helps browser privacy audiences keep browser sessions stable across repeating workflows while staying smart on affiliate messaging. Start with the reliability framework, then apply SAAS50. That’s the difference between one-time clicks and repeat referrals. [847/1000]",https://saasverdict.com/go/multilogin?utm_source=linkedin&utm_medium=auto_post&utm_campaign=SAAS50&utm_content=post0847
848,Cost sustainability,Here’s a strong rule for scale: Avoid unreliable anti-detect browser setup when you build reliable browser automation stacks. Our site is about evidence-based guides make affiliate recommendations credible and sustainable for API integration quality. It helps browser privacy audiences keep browser sessions stable across repeating workflows while staying smart on affiliate messaging. Follow the evidence-first process and use SAAS50 if it fits. That’s the difference between one-time clicks and repeat referrals. [848/1000],https://saasverdict.com/go/multilogin?utm_source=linkedin&utm_medium=auto_post&utm_campaign=SAAS50&utm_content=post0848
849,Review methodology,"A practical take: Avoid high subscription cost without a proper comparison when you build reliable browser automation stacks. Our site is about evidence-based guides make affiliate recommendations credible and sustainable for API integration quality. It helps browser privacy audiences keep browser sessions stable across repeating workflows while staying smart on affiliate messaging. Validate the stack, then apply SAAS50 for the discount. That’s the difference between one-time clicks and repeat referrals. [849/1000]",https://saasverdict.com/go/multilogin?utm_source=linkedin&utm_medium=auto_post&utm_campaign=SAAS50&utm_content=post0849
850,Comparison hub,"If you manage accounts at scale, this helps: Avoid unclear vendor tradeoffs for automation projects when you build reliable browser automation stacks. Our site is about evidence-based guides make affiliate recommendations credible and sustainable for API integration quality. It helps browser privacy audiences keep browser sessions stable across repeating workflows while staying smart on affiliate messaging. Use SAAS50 and keep recommending trusted, verified offers. That’s the difference between one-time clicks and repeat referrals. [850/1000]",https://saasverdict.com/go/multilogin?utm_source=linkedin&utm_medium=auto_post&utm_campaign=SAAS50&utm_content=post0850
851,Browser automation,Quick update: Avoid browser fingerprint drift under repeated runs when you build reliable browser automation stacks. Our site is about browser privacy checks should include worker thread parity for API integration quality. It helps LinkedIn audiences convert more audiences by sharing trusted coupon evidence while staying smart on affiliate messaging. Check the verified promo and use SAAS50 for 50% off. That’s the difference between one-time clicks and repeat referrals. [851/1000],https://saasverdict.com/go/multilogin?utm_source=linkedin&utm_medium=auto_post&utm_campaign=SAAS50&utm_content=post0851
852,Promo verification,Pro tip for browser ops teams: Avoid promo claims with no proof when you build reliable browser automation stacks. Our site is about browser privacy checks should include worker thread parity for API integration quality. It helps LinkedIn audiences convert more audiences by sharing trusted coupon evidence while staying smart on affiliate messaging. See the discount proof and apply SAAS50 at checkout. That’s the difference between one-time clicks and repeat referrals. [852/1000],https://saasverdict.com/go/multilogin?utm_source=linkedin&utm_medium=auto_post&utm_campaign=SAAS50&utm_content=post0852
853,Affiliate trust,"Short reminder: Avoid fragile profile consistency when you build trusted vendor proof before purchase. Our site is about browser privacy checks should include worker thread parity for API integration quality. It helps LinkedIn audiences convert more audiences by sharing trusted coupon evidence while staying smart on affiliate messaging. Use SAAS50 when you buy, and share the verified savings path. That’s the difference between one-time clicks and repeat referrals. [853/1000]",https://saasverdict.com/go/multilogin?utm_source=linkedin&utm_medium=auto_post&utm_campaign=SAAS50&utm_content=post0853
854,Multi-account ops,"Insight for automation engineers: Avoid API connection failures during scale when you build trusted vendor proof before purchase. Our site is about browser privacy checks should include worker thread parity for API integration quality. It helps LinkedIn audiences convert more audiences by sharing trusted coupon evidence while staying smart on affiliate messaging. Open the promo hub, validate the offer, and use SAAS50. That’s the difference between one-time clicks and repeat referrals. [854/1000]",https://saasverdict.com/go/multilogin?utm_source=linkedin&utm_medium=auto_post&utm_campaign=SAAS50&utm_content=post0854
855,Workflow reliability,"If you care about multi-account reliability, note this: Avoid manual discount checks before checkout when you build trusted vendor proof before purchase. Our site is about browser privacy checks should include worker thread parity for promo verification evidence. It helps LinkedIn audiences convert more audiences by sharing trusted coupon evidence while staying smart on affiliate messaging. Use SAAS50 for your next Multilogin checkout with confidence. That’s the difference between one-time clicks and repeat referrals. [855/1000]",https://saasverdict.com/go/multilogin?utm_source=linkedin&utm_medium=auto_post&utm_campaign=SAAS50&utm_content=post0855
856,API runbooks,Smart operators do this: Avoid privacy leaks in multi-account browsers when you build trusted vendor proof before purchase. Our site is about browser privacy checks should include worker thread parity for promo verification evidence. It helps LinkedIn audiences convert more audiences by sharing trusted coupon evidence while staying smart on affiliate messaging. Bookmark the comparison hub and use SAAS50 for a better deal. That’s the difference between one-time clicks and repeat referrals. [856/1000],https://saasverdict.com/go/multilogin?utm_source=linkedin&utm_medium=auto_post&utm_campaign=SAAS50&utm_content=post0856
857,Privacy engineering,"Today’s note on browser privacy: Avoid team handoff friction with operational stacks when you build trusted vendor proof before purchase. Our site is about browser privacy checks should include worker thread parity for promo verification evidence. It helps LinkedIn audiences convert more audiences by sharing trusted coupon evidence while staying smart on affiliate messaging. Start with the reliability framework, then apply SAAS50. That’s the difference between one-time clicks and repeat referrals. [857/1000]",https://saasverdict.com/go/multilogin?utm_source=linkedin&utm_medium=auto_post&utm_campaign=SAAS50&utm_content=post0857
858,Cost sustainability,Here’s a strong rule for scale: Avoid unreliable anti-detect browser setup when you build trusted vendor proof before purchase. Our site is about browser privacy checks should include worker thread parity for promo verification evidence. It helps LinkedIn audiences convert more audiences by sharing trusted coupon evidence while staying smart on affiliate messaging. Follow the evidence-first process and use SAAS50 if it fits. That’s the difference between one-time clicks and repeat referrals. [858/1000],https://saasverdict.com/go/multilogin?utm_source=linkedin&utm_medium=auto_post&utm_campaign=SAAS50&utm_content=post0858
859,Review methodology,"A practical take: Avoid high subscription cost without a proper comparison when you build trusted vendor proof before purchase. Our site is about browser privacy checks should include worker thread parity for promo verification evidence. It helps LinkedIn audiences convert more audiences by sharing trusted coupon evidence while staying smart on affiliate messaging. Validate the stack, then apply SAAS50 for the discount. Build a reputation for reliability by sharing what actually works. [859/1000]",https://saasverdict.com/go/multilogin?utm_source=linkedin&utm_medium=auto_post&utm_campaign=SAAS50&utm_content=post0859
860,Comparison hub,"If you manage accounts at scale, this helps: Avoid unclear vendor tradeoffs for automation projects when you build trusted vendor proof before purchase. Our site is about browser privacy checks should include worker thread parity for promo verification evidence. It helps LinkedIn audiences convert more audiences by sharing trusted coupon evidence while staying smart on affiliate messaging. Use SAAS50 and keep recommending trusted, verified offers. Build a reputation for reliability by sharing what actually works. [860/1000]",https://saasverdict.com/go/multilogin?utm_source=linkedin&utm_medium=auto_post&utm_campaign=SAAS50&utm_content=post0860
861,Browser automation,Quick update: Avoid browser fingerprint drift under repeated runs when you build trusted vendor proof before purchase. Our site is about discounts perform better when shared with trust and context for promo verification evidence. It helps LinkedIn audiences convert more audiences by sharing trusted coupon evidence while staying smart on affiliate messaging. Check the verified promo and use SAAS50 for 50% off. Build a reputation for reliability by sharing what actually works. [861/1000],https://saasverdict.com/go/multilogin?utm_source=linkedin&utm_medium=auto_post&utm_campaign=SAAS50&utm_content=post0861
862,Promo verification,Pro tip for browser ops teams: Avoid promo claims with no proof when you build trusted vendor proof before purchase. Our site is about discounts perform better when shared with trust and context for team handoff reliability. It helps LinkedIn audiences convert more audiences by sharing trusted coupon evidence while staying smart on affiliate messaging. See the discount proof and apply SAAS50 at checkout. Build a reputation for reliability by sharing what actually works. [862/1000],https://saasverdict.com/go/multilogin?utm_source=linkedin&utm_medium=auto_post&utm_campaign=SAAS50&utm_content=post0862
863,Affiliate trust,"Short reminder: Avoid fragile profile consistency when you build trusted vendor proof before purchase. Our site is about discounts perform better when shared with trust and context for team handoff reliability. It helps LinkedIn audiences convert more audiences by sharing trusted coupon evidence while staying smart on affiliate messaging. Use SAAS50 when you buy, and share the verified savings path. Build a reputation for reliability by sharing what actually works. [863/1000]",https://saasverdict.com/go/multilogin?utm_source=linkedin&utm_medium=auto_post&utm_campaign=SAAS50&utm_content=post0863
864,Multi-account ops,"Insight for automation engineers: Avoid API connection failures during scale when you build trusted vendor proof before purchase. Our site is about discounts perform better when shared with trust and context for team handoff reliability. It helps LinkedIn audiences convert more audiences by sharing trusted coupon evidence while staying smart on affiliate messaging. Open the promo hub, validate the offer, and use SAAS50. Build a reputation for reliability by sharing what actually works. [864/1000]",https://saasverdict.com/go/multilogin?utm_source=linkedin&utm_medium=auto_post&utm_campaign=SAAS50&utm_content=post0864
865,Workflow reliability,"If you care about multi-account reliability, note this: Avoid manual discount checks before checkout when you build technical decision support for account ops. Our site is about discounts perform better when shared with trust and context for team handoff reliability. It helps LinkedIn audiences convert more audiences by sharing trusted coupon evidence while staying smart on affiliate messaging. Use SAAS50 for your next Multilogin checkout with confidence. Build a reputation for reliability by sharing what actually works. [865/1000]",https://saasverdict.com/go/multilogin?utm_source=linkedin&utm_medium=auto_post&utm_campaign=SAAS50&utm_content=post0865
866,API runbooks,Smart operators do this: Avoid privacy leaks in multi-account browsers when you build technical decision support for account ops. Our site is about discounts perform better when shared with trust and context for team handoff reliability. It helps LinkedIn audiences convert more audiences by sharing trusted coupon evidence while staying smart on affiliate messaging. Bookmark the comparison hub and use SAAS50 for a better deal. Build a reputation for reliability by sharing what actually works. [866/1000],https://saasverdict.com/go/multilogin?utm_source=linkedin&utm_medium=auto_post&utm_campaign=SAAS50&utm_content=post0866
867,Privacy engineering,"Today’s note on browser privacy: Avoid team handoff friction with operational stacks when you build technical decision support for account ops. Our site is about discounts perform better when shared with trust and context for team handoff reliability. It helps LinkedIn audiences convert more audiences by sharing trusted coupon evidence while staying smart on affiliate messaging. Start with the reliability framework, then apply SAAS50. Build a reputation for reliability by sharing what actually works. [867/1000]",https://saasverdict.com/go/multilogin?utm_source=linkedin&utm_medium=auto_post&utm_campaign=SAAS50&utm_content=post0867
868,Cost sustainability,Here’s a strong rule for scale: Avoid unreliable anti-detect browser setup when you build technical decision support for account ops. Our site is about discounts perform better when shared with trust and context for team handoff reliability. It helps Telegram communities convert more audiences by sharing trusted coupon evidence while staying smart on affiliate messaging. Follow the evidence-first process and use SAAS50 if it fits. Build a reputation for reliability by sharing what actually works. [868/1000],https://saasverdict.com/go/multilogin?utm_source=linkedin&utm_medium=auto_post&utm_campaign=SAAS50&utm_content=post0868
869,Review methodology,"A practical take: Avoid high subscription cost without a proper comparison when you build technical decision support for account ops. Our site is about discounts perform better when shared with trust and context for leak and fingerprint parity. It helps Telegram communities convert more audiences by sharing trusted coupon evidence while staying smart on affiliate messaging. Validate the stack, then apply SAAS50 for the discount. Build a reputation for reliability by sharing what actually works. [869/1000]",https://saasverdict.com/go/multilogin?utm_source=linkedin&utm_medium=auto_post&utm_campaign=SAAS50&utm_content=post0869
870,Comparison hub,"If you manage accounts at scale, this helps: Avoid unclear vendor tradeoffs for automation projects when you build technical decision support for account ops. Our site is about discounts perform better when shared with trust and context for leak and fingerprint parity. It helps Telegram communities convert more audiences by sharing trusted coupon evidence while staying smart on affiliate messaging. Use SAAS50 and keep recommending trusted, verified offers. Build a reputation for reliability by sharing what actually works. [870/1000]",https://saasverdict.com/go/multilogin?utm_source=linkedin&utm_medium=auto_post&utm_campaign=SAAS50&utm_content=post0870
871,Browser automation,Quick update: Avoid browser fingerprint drift under repeated runs when you build technical decision support for account ops. Our site is about tool selection should prioritize profile stability and operational cost for leak and fingerprint parity. It helps Telegram communities convert more audiences by sharing trusted coupon evidence while staying smart on affiliate messaging. Check the verified promo and use SAAS50 for 50% off. Build a reputation for reliability by sharing what actually works. [871/1000],https://saasverdict.com/go/multilogin?utm_source=linkedin&utm_medium=auto_post&utm_campaign=SAAS50&utm_content=post0871
872,Promo verification,Pro tip for browser ops teams: Avoid promo claims with no proof when you build technical decision support for account ops. Our site is about tool selection should prioritize profile stability and operational cost for leak and fingerprint parity. It helps Telegram communities convert more audiences by sharing trusted coupon evidence while staying smart on affiliate messaging. See the discount proof and apply SAAS50 at checkout. Build a reputation for reliability by sharing what actually works. [872/1000],https://saasverdict.com/go/multilogin?utm_source=linkedin&utm_medium=auto_post&utm_campaign=SAAS50&utm_content=post0872
873,Affiliate trust,"Short reminder: Avoid fragile profile consistency when you build technical decision support for account ops. Our site is about tool selection should prioritize profile stability and operational cost for leak and fingerprint parity. It helps Telegram communities convert more audiences by sharing trusted coupon evidence while staying smart on affiliate messaging. Use SAAS50 when you buy, and share the verified savings path. Build a reputation for reliability by sharing what actually works. [873/1000]",https://saasverdict.com/go/multilogin?utm_source=linkedin&utm_medium=auto_post&utm_campaign=SAAS50&utm_content=post0873
874,Multi-account ops,"Insight for automation engineers: Avoid API connection failures during scale when you build technical decision support for account ops. Our site is about tool selection should prioritize profile stability and operational cost for leak and fingerprint parity. It helps Telegram communities convert more audiences by sharing trusted coupon evidence while staying smart on affiliate messaging. Open the promo hub, validate the offer, and use SAAS50. Build a reputation for reliability by sharing what actually works. [874/1000]",https://saasverdict.com/go/multilogin?utm_source=linkedin&utm_medium=auto_post&utm_campaign=SAAS50&utm_content=post0874
875,Workflow reliability,"If you care about multi-account reliability, note this: Avoid manual discount checks before checkout when you build technical decision support for account ops. Our site is about tool selection should prioritize profile stability and operational cost for leak and fingerprint parity. It helps Telegram communities convert more audiences by sharing trusted coupon evidence while staying smart on affiliate messaging. Use SAAS50 for your next Multilogin checkout with confidence. Build a reputation for reliability by sharing what actually works. [875/1000]",https://saasverdict.com/go/multilogin?utm_source=linkedin&utm_medium=auto_post&utm_campaign=SAAS50&utm_content=post0875
876,API runbooks,Smart operators do this: Avoid privacy leaks in multi-account browsers when you build technical decision support for account ops. Our site is about tool selection should prioritize profile stability and operational cost for operational cost transparency. It helps Telegram communities reduce risk in paid account operations while staying smart on affiliate messaging. Bookmark the comparison hub and use SAAS50 for a better deal. Build a reputation for reliability by sharing what actually works. [876/1000],https://saasverdict.com/go/multilogin?utm_source=linkedin&utm_medium=auto_post&utm_campaign=SAAS50&utm_content=post0876
877,Privacy engineering,"Today’s note on browser privacy: Avoid team handoff friction with operational stacks when you build compliance-aware automation playbooks. Our site is about tool selection should prioritize profile stability and operational cost for operational cost transparency. It helps Telegram communities reduce risk in paid account operations while staying smart on affiliate messaging. Start with the reliability framework, then apply SAAS50. Build a reputation for reliability by sharing what actually works. [877/1000]",https://saasverdict.com/go/multilogin?utm_source=linkedin&utm_medium=auto_post&utm_campaign=SAAS50&utm_content=post0877
878,Cost sustainability,Here’s a strong rule for scale: Avoid unreliable anti-detect browser setup when you build compliance-aware automation playbooks. Our site is about tool selection should prioritize profile stability and operational cost for operational cost transparency. It helps Telegram communities reduce risk in paid account operations while staying smart on affiliate messaging. Follow the evidence-first process and use SAAS50 if it fits. Build a reputation for reliability by sharing what actually works. [878/1000],https://saasverdict.com/go/multilogin?utm_source=linkedin&utm_medium=auto_post&utm_campaign=SAAS50&utm_content=post0878
879,Review methodology,"A practical take: Avoid high subscription cost without a proper comparison when you build compliance-aware automation playbooks. Our site is about tool selection should prioritize profile stability and operational cost for operational cost transparency. It helps Telegram communities reduce risk in paid account operations while staying smart on affiliate messaging. Validate the stack, then apply SAAS50 for the discount. Build a reputation for reliability by sharing what actually works. [879/1000]",https://saasverdict.com/go/multilogin?utm_source=linkedin&utm_medium=auto_post&utm_campaign=SAAS50&utm_content=post0879
880,Comparison hub,"If you manage accounts at scale, this helps: Avoid unclear vendor tradeoffs for automation projects when you build compliance-aware automation playbooks. Our site is about tool selection should prioritize profile stability and operational cost for operational cost transparency. It helps Telegram communities reduce risk in paid account operations while staying smart on affiliate messaging. Use SAAS50 and keep recommending trusted, verified offers. Build a reputation for reliability by sharing what actually works. [880/1000]",https://saasverdict.com/go/multilogin?utm_source=linkedin&utm_medium=auto_post&utm_campaign=SAAS50&utm_content=post0880
881,Browser automation,Quick update: Avoid browser fingerprint drift under repeated runs when you build compliance-aware automation playbooks. Our site is about multi-account operations need both privacy controls and workflow quality for operational cost transparency. It helps Telegram communities reduce risk in paid account operations while staying smart on affiliate messaging. Check the verified promo and use SAAS50 for 50% off. Build a reputation for reliability by sharing what actually works. [881/1000],https://saasverdict.com/go/multilogin?utm_source=linkedin&utm_medium=auto_post&utm_campaign=SAAS50&utm_content=post0881
882,Promo verification,Pro tip for browser ops teams: Avoid promo claims with no proof when you build compliance-aware automation playbooks. Our site is about multi-account operations need both privacy controls and workflow quality for operational cost transparency. It helps Telegram communities reduce risk in paid account operations while staying smart on affiliate messaging. See the discount proof and apply SAAS50 at checkout. Build a reputation for reliability by sharing what actually works. [882/1000],https://saasverdict.com/go/multilogin?utm_source=linkedin&utm_medium=auto_post&utm_campaign=SAAS50&utm_content=post0882
883,Affiliate trust,"Short reminder: Avoid fragile profile consistency when you build compliance-aware automation playbooks. Our site is about multi-account operations need both privacy controls and workflow quality for browser privacy controls. It helps Telegram communities reduce risk in paid account operations while staying smart on affiliate messaging. Use SAAS50 when you buy, and share the verified savings path. Build a reputation for reliability by sharing what actually works. [883/1000]",https://saasverdict.com/go/multilogin?utm_source=linkedin&utm_medium=auto_post&utm_campaign=SAAS50&utm_content=post0883
884,Multi-account ops,"Insight for automation engineers: Avoid API connection failures during scale when you build compliance-aware automation playbooks. Our site is about multi-account operations need both privacy controls and workflow quality for browser privacy controls. It helps Telegram communities reduce risk in paid account operations while staying smart on affiliate messaging. Open the promo hub, validate the offer, and use SAAS50. Build a reputation for reliability by sharing what actually works. [884/1000]",https://saasverdict.com/go/multilogin?utm_source=linkedin&utm_medium=auto_post&utm_campaign=SAAS50&utm_content=post0884
885,Workflow reliability,"If you care about multi-account reliability, note this: Avoid manual discount checks before checkout when you build compliance-aware automation playbooks. Our site is about multi-account operations need both privacy controls and workflow quality for browser privacy controls. It helps Twitter thread readers reduce risk in paid account operations while staying smart on affiliate messaging. Use SAAS50 for your next Multilogin checkout with confidence. Build a reputation for reliability by sharing what actually works. [885/1000]",https://saasverdict.com/go/multilogin?utm_source=linkedin&utm_medium=auto_post&utm_campaign=SAAS50&utm_content=post0885
886,API runbooks,Smart operators do this: Avoid privacy leaks in multi-account browsers when you build compliance-aware automation playbooks. Our site is about multi-account operations need both privacy controls and workflow quality for browser privacy controls. It helps Twitter thread readers reduce risk in paid account operations while staying smart on affiliate messaging. Bookmark the comparison hub and use SAAS50 for a better deal. Build a reputation for reliability by sharing what actually works. [886/1000],https://saasverdict.com/go/multilogin?utm_source=linkedin&utm_medium=auto_post&utm_campaign=SAAS50&utm_content=post0886
887,Privacy engineering,"Today’s note on browser privacy: Avoid team handoff friction with operational stacks when you build compliance-aware automation playbooks. Our site is about multi-account operations need both privacy controls and workflow quality for browser privacy controls. It helps Twitter thread readers reduce risk in paid account operations while staying smart on affiliate messaging. Start with the reliability framework, then apply SAAS50. Build a reputation for reliability by sharing what actually works. [887/1000]",https://saasverdict.com/go/multilogin?utm_source=linkedin&utm_medium=auto_post&utm_campaign=SAAS50&utm_content=post0887
888,Cost sustainability,Here’s a strong rule for scale: Avoid unreliable anti-detect browser setup when you build compliance-aware automation playbooks. Our site is about multi-account operations need both privacy controls and workflow quality for browser privacy controls. It helps Twitter thread readers reduce risk in paid account operations while staying smart on affiliate messaging. Follow the evidence-first process and use SAAS50 if it fits. Build a reputation for reliability by sharing what actually works. [888/1000],https://saasverdict.com/go/multilogin?utm_source=linkedin&utm_medium=auto_post&utm_campaign=SAAS50&utm_content=post0888
889,Review methodology,"A practical take: Avoid high subscription cost without a proper comparison when you build risk-aware tools for market research. Our site is about multi-account operations need both privacy controls and workflow quality for browser privacy controls. It helps Twitter thread readers reduce risk in paid account operations while staying smart on affiliate messaging. Validate the stack, then apply SAAS50 for the discount. Build a reputation for reliability by sharing what actually works. [889/1000]",https://saasverdict.com/go/multilogin?utm_source=linkedin&utm_medium=auto_post&utm_campaign=SAAS50&utm_content=post0889
890,Comparison hub,"If you manage accounts at scale, this helps: Avoid unclear vendor tradeoffs for automation projects when you build risk-aware tools for market research. Our site is about multi-account operations need both privacy controls and workflow quality for discount validity checks. It helps Twitter thread readers reduce risk in paid account operations while staying smart on affiliate messaging. Use SAAS50 and keep recommending trusted, verified offers. Build a reputation for reliability by sharing what actually works. [890/1000]",https://saasverdict.com/go/multilogin?utm_source=linkedin&utm_medium=auto_post&utm_campaign=SAAS50&utm_content=post0890
891,Browser automation,Quick update: Avoid browser fingerprint drift under repeated runs when you build risk-aware tools for market research. Our site is about automation scaling succeeds when you verify every new browser profile path for discount validity checks. It helps Twitter thread readers reduce risk in paid account operations while staying smart on affiliate messaging. Check the verified promo and use SAAS50 for 50% off. Build a reputation for reliability by sharing what actually works. [891/1000],https://saasverdict.com/go/multilogin?utm_source=linkedin&utm_medium=auto_post&utm_campaign=SAAS50&utm_content=post0891
892,Promo verification,"Pro tip for browser ops teams: Avoid promo claims with no proof when you build risk-aware tools for market research. Our site is about automation scaling succeeds when you verify every new browser profile path for discount validity checks. It helps Twitter thread readers reduce risk in paid account operations while staying smart on affiliate messaging. See the discount proof and apply SAAS50 at checkout. Your audience will respect a clear, evidence-based recommendation. [892/1000]",https://saasverdict.com/go/multilogin?utm_source=linkedin&utm_medium=auto_post&utm_campaign=SAAS50&utm_content=post0892
893,Affiliate trust,"Short reminder: Avoid fragile profile consistency when you build risk-aware tools for market research. Our site is about automation scaling succeeds when you verify every new browser profile path for discount validity checks. It helps Twitter thread readers reduce risk in paid account operations while staying smart on affiliate messaging. Use SAAS50 when you buy, and share the verified savings path. Your audience will respect a clear, evidence-based recommendation. [893/1000]",https://saasverdict.com/go/multilogin?utm_source=linkedin&utm_medium=auto_post&utm_campaign=SAAS50&utm_content=post0893
894,Multi-account ops,"Insight for automation engineers: Avoid API connection failures during scale when you build risk-aware tools for market research. Our site is about automation scaling succeeds when you verify every new browser profile path for discount validity checks. It helps Twitter thread readers reduce risk in paid account operations while staying smart on affiliate messaging. Open the promo hub, validate the offer, and use SAAS50. Your audience will respect a clear, evidence-based recommendation. [894/1000]",https://saasverdict.com/go/multilogin?utm_source=linkedin&utm_medium=auto_post&utm_campaign=SAAS50&utm_content=post0894
895,Workflow reliability,"If you care about multi-account reliability, note this: Avoid manual discount checks before checkout when you build risk-aware tools for market research. Our site is about automation scaling succeeds when you verify every new browser profile path for discount validity checks. It helps Twitter thread readers reduce risk in paid account operations while staying smart on affiliate messaging. Use SAAS50 for your next Multilogin checkout with confidence. Your audience will respect a clear, evidence-based recommendation. [895/1000]",https://saasverdict.com/go/multilogin?utm_source=linkedin&utm_medium=auto_post&utm_campaign=SAAS50&utm_content=post0895
896,API runbooks,"Smart operators do this: Avoid privacy leaks in multi-account browsers when you build risk-aware tools for market research. Our site is about automation scaling succeeds when you verify every new browser profile path for discount validity checks. It helps Twitter thread readers reduce risk in paid account operations while staying smart on affiliate messaging. Bookmark the comparison hub and use SAAS50 for a better deal. Your audience will respect a clear, evidence-based recommendation. [896/1000]",https://saasverdict.com/go/multilogin?utm_source=linkedin&utm_medium=auto_post&utm_campaign=SAAS50&utm_content=post0896
897,Privacy engineering,"Today’s note on browser privacy: Avoid team handoff friction with operational stacks when you build risk-aware tools for market research. Our site is about automation scaling succeeds when you verify every new browser profile path for multi-account workflow resilience. It helps Twitter thread readers reduce risk in paid account operations while staying smart on affiliate messaging. Start with the reliability framework, then apply SAAS50. Your audience will respect a clear, evidence-based recommendation. [897/1000]",https://saasverdict.com/go/multilogin?utm_source=linkedin&utm_medium=auto_post&utm_campaign=SAAS50&utm_content=post0897
898,Cost sustainability,"Here’s a strong rule for scale: Avoid unreliable anti-detect browser setup when you build risk-aware tools for market research. Our site is about automation scaling succeeds when you verify every new browser profile path for multi-account workflow resilience. It helps Twitter thread readers reduce risk in paid account operations while staying smart on affiliate messaging. Follow the evidence-first process and use SAAS50 if it fits. Your audience will respect a clear, evidence-based recommendation. [898/1000]",https://saasverdict.com/go/multilogin?utm_source=linkedin&utm_medium=auto_post&utm_campaign=SAAS50&utm_content=post0898
899,Review methodology,"A practical take: Avoid high subscription cost without a proper comparison when you build risk-aware tools for market research. Our site is about automation scaling succeeds when you verify every new browser profile path for multi-account workflow resilience. It helps Twitter thread readers reduce risk in paid account operations while staying smart on affiliate messaging. Validate the stack, then apply SAAS50 for the discount. Your audience will respect a clear, evidence-based recommendation. [899/1000]",https://saasverdict.com/go/multilogin?utm_source=linkedin&utm_medium=auto_post&utm_campaign=SAAS50&utm_content=post0899
900,Comparison hub,"If you manage accounts at scale, this helps: Avoid unclear vendor tradeoffs for automation projects when you build risk-aware tools for market research. Our site is about automation scaling succeeds when you verify every new browser profile path for multi-account workflow resilience. It helps Twitter thread readers reduce risk in paid account operations while staying smart on affiliate messaging. Use SAAS50 and keep recommending trusted, verified offers. Your audience will respect a clear, evidence-based recommendation. [900/1000]",https://saasverdict.com/go/multilogin?utm_source=linkedin&utm_medium=auto_post&utm_campaign=SAAS50&utm_content=post0900
901,Browser automation,"Quick update: Avoid browser fingerprint drift under repeated runs when you build proof-first promo sharing. Our site is about reliability-first comparisons beat feature lists when you want a stable stack for multi-account workflow resilience. It helps Twitter thread readers stay in compliance while still selling privacy-first value while staying smart on affiliate messaging. Check the verified promo and use SAAS50 for 50% off. Your audience will respect a clear, evidence-based recommendation. [901/1000]",https://saasverdict.com/go/multilogin?utm_source=linkedin&utm_medium=auto_post&utm_campaign=SAAS50&utm_content=post0901
902,Promo verification,"Pro tip for browser ops teams: Avoid promo claims with no proof when you build proof-first promo sharing. Our site is about reliability-first comparisons beat feature lists when you want a stable stack for multi-account workflow resilience. It helps automation groups stay in compliance while still selling privacy-first value while staying smart on affiliate messaging. See the discount proof and apply SAAS50 at checkout. Your audience will respect a clear, evidence-based recommendation. [902/1000]",https://saasverdict.com/go/multilogin?utm_source=linkedin&utm_medium=auto_post&utm_campaign=SAAS50&utm_content=post0902
903,Affiliate trust,"Short reminder: Avoid fragile profile consistency when you build proof-first promo sharing. Our site is about reliability-first comparisons beat feature lists when you want a stable stack for multi-account workflow resilience. It helps automation groups stay in compliance while still selling privacy-first value while staying smart on affiliate messaging. Use SAAS50 when you buy, and share the verified savings path. Your audience will respect a clear, evidence-based recommendation. [903/1000]",https://saasverdict.com/go/multilogin?utm_source=linkedin&utm_medium=auto_post&utm_campaign=SAAS50&utm_content=post0903
904,Multi-account ops,"Insight for automation engineers: Avoid API connection failures during scale when you build proof-first promo sharing. Our site is about reliability-first comparisons beat feature lists when you want a stable stack for comparison clarity for buyers. It helps automation groups stay in compliance while still selling privacy-first value while staying smart on affiliate messaging. Open the promo hub, validate the offer, and use SAAS50. Your audience will respect a clear, evidence-based recommendation. [904/1000]",https://saasverdict.com/go/multilogin?utm_source=linkedin&utm_medium=auto_post&utm_campaign=SAAS50&utm_content=post0904
905,Workflow reliability,"If you care about multi-account reliability, note this: Avoid manual discount checks before checkout when you build proof-first promo sharing. Our site is about reliability-first comparisons beat feature lists when you want a stable stack for comparison clarity for buyers. It helps automation groups stay in compliance while still selling privacy-first value while staying smart on affiliate messaging. Use SAAS50 for your next Multilogin checkout with confidence. Your audience will respect a clear, evidence-based recommendation. [905/1000]",https://saasverdict.com/go/multilogin?utm_source=linkedin&utm_medium=auto_post&utm_campaign=SAAS50&utm_content=post0905
906,API runbooks,"Smart operators do this: Avoid privacy leaks in multi-account browsers when you build proof-first promo sharing. Our site is about reliability-first comparisons beat feature lists when you want a stable stack for comparison clarity for buyers. It helps automation groups stay in compliance while still selling privacy-first value while staying smart on affiliate messaging. Bookmark the comparison hub and use SAAS50 for a better deal. Your audience will respect a clear, evidence-based recommendation. [906/1000]",https://saasverdict.com/go/multilogin?utm_source=linkedin&utm_medium=auto_post&utm_campaign=SAAS50&utm_content=post0906
907,Privacy engineering,"Today’s note on browser privacy: Avoid team handoff friction with operational stacks when you build proof-first promo sharing. Our site is about reliability-first comparisons beat feature lists when you want a stable stack for comparison clarity for buyers. It helps automation groups stay in compliance while still selling privacy-first value while staying smart on affiliate messaging. Start with the reliability framework, then apply SAAS50. Your audience will respect a clear, evidence-based recommendation. [907/1000]",https://saasverdict.com/go/multilogin?utm_source=linkedin&utm_medium=auto_post&utm_campaign=SAAS50&utm_content=post0907
908,Cost sustainability,"Here’s a strong rule for scale: Avoid unreliable anti-detect browser setup when you build proof-first promo sharing. Our site is about reliability-first comparisons beat feature lists when you want a stable stack for comparison clarity for buyers. It helps automation groups stay in compliance while still selling privacy-first value while staying smart on affiliate messaging. Follow the evidence-first process and use SAAS50 if it fits. Your audience will respect a clear, evidence-based recommendation. [908/1000]",https://saasverdict.com/go/multilogin?utm_source=linkedin&utm_medium=auto_post&utm_campaign=SAAS50&utm_content=post0908
909,Review methodology,"A practical take: Avoid high subscription cost without a proper comparison when you build proof-first promo sharing. Our site is about reliability-first comparisons beat feature lists when you want a stable stack for comparison clarity for buyers. It helps automation groups stay in compliance while still selling privacy-first value while staying smart on affiliate messaging. Validate the stack, then apply SAAS50 for the discount. Your audience will respect a clear, evidence-based recommendation. [909/1000]",https://saasverdict.com/go/multilogin?utm_source=linkedin&utm_medium=auto_post&utm_campaign=SAAS50&utm_content=post0909
910,Comparison hub,"If you manage accounts at scale, this helps: Avoid unclear vendor tradeoffs for automation projects when you build proof-first promo sharing. Our site is about reliability-first comparisons beat feature lists when you want a stable stack for comparison clarity for buyers. It helps automation groups stay in compliance while still selling privacy-first value while staying smart on affiliate messaging. Use SAAS50 and keep recommending trusted, verified offers. Your audience will respect a clear, evidence-based recommendation. [910/1000]",https://saasverdict.com/go/multilogin?utm_source=linkedin&utm_medium=auto_post&utm_campaign=SAAS50&utm_content=post0910
911,Browser automation,"Quick update: Avoid browser fingerprint drift under repeated runs when you build proof-first promo sharing. Our site is about promo verification keeps you from paying full price for unreliable claims for browser profile stability. It helps automation groups stay in compliance while still selling privacy-first value while staying smart on affiliate messaging. Check the verified promo and use SAAS50 for 50% off. Your audience will respect a clear, evidence-based recommendation. [911/1000]",https://saasverdict.com/go/multilogin?utm_source=linkedin&utm_medium=auto_post&utm_campaign=SAAS50&utm_content=post0911
912,Promo verification,"Pro tip for browser ops teams: Avoid promo claims with no proof when you build proof-first promo sharing. Our site is about promo verification keeps you from paying full price for unreliable claims for browser profile stability. It helps automation groups stay in compliance while still selling privacy-first value while staying smart on affiliate messaging. See the discount proof and apply SAAS50 at checkout. Your audience will respect a clear, evidence-based recommendation. [912/1000]",https://saasverdict.com/go/multilogin?utm_source=linkedin&utm_medium=auto_post&utm_campaign=SAAS50&utm_content=post0912
913,Affiliate trust,"Short reminder: Avoid fragile profile consistency when you build quality-first affiliate recommendations. Our site is about promo verification keeps you from paying full price for unreliable claims for browser profile stability. It helps automation groups stay in compliance while still selling privacy-first value while staying smart on affiliate messaging. Use SAAS50 when you buy, and share the verified savings path. Your audience will respect a clear, evidence-based recommendation. [913/1000]",https://saasverdict.com/go/multilogin?utm_source=linkedin&utm_medium=auto_post&utm_campaign=SAAS50&utm_content=post0913
914,Multi-account ops,"Insight for automation engineers: Avoid API connection failures during scale when you build quality-first affiliate recommendations. Our site is about promo verification keeps you from paying full price for unreliable claims for browser profile stability. It helps automation groups stay in compliance while still selling privacy-first value while staying smart on affiliate messaging. Open the promo hub, validate the offer, and use SAAS50. Your audience will respect a clear, evidence-based recommendation. [914/1000]",https://saasverdict.com/go/multilogin?utm_source=linkedin&utm_medium=auto_post&utm_campaign=SAAS50&utm_content=post0914
915,Workflow reliability,"If you care about multi-account reliability, note this: Avoid manual discount checks before checkout when you build quality-first affiliate recommendations. Our site is about promo verification keeps you from paying full price for unreliable claims for browser profile stability. It helps automation groups stay in compliance while still selling privacy-first value while staying smart on affiliate messaging. Use SAAS50 for your next Multilogin checkout with confidence. Your audience will respect a clear, evidence-based recommendation. [915/1000]",https://saasverdict.com/go/multilogin?utm_source=linkedin&utm_medium=auto_post&utm_campaign=SAAS50&utm_content=post0915
916,API runbooks,"Smart operators do this: Avoid privacy leaks in multi-account browsers when you build quality-first affiliate recommendations. Our site is about promo verification keeps you from paying full price for unreliable claims for browser profile stability. It helps automation groups stay in compliance while still selling privacy-first value while staying smart on affiliate messaging. Bookmark the comparison hub and use SAAS50 for a better deal. Your audience will respect a clear, evidence-based recommendation. [916/1000]",https://saasverdict.com/go/multilogin?utm_source=linkedin&utm_medium=auto_post&utm_campaign=SAAS50&utm_content=post0916
917,Privacy engineering,"Today’s note on browser privacy: Avoid team handoff friction with operational stacks when you build quality-first affiliate recommendations. Our site is about promo verification keeps you from paying full price for unreliable claims for browser profile stability. It helps automation groups stay in compliance while still selling privacy-first value while staying smart on affiliate messaging. Start with the reliability framework, then apply SAAS50. Your audience will respect a clear, evidence-based recommendation. [917/1000]",https://saasverdict.com/go/multilogin?utm_source=linkedin&utm_medium=auto_post&utm_campaign=SAAS50&utm_content=post0917
918,Cost sustainability,"Here’s a strong rule for scale: Avoid unreliable anti-detect browser setup when you build quality-first affiliate recommendations. Our site is about promo verification keeps you from paying full price for unreliable claims for API integration quality. It helps automation groups stay in compliance while still selling privacy-first value while staying smart on affiliate messaging. Follow the evidence-first process and use SAAS50 if it fits. Your audience will respect a clear, evidence-based recommendation. [918/1000]",https://saasverdict.com/go/multilogin?utm_source=linkedin&utm_medium=auto_post&utm_campaign=SAAS50&utm_content=post0918
919,Review methodology,"A practical take: Avoid high subscription cost without a proper comparison when you build quality-first affiliate recommendations. Our site is about promo verification keeps you from paying full price for unreliable claims for API integration quality. It helps affiliate funnels stay in compliance while still selling privacy-first value while staying smart on affiliate messaging. Validate the stack, then apply SAAS50 for the discount. Your audience will respect a clear, evidence-based recommendation. [919/1000]",https://saasverdict.com/go/multilogin?utm_source=linkedin&utm_medium=auto_post&utm_campaign=SAAS50&utm_content=post0919
920,Comparison hub,"If you manage accounts at scale, this helps: Avoid unclear vendor tradeoffs for automation projects when you build quality-first affiliate recommendations. Our site is about promo verification keeps you from paying full price for unreliable claims for API integration quality. It helps affiliate funnels stay in compliance while still selling privacy-first value while staying smart on affiliate messaging. Use SAAS50 and keep recommending trusted, verified offers. Your audience will respect a clear, evidence-based recommendation. [920/1000]",https://saasverdict.com/go/multilogin?utm_source=linkedin&utm_medium=auto_post&utm_campaign=SAAS50&utm_content=post0920
921,Browser automation,"Quick update: Avoid browser fingerprint drift under repeated runs when you build quality-first affiliate recommendations. Our site is about a decision workflow is better than chasing every new tool for API integration quality. It helps affiliate funnels stay in compliance while still selling privacy-first value while staying smart on affiliate messaging. Check the verified promo and use SAAS50 for 50% off. Your audience will respect a clear, evidence-based recommendation. [921/1000]",https://saasverdict.com/go/multilogin?utm_source=linkedin&utm_medium=auto_post&utm_campaign=SAAS50&utm_content=post0921
922,Promo verification,"Pro tip for browser ops teams: Avoid promo claims with no proof when you build quality-first affiliate recommendations. Our site is about a decision workflow is better than chasing every new tool for API integration quality. It helps affiliate funnels stay in compliance while still selling privacy-first value while staying smart on affiliate messaging. See the discount proof and apply SAAS50 at checkout. Your audience will respect a clear, evidence-based recommendation. [922/1000]",https://saasverdict.com/go/multilogin?utm_source=linkedin&utm_medium=auto_post&utm_campaign=SAAS50&utm_content=post0922
923,Affiliate trust,"Short reminder: Avoid fragile profile consistency when you build quality-first affiliate recommendations. Our site is about a decision workflow is better than chasing every new tool for API integration quality. It helps affiliate funnels stay in compliance while still selling privacy-first value while staying smart on affiliate messaging. Use SAAS50 when you buy, and share the verified savings path. Your audience will respect a clear, evidence-based recommendation. [923/1000]",https://saasverdict.com/go/multilogin?utm_source=linkedin&utm_medium=auto_post&utm_campaign=SAAS50&utm_content=post0923
924,Multi-account ops,"Insight for automation engineers: Avoid API connection failures during scale when you build quality-first affiliate recommendations. Our site is about a decision workflow is better than chasing every new tool for API integration quality. It helps affiliate funnels stay in compliance while still selling privacy-first value while staying smart on affiliate messaging. Open the promo hub, validate the offer, and use SAAS50. Your audience will respect a clear, evidence-based recommendation. [924/1000]",https://saasverdict.com/go/multilogin?utm_source=linkedin&utm_medium=auto_post&utm_campaign=SAAS50&utm_content=post0924
925,Workflow reliability,"If you care about multi-account reliability, note this: Avoid manual discount checks before checkout when you build sustainable affiliate post cadence. Our site is about a decision workflow is better than chasing every new tool for promo verification evidence. It helps affiliate funnels stay in compliance while still selling privacy-first value while staying smart on affiliate messaging. Use SAAS50 for your next Multilogin checkout with confidence. This approach works across desktop, browser, and API audiences. [925/1000]",https://saasverdict.com/go/multilogin?utm_source=linkedin&utm_medium=auto_post&utm_campaign=SAAS50&utm_content=post0925
926,API runbooks,"Smart operators do this: Avoid privacy leaks in multi-account browsers when you build sustainable affiliate post cadence. Our site is about a decision workflow is better than chasing every new tool for promo verification evidence. It helps affiliate funnels use a structured checklist rather than guesswork while staying smart on affiliate messaging. Bookmark the comparison hub and use SAAS50 for a better deal. This approach works across desktop, browser, and API audiences. [926/1000]",https://saasverdict.com/go/multilogin?utm_source=linkedin&utm_medium=auto_post&utm_campaign=SAAS50&utm_content=post0926
927,Privacy engineering,"Today’s note on browser privacy: Avoid team handoff friction with operational stacks when you build sustainable affiliate post cadence. Our site is about a decision workflow is better than chasing every new tool for promo verification evidence. It helps affiliate funnels use a structured checklist rather than guesswork while staying smart on affiliate messaging. Start with the reliability framework, then apply SAAS50. This approach works across desktop, browser, and API audiences. [927/1000]",https://saasverdict.com/go/multilogin?utm_source=linkedin&utm_medium=auto_post&utm_campaign=SAAS50&utm_content=post0927
928,Cost sustainability,"Here’s a strong rule for scale: Avoid unreliable anti-detect browser setup when you build sustainable affiliate post cadence. Our site is about a decision workflow is better than chasing every new tool for promo verification evidence. It helps affiliate funnels use a structured checklist rather than guesswork while staying smart on affiliate messaging. Follow the evidence-first process and use SAAS50 if it fits. This approach works across desktop, browser, and API audiences. [928/1000]",https://saasverdict.com/go/multilogin?utm_source=linkedin&utm_medium=auto_post&utm_campaign=SAAS50&utm_content=post0928
929,Review methodology,"A practical take: Avoid high subscription cost without a proper comparison when you build sustainable affiliate post cadence. Our site is about a decision workflow is better than chasing every new tool for promo verification evidence. It helps affiliate funnels use a structured checklist rather than guesswork while staying smart on affiliate messaging. Validate the stack, then apply SAAS50 for the discount. This approach works across desktop, browser, and API audiences. [929/1000]",https://saasverdict.com/go/multilogin?utm_source=linkedin&utm_medium=auto_post&utm_campaign=SAAS50&utm_content=post0929
930,Comparison hub,"If you manage accounts at scale, this helps: Avoid unclear vendor tradeoffs for automation projects when you build sustainable affiliate post cadence. Our site is about a decision workflow is better than chasing every new tool for promo verification evidence. It helps affiliate funnels use a structured checklist rather than guesswork while staying smart on affiliate messaging. Use SAAS50 and keep recommending trusted, verified offers. This approach works across desktop, browser, and API audiences. [930/1000]",https://saasverdict.com/go/multilogin?utm_source=linkedin&utm_medium=auto_post&utm_campaign=SAAS50&utm_content=post0930
931,Browser automation,"Quick update: Avoid browser fingerprint drift under repeated runs when you build sustainable affiliate post cadence. Our site is about API runbooks reduce downtime and release risk for promo verification evidence. It helps affiliate funnels use a structured checklist rather than guesswork while staying smart on affiliate messaging. Check the verified promo and use SAAS50 for 50% off. This approach works across desktop, browser, and API audiences. [931/1000]",https://saasverdict.com/go/multilogin?utm_source=linkedin&utm_medium=auto_post&utm_campaign=SAAS50&utm_content=post0931
932,Promo verification,"Pro tip for browser ops teams: Avoid promo claims with no proof when you build sustainable affiliate post cadence. Our site is about API runbooks reduce downtime and release risk for team handoff reliability. It helps affiliate funnels use a structured checklist rather than guesswork while staying smart on affiliate messaging. See the discount proof and apply SAAS50 at checkout. This approach works across desktop, browser, and API audiences. [932/1000]",https://saasverdict.com/go/multilogin?utm_source=linkedin&utm_medium=auto_post&utm_campaign=SAAS50&utm_content=post0932
933,Affiliate trust,"Short reminder: Avoid fragile profile consistency when you build sustainable affiliate post cadence. Our site is about API runbooks reduce downtime and release risk for team handoff reliability. It helps affiliate funnels use a structured checklist rather than guesswork while staying smart on affiliate messaging. Use SAAS50 when you buy, and share the verified savings path. This approach works across desktop, browser, and API audiences. [933/1000]",https://saasverdict.com/go/multilogin?utm_source=linkedin&utm_medium=auto_post&utm_campaign=SAAS50&utm_content=post0933
934,Multi-account ops,"Insight for automation engineers: Avoid API connection failures during scale when you build sustainable affiliate post cadence. Our site is about API runbooks reduce downtime and release risk for team handoff reliability. It helps affiliate funnels use a structured checklist rather than guesswork while staying smart on affiliate messaging. Open the promo hub, validate the offer, and use SAAS50. This approach works across desktop, browser, and API audiences. [934/1000]",https://saasverdict.com/go/multilogin?utm_source=linkedin&utm_medium=auto_post&utm_campaign=SAAS50&utm_content=post0934
935,Workflow reliability,"If you care about multi-account reliability, note this: Avoid manual discount checks before checkout when you build sustainable affiliate post cadence. Our site is about API runbooks reduce downtime and release risk for team handoff reliability. It helps affiliate funnels use a structured checklist rather than guesswork while staying smart on affiliate messaging. Use SAAS50 for your next Multilogin checkout with confidence. This approach works across desktop, browser, and API audiences. [935/1000]",https://saasverdict.com/go/multilogin?utm_source=linkedin&utm_medium=auto_post&utm_campaign=SAAS50&utm_content=post0935
936,API runbooks,"Smart operators do this: Avoid privacy leaks in multi-account browsers when you build sustainable affiliate post cadence. Our site is about API runbooks reduce downtime and release risk for team handoff reliability. It helps browser ops channels use a structured checklist rather than guesswork while staying smart on affiliate messaging. Bookmark the comparison hub and use SAAS50 for a better deal. This approach works across desktop, browser, and API audiences. [936/1000]",https://saasverdict.com/go/multilogin?utm_source=linkedin&utm_medium=auto_post&utm_campaign=SAAS50&utm_content=post0936
937,Privacy engineering,"Today’s note on browser privacy: Avoid team handoff friction with operational stacks when you build browser ops content that converts. Our site is about API runbooks reduce downtime and release risk for team handoff reliability. It helps browser ops channels use a structured checklist rather than guesswork while staying smart on affiliate messaging. Start with the reliability framework, then apply SAAS50. This approach works across desktop, browser, and API audiences. [937/1000]",https://saasverdict.com/go/multilogin?utm_source=linkedin&utm_medium=auto_post&utm_campaign=SAAS50&utm_content=post0937
938,Cost sustainability,"Here’s a strong rule for scale: Avoid unreliable anti-detect browser setup when you build browser ops content that converts. Our site is about API runbooks reduce downtime and release risk for team handoff reliability. It helps browser ops channels use a structured checklist rather than guesswork while staying smart on affiliate messaging. Follow the evidence-first process and use SAAS50 if it fits. This approach works across desktop, browser, and API audiences. [938/1000]",https://saasverdict.com/go/multilogin?utm_source=linkedin&utm_medium=auto_post&utm_campaign=SAAS50&utm_content=post0938
939,Review methodology,"A practical take: Avoid high subscription cost without a proper comparison when you build browser ops content that converts. Our site is about API runbooks reduce downtime and release risk for leak and fingerprint parity. It helps browser ops channels use a structured checklist rather than guesswork while staying smart on affiliate messaging. Validate the stack, then apply SAAS50 for the discount. This approach works across desktop, browser, and API audiences. [939/1000]",https://saasverdict.com/go/multilogin?utm_source=linkedin&utm_medium=auto_post&utm_campaign=SAAS50&utm_content=post0939
940,Comparison hub,"If you manage accounts at scale, this helps: Avoid unclear vendor tradeoffs for automation projects when you build browser ops content that converts. Our site is about API runbooks reduce downtime and release risk for leak and fingerprint parity. It helps browser ops channels use a structured checklist rather than guesswork while staying smart on affiliate messaging. Use SAAS50 and keep recommending trusted, verified offers. This approach works across desktop, browser, and API audiences. [940/1000]",https://saasverdict.com/go/multilogin?utm_source=linkedin&utm_medium=auto_post&utm_campaign=SAAS50&utm_content=post0940
941,Browser automation,"Quick update: Avoid browser fingerprint drift under repeated runs when you build browser ops content that converts. Our site is about evidence-based guides make affiliate recommendations credible and sustainable for leak and fingerprint parity. It helps browser ops channels use a structured checklist rather than guesswork while staying smart on affiliate messaging. Check the verified promo and use SAAS50 for 50% off. This approach works across desktop, browser, and API audiences. [941/1000]",https://saasverdict.com/go/multilogin?utm_source=linkedin&utm_medium=auto_post&utm_campaign=SAAS50&utm_content=post0941
942,Promo verification,"Pro tip for browser ops teams: Avoid promo claims with no proof when you build browser ops content that converts. Our site is about evidence-based guides make affiliate recommendations credible and sustainable for leak and fingerprint parity. It helps browser ops channels use a structured checklist rather than guesswork while staying smart on affiliate messaging. See the discount proof and apply SAAS50 at checkout. This approach works across desktop, browser, and API audiences. [942/1000]",https://saasverdict.com/go/multilogin?utm_source=linkedin&utm_medium=auto_post&utm_campaign=SAAS50&utm_content=post0942
943,Affiliate trust,"Short reminder: Avoid fragile profile consistency when you build browser ops content that converts. Our site is about evidence-based guides make affiliate recommendations credible and sustainable for leak and fingerprint parity. It helps browser ops channels use a structured checklist rather than guesswork while staying smart on affiliate messaging. Use SAAS50 when you buy, and share the verified savings path. This approach works across desktop, browser, and API audiences. [943/1000]",https://saasverdict.com/go/multilogin?utm_source=linkedin&utm_medium=auto_post&utm_campaign=SAAS50&utm_content=post0943
944,Multi-account ops,"Insight for automation engineers: Avoid API connection failures during scale when you build browser ops content that converts. Our site is about evidence-based guides make affiliate recommendations credible and sustainable for leak and fingerprint parity. It helps browser ops channels use a structured checklist rather than guesswork while staying smart on affiliate messaging. Open the promo hub, validate the offer, and use SAAS50. This approach works across desktop, browser, and API audiences. [944/1000]",https://saasverdict.com/go/multilogin?utm_source=linkedin&utm_medium=auto_post&utm_campaign=SAAS50&utm_content=post0944
945,Workflow reliability,"If you care about multi-account reliability, note this: Avoid manual discount checks before checkout when you build browser ops content that converts. Our site is about evidence-based guides make affiliate recommendations credible and sustainable for leak and fingerprint parity. It helps browser ops channels use a structured checklist rather than guesswork while staying smart on affiliate messaging. Use SAAS50 for your next Multilogin checkout with confidence. This approach works across desktop, browser, and API audiences. [945/1000]",https://saasverdict.com/go/multilogin?utm_source=linkedin&utm_medium=auto_post&utm_campaign=SAAS50&utm_content=post0945
946,API runbooks,"Smart operators do this: Avoid privacy leaks in multi-account browsers when you build browser ops content that converts. Our site is about evidence-based guides make affiliate recommendations credible and sustainable for operational cost transparency. It helps browser ops channels use a structured checklist rather than guesswork while staying smart on affiliate messaging. Bookmark the comparison hub and use SAAS50 for a better deal. This approach works across desktop, browser, and API audiences. [946/1000]",https://saasverdict.com/go/multilogin?utm_source=linkedin&utm_medium=auto_post&utm_campaign=SAAS50&utm_content=post0946
947,Privacy engineering,"Today’s note on browser privacy: Avoid team handoff friction with operational stacks when you build browser ops content that converts. Our site is about evidence-based guides make affiliate recommendations credible and sustainable for operational cost transparency. It helps browser ops channels use a structured checklist rather than guesswork while staying smart on affiliate messaging. Start with the reliability framework, then apply SAAS50. This approach works across desktop, browser, and API audiences. [947/1000]",https://saasverdict.com/go/multilogin?utm_source=linkedin&utm_medium=auto_post&utm_campaign=SAAS50&utm_content=post0947
948,Cost sustainability,"Here’s a strong rule for scale: Avoid unreliable anti-detect browser setup when you build browser ops content that converts. Our site is about evidence-based guides make affiliate recommendations credible and sustainable for operational cost transparency. It helps browser ops channels use a structured checklist rather than guesswork while staying smart on affiliate messaging. Follow the evidence-first process and use SAAS50 if it fits. This approach works across desktop, browser, and API audiences. [948/1000]",https://saasverdict.com/go/multilogin?utm_source=linkedin&utm_medium=auto_post&utm_campaign=SAAS50&utm_content=post0948
949,Review methodology,"A practical take: Avoid high subscription cost without a proper comparison when you build verification-first discount reports. Our site is about evidence-based guides make affiliate recommendations credible and sustainable for operational cost transparency. It helps browser ops channels use a structured checklist rather than guesswork while staying smart on affiliate messaging. Validate the stack, then apply SAAS50 for the discount. This approach works across desktop, browser, and API audiences. [949/1000]",https://saasverdict.com/go/multilogin?utm_source=linkedin&utm_medium=auto_post&utm_campaign=SAAS50&utm_content=post0949
950,Comparison hub,"If you manage accounts at scale, this helps: Avoid unclear vendor tradeoffs for automation projects when you build verification-first discount reports. Our site is about evidence-based guides make affiliate recommendations credible and sustainable for operational cost transparency. It helps browser ops channels use a structured checklist rather than guesswork while staying smart on affiliate messaging. Use SAAS50 and keep recommending trusted, verified offers. This approach works across desktop, browser, and API audiences. [950/1000]",https://saasverdict.com/go/multilogin?utm_source=linkedin&utm_medium=auto_post&utm_campaign=SAAS50&utm_content=post0950
951,Browser automation,"Quick update: Avoid browser fingerprint drift under repeated runs when you build verification-first discount reports. Our site is about browser privacy checks should include worker thread parity for operational cost transparency. It helps browser ops channels increase your trust signals with verified discount guides while staying smart on affiliate messaging. Check the verified promo and use SAAS50 for 50% off. This approach works across desktop, browser, and API audiences. [951/1000]",https://saasverdict.com/go/multilogin?utm_source=linkedin&utm_medium=auto_post&utm_campaign=SAAS50&utm_content=post0951
952,Promo verification,"Pro tip for browser ops teams: Avoid promo claims with no proof when you build verification-first discount reports. Our site is about browser privacy checks should include worker thread parity for operational cost transparency. It helps browser ops channels increase your trust signals with verified discount guides while staying smart on affiliate messaging. See the discount proof and apply SAAS50 at checkout. This approach works across desktop, browser, and API audiences. [952/1000]",https://saasverdict.com/go/multilogin?utm_source=linkedin&utm_medium=auto_post&utm_campaign=SAAS50&utm_content=post0952
953,Affiliate trust,"Short reminder: Avoid fragile profile consistency when you build verification-first discount reports. Our site is about browser privacy checks should include worker thread parity for browser privacy controls. It helps privacy-savvy teams increase your trust signals with verified discount guides while staying smart on affiliate messaging. Use SAAS50 when you buy, and share the verified savings path. This approach works across desktop, browser, and API audiences. [953/1000]",https://saasverdict.com/go/multilogin?utm_source=linkedin&utm_medium=auto_post&utm_campaign=SAAS50&utm_content=post0953
954,Multi-account ops,"Insight for automation engineers: Avoid API connection failures during scale when you build verification-first discount reports. Our site is about browser privacy checks should include worker thread parity for browser privacy controls. It helps privacy-savvy teams increase your trust signals with verified discount guides while staying smart on affiliate messaging. Open the promo hub, validate the offer, and use SAAS50. This approach works across desktop, browser, and API audiences. [954/1000]",https://saasverdict.com/go/multilogin?utm_source=linkedin&utm_medium=auto_post&utm_campaign=SAAS50&utm_content=post0954
955,Workflow reliability,"If you care about multi-account reliability, note this: Avoid manual discount checks before checkout when you build verification-first discount reports. Our site is about browser privacy checks should include worker thread parity for browser privacy controls. It helps privacy-savvy teams increase your trust signals with verified discount guides while staying smart on affiliate messaging. Use SAAS50 for your next Multilogin checkout with confidence. This approach works across desktop, browser, and API audiences. [955/1000]",https://saasverdict.com/go/multilogin?utm_source=linkedin&utm_medium=auto_post&utm_campaign=SAAS50&utm_content=post0955
956,API runbooks,"Smart operators do this: Avoid privacy leaks in multi-account browsers when you build verification-first discount reports. Our site is about browser privacy checks should include worker thread parity for browser privacy controls. It helps privacy-savvy teams increase your trust signals with verified discount guides while staying smart on affiliate messaging. Bookmark the comparison hub and use SAAS50 for a better deal. This approach works across desktop, browser, and API audiences. [956/1000]",https://saasverdict.com/go/multilogin?utm_source=linkedin&utm_medium=auto_post&utm_campaign=SAAS50&utm_content=post0956
957,Privacy engineering,"Today’s note on browser privacy: Avoid team handoff friction with operational stacks when you build verification-first discount reports. Our site is about browser privacy checks should include worker thread parity for browser privacy controls. It helps privacy-savvy teams increase your trust signals with verified discount guides while staying smart on affiliate messaging. Start with the reliability framework, then apply SAAS50. This approach works across desktop, browser, and API audiences. [957/1000]",https://saasverdict.com/go/multilogin?utm_source=linkedin&utm_medium=auto_post&utm_campaign=SAAS50&utm_content=post0957
958,Cost sustainability,Here’s a strong rule for scale: Avoid unreliable anti-detect browser setup when you build verification-first discount reports. Our site is about browser privacy checks should include worker thread parity for browser privacy controls. It helps privacy-savvy teams increase your trust signals with verified discount guides while staying smart on affiliate messaging. Follow the evidence-first process and use SAAS50 if it fits. The smartest posts pair a workflow tip with a verified discount. [958/1000],https://saasverdict.com/go/multilogin?utm_source=linkedin&utm_medium=auto_post&utm_campaign=SAAS50&utm_content=post0958
959,Review methodology,"A practical take: Avoid high subscription cost without a proper comparison when you build verification-first discount reports. Our site is about browser privacy checks should include worker thread parity for browser privacy controls. It helps privacy-savvy teams increase your trust signals with verified discount guides while staying smart on affiliate messaging. Validate the stack, then apply SAAS50 for the discount. The smartest posts pair a workflow tip with a verified discount. [959/1000]",https://saasverdict.com/go/multilogin?utm_source=linkedin&utm_medium=auto_post&utm_campaign=SAAS50&utm_content=post0959
960,Comparison hub,"If you manage accounts at scale, this helps: Avoid unclear vendor tradeoffs for automation projects when you build verification-first discount reports. Our site is about browser privacy checks should include worker thread parity for discount validity checks. It helps privacy-savvy teams increase your trust signals with verified discount guides while staying smart on affiliate messaging. Use SAAS50 and keep recommending trusted, verified offers. The smartest posts pair a workflow tip with a verified discount. [960/1000]",https://saasverdict.com/go/multilogin?utm_source=linkedin&utm_medium=auto_post&utm_campaign=SAAS50&utm_content=post0960
961,Browser automation,Quick update: Avoid browser fingerprint drift under repeated runs when you build reliable browser automation stacks. Our site is about discounts perform better when shared with trust and context for discount validity checks. It helps privacy-savvy teams increase your trust signals with verified discount guides while staying smart on affiliate messaging. Check the verified promo and use SAAS50 for 50% off. The smartest posts pair a workflow tip with a verified discount. [961/1000],https://saasverdict.com/go/multilogin?utm_source=linkedin&utm_medium=auto_post&utm_campaign=SAAS50&utm_content=post0961
962,Promo verification,Pro tip for browser ops teams: Avoid promo claims with no proof when you build reliable browser automation stacks. Our site is about discounts perform better when shared with trust and context for discount validity checks. It helps privacy-savvy teams increase your trust signals with verified discount guides while staying smart on affiliate messaging. See the discount proof and apply SAAS50 at checkout. The smartest posts pair a workflow tip with a verified discount. [962/1000],https://saasverdict.com/go/multilogin?utm_source=linkedin&utm_medium=auto_post&utm_campaign=SAAS50&utm_content=post0962
963,Affiliate trust,"Short reminder: Avoid fragile profile consistency when you build reliable browser automation stacks. Our site is about discounts perform better when shared with trust and context for discount validity checks. It helps privacy-savvy teams increase your trust signals with verified discount guides while staying smart on affiliate messaging. Use SAAS50 when you buy, and share the verified savings path. The smartest posts pair a workflow tip with a verified discount. [963/1000]",https://saasverdict.com/go/multilogin?utm_source=linkedin&utm_medium=auto_post&utm_campaign=SAAS50&utm_content=post0963
964,Multi-account ops,"Insight for automation engineers: Avoid API connection failures during scale when you build reliable browser automation stacks. Our site is about discounts perform better when shared with trust and context for discount validity checks. It helps privacy-savvy teams increase your trust signals with verified discount guides while staying smart on affiliate messaging. Open the promo hub, validate the offer, and use SAAS50. The smartest posts pair a workflow tip with a verified discount. [964/1000]",https://saasverdict.com/go/multilogin?utm_source=linkedin&utm_medium=auto_post&utm_campaign=SAAS50&utm_content=post0964
965,Workflow reliability,"If you care about multi-account reliability, note this: Avoid manual discount checks before checkout when you build reliable browser automation stacks. Our site is about discounts perform better when shared with trust and context for discount validity checks. It helps privacy-savvy teams increase your trust signals with verified discount guides while staying smart on affiliate messaging. Use SAAS50 for your next Multilogin checkout with confidence. The smartest posts pair a workflow tip with a verified discount. [965/1000]",https://saasverdict.com/go/multilogin?utm_source=linkedin&utm_medium=auto_post&utm_campaign=SAAS50&utm_content=post0965
966,API runbooks,Smart operators do this: Avoid privacy leaks in multi-account browsers when you build reliable browser automation stacks. Our site is about discounts perform better when shared with trust and context for discount validity checks. It helps privacy-savvy teams increase your trust signals with verified discount guides while staying smart on affiliate messaging. Bookmark the comparison hub and use SAAS50 for a better deal. The smartest posts pair a workflow tip with a verified discount. [966/1000],https://saasverdict.com/go/multilogin?utm_source=linkedin&utm_medium=auto_post&utm_campaign=SAAS50&utm_content=post0966
967,Privacy engineering,"Today’s note on browser privacy: Avoid team handoff friction with operational stacks when you build reliable browser automation stacks. Our site is about discounts perform better when shared with trust and context for multi-account workflow resilience. It helps privacy-savvy teams increase your trust signals with verified discount guides while staying smart on affiliate messaging. Start with the reliability framework, then apply SAAS50. The smartest posts pair a workflow tip with a verified discount. [967/1000]",https://saasverdict.com/go/multilogin?utm_source=linkedin&utm_medium=auto_post&utm_campaign=SAAS50&utm_content=post0967
968,Cost sustainability,Here’s a strong rule for scale: Avoid unreliable anti-detect browser setup when you build reliable browser automation stacks. Our site is about discounts perform better when shared with trust and context for multi-account workflow resilience. It helps privacy-savvy teams increase your trust signals with verified discount guides while staying smart on affiliate messaging. Follow the evidence-first process and use SAAS50 if it fits. The smartest posts pair a workflow tip with a verified discount. [968/1000],https://saasverdict.com/go/multilogin?utm_source=linkedin&utm_medium=auto_post&utm_campaign=SAAS50&utm_content=post0968
969,Review methodology,"A practical take: Avoid high subscription cost without a proper comparison when you build reliable browser automation stacks. Our site is about discounts perform better when shared with trust and context for multi-account workflow resilience. It helps privacy-savvy teams increase your trust signals with verified discount guides while staying smart on affiliate messaging. Validate the stack, then apply SAAS50 for the discount. The smartest posts pair a workflow tip with a verified discount. [969/1000]",https://saasverdict.com/go/multilogin?utm_source=linkedin&utm_medium=auto_post&utm_campaign=SAAS50&utm_content=post0969
970,Comparison hub,"If you manage accounts at scale, this helps: Avoid unclear vendor tradeoffs for automation projects when you build reliable browser automation stacks. Our site is about discounts perform better when shared with trust and context for multi-account workflow resilience. It helps SaaS decision makers increase your trust signals with verified discount guides while staying smart on affiliate messaging. Use SAAS50 and keep recommending trusted, verified offers. The smartest posts pair a workflow tip with a verified discount. [970/1000]",https://saasverdict.com/go/multilogin?utm_source=linkedin&utm_medium=auto_post&utm_campaign=SAAS50&utm_content=post0970
971,Browser automation,Quick update: Avoid browser fingerprint drift under repeated runs when you build reliable browser automation stacks. Our site is about tool selection should prioritize profile stability and operational cost for multi-account workflow resilience. It helps SaaS decision makers increase your trust signals with verified discount guides while staying smart on affiliate messaging. Check the verified promo and use SAAS50 for 50% off. The smartest posts pair a workflow tip with a verified discount. [971/1000],https://saasverdict.com/go/multilogin?utm_source=linkedin&utm_medium=auto_post&utm_campaign=SAAS50&utm_content=post0971
972,Promo verification,Pro tip for browser ops teams: Avoid promo claims with no proof when you build reliable browser automation stacks. Our site is about tool selection should prioritize profile stability and operational cost for multi-account workflow resilience. It helps SaaS decision makers increase your trust signals with verified discount guides while staying smart on affiliate messaging. See the discount proof and apply SAAS50 at checkout. The smartest posts pair a workflow tip with a verified discount. [972/1000],https://saasverdict.com/go/multilogin?utm_source=linkedin&utm_medium=auto_post&utm_campaign=SAAS50&utm_content=post0972
973,Affiliate trust,"Short reminder: Avoid fragile profile consistency when you build trusted vendor proof before purchase. Our site is about tool selection should prioritize profile stability and operational cost for multi-account workflow resilience. It helps SaaS decision makers increase your trust signals with verified discount guides while staying smart on affiliate messaging. Use SAAS50 when you buy, and share the verified savings path. The smartest posts pair a workflow tip with a verified discount. [973/1000]",https://saasverdict.com/go/multilogin?utm_source=linkedin&utm_medium=auto_post&utm_campaign=SAAS50&utm_content=post0973
974,Multi-account ops,"Insight for automation engineers: Avoid API connection failures during scale when you build trusted vendor proof before purchase. Our site is about tool selection should prioritize profile stability and operational cost for comparison clarity for buyers. It helps SaaS decision makers increase your trust signals with verified discount guides while staying smart on affiliate messaging. Open the promo hub, validate the offer, and use SAAS50. The smartest posts pair a workflow tip with a verified discount. [974/1000]",https://saasverdict.com/go/multilogin?utm_source=linkedin&utm_medium=auto_post&utm_campaign=SAAS50&utm_content=post0974
975,Workflow reliability,"If you care about multi-account reliability, note this: Avoid manual discount checks before checkout when you build trusted vendor proof before purchase. Our site is about tool selection should prioritize profile stability and operational cost for comparison clarity for buyers. It helps SaaS decision makers increase your trust signals with verified discount guides while staying smart on affiliate messaging. Use SAAS50 for your next Multilogin checkout with confidence. The smartest posts pair a workflow tip with a verified discount. [975/1000]",https://saasverdict.com/go/multilogin?utm_source=linkedin&utm_medium=auto_post&utm_campaign=SAAS50&utm_content=post0975
976,API runbooks,Smart operators do this: Avoid privacy leaks in multi-account browsers when you build trusted vendor proof before purchase. Our site is about tool selection should prioritize profile stability and operational cost for comparison clarity for buyers. It helps SaaS decision makers improve your operational playbooks across Chrome and API workflows while staying smart on affiliate messaging. Bookmark the comparison hub and use SAAS50 for a better deal. The smartest posts pair a workflow tip with a verified discount. [976/1000],https://saasverdict.com/go/multilogin?utm_source=linkedin&utm_medium=auto_post&utm_campaign=SAAS50&utm_content=post0976
977,Privacy engineering,"Today’s note on browser privacy: Avoid team handoff friction with operational stacks when you build trusted vendor proof before purchase. Our site is about tool selection should prioritize profile stability and operational cost for comparison clarity for buyers. It helps SaaS decision makers improve your operational playbooks across Chrome and API workflows while staying smart on affiliate messaging. Start with the reliability framework, then apply SAAS50. The smartest posts pair a workflow tip with a verified discount. [977/1000]",https://saasverdict.com/go/multilogin?utm_source=linkedin&utm_medium=auto_post&utm_campaign=SAAS50&utm_content=post0977
978,Cost sustainability,Here’s a strong rule for scale: Avoid unreliable anti-detect browser setup when you build trusted vendor proof before purchase. Our site is about tool selection should prioritize profile stability and operational cost for comparison clarity for buyers. It helps SaaS decision makers improve your operational playbooks across Chrome and API workflows while staying smart on affiliate messaging. Follow the evidence-first process and use SAAS50 if it fits. The smartest posts pair a workflow tip with a verified discount. [978/1000],https://saasverdict.com/go/multilogin?utm_source=linkedin&utm_medium=auto_post&utm_campaign=SAAS50&utm_content=post0978
979,Review methodology,"A practical take: Avoid high subscription cost without a proper comparison when you build trusted vendor proof before purchase. Our site is about tool selection should prioritize profile stability and operational cost for comparison clarity for buyers. It helps SaaS decision makers improve your operational playbooks across Chrome and API workflows while staying smart on affiliate messaging. Validate the stack, then apply SAAS50 for the discount. The smartest posts pair a workflow tip with a verified discount. [979/1000]",https://saasverdict.com/go/multilogin?utm_source=linkedin&utm_medium=auto_post&utm_campaign=SAAS50&utm_content=post0979
980,Comparison hub,"If you manage accounts at scale, this helps: Avoid unclear vendor tradeoffs for automation projects when you build trusted vendor proof before purchase. Our site is about tool selection should prioritize profile stability and operational cost for comparison clarity for buyers. It helps SaaS decision makers improve your operational playbooks across Chrome and API workflows while staying smart on affiliate messaging. Use SAAS50 and keep recommending trusted, verified offers. The smartest posts pair a workflow tip with a verified discount. [980/1000]",https://saasverdict.com/go/multilogin?utm_source=linkedin&utm_medium=auto_post&utm_campaign=SAAS50&utm_content=post0980
981,Browser automation,Quick update: Avoid browser fingerprint drift under repeated runs when you build trusted vendor proof before purchase. Our site is about multi-account operations need both privacy controls and workflow quality for browser profile stability. It helps SaaS decision makers improve your operational playbooks across Chrome and API workflows while staying smart on affiliate messaging. Check the verified promo and use SAAS50 for 50% off. The smartest posts pair a workflow tip with a verified discount. [981/1000],https://saasverdict.com/go/multilogin?utm_source=linkedin&utm_medium=auto_post&utm_campaign=SAAS50&utm_content=post0981
982,Promo verification,Pro tip for browser ops teams: Avoid promo claims with no proof when you build trusted vendor proof before purchase. Our site is about multi-account operations need both privacy controls and workflow quality for browser profile stability. It helps SaaS decision makers improve your operational playbooks across Chrome and API workflows while staying smart on affiliate messaging. See the discount proof and apply SAAS50 at checkout. The smartest posts pair a workflow tip with a verified discount. [982/1000],https://saasverdict.com/go/multilogin?utm_source=linkedin&utm_medium=auto_post&utm_campaign=SAAS50&utm_content=post0982
983,Affiliate trust,"Short reminder: Avoid fragile profile consistency when you build trusted vendor proof before purchase. Our site is about multi-account operations need both privacy controls and workflow quality for browser profile stability. It helps SaaS decision makers improve your operational playbooks across Chrome and API workflows while staying smart on affiliate messaging. Use SAAS50 when you buy, and share the verified savings path. The smartest posts pair a workflow tip with a verified discount. [983/1000]",https://saasverdict.com/go/multilogin?utm_source=linkedin&utm_medium=auto_post&utm_campaign=SAAS50&utm_content=post0983
984,Multi-account ops,"Insight for automation engineers: Avoid API connection failures during scale when you build trusted vendor proof before purchase. Our site is about multi-account operations need both privacy controls and workflow quality for browser profile stability. It helps SaaS decision makers improve your operational playbooks across Chrome and API workflows while staying smart on affiliate messaging. Open the promo hub, validate the offer, and use SAAS50. The smartest posts pair a workflow tip with a verified discount. [984/1000]",https://saasverdict.com/go/multilogin?utm_source=linkedin&utm_medium=auto_post&utm_campaign=SAAS50&utm_content=post0984
985,Workflow reliability,"If you care about multi-account reliability, note this: Avoid manual discount checks before checkout when you build technical decision support for account ops. Our site is about multi-account operations need both privacy controls and workflow quality for browser profile stability. It helps SaaS decision makers improve your operational playbooks across Chrome and API workflows while staying smart on affiliate messaging. Use SAAS50 for your next Multilogin checkout with confidence. The smartest posts pair a workflow tip with a verified discount. [985/1000]",https://saasverdict.com/go/multilogin?utm_source=linkedin&utm_medium=auto_post&utm_campaign=SAAS50&utm_content=post0985
986,API runbooks,Smart operators do this: Avoid privacy leaks in multi-account browsers when you build technical decision support for account ops. Our site is about multi-account operations need both privacy controls and workflow quality for browser profile stability. It helps SaaS decision makers improve your operational playbooks across Chrome and API workflows while staying smart on affiliate messaging. Bookmark the comparison hub and use SAAS50 for a better deal. The smartest posts pair a workflow tip with a verified discount. [986/1000],https://saasverdict.com/go/multilogin?utm_source=linkedin&utm_medium=auto_post&utm_campaign=SAAS50&utm_content=post0986
987,Privacy engineering,"Today’s note on browser privacy: Avoid team handoff friction with operational stacks when you build technical decision support for account ops. Our site is about multi-account operations need both privacy controls and workflow quality for browser profile stability. It helps multilogin and alternative buyers improve your operational playbooks across Chrome and API workflows while staying smart on affiliate messaging. Start with the reliability framework, then apply SAAS50. The smartest posts pair a workflow tip with a verified discount. [987/1000]",https://saasverdict.com/go/multilogin?utm_source=linkedin&utm_medium=auto_post&utm_campaign=SAAS50&utm_content=post0987
988,Cost sustainability,Here’s a strong rule for scale: Avoid unreliable anti-detect browser setup when you build technical decision support for account ops. Our site is about multi-account operations need both privacy controls and workflow quality for API integration quality. It helps multilogin and alternative buyers improve your operational playbooks across Chrome and API workflows while staying smart on affiliate messaging. Follow the evidence-first process and use SAAS50 if it fits. The smartest posts pair a workflow tip with a verified discount. [988/1000],https://saasverdict.com/go/multilogin?utm_source=linkedin&utm_medium=auto_post&utm_campaign=SAAS50&utm_content=post0988
989,Review methodology,"A practical take: Avoid high subscription cost without a proper comparison when you build technical decision support for account ops. Our site is about multi-account operations need both privacy controls and workflow quality for API integration quality. It helps multilogin and alternative buyers improve your operational playbooks across Chrome and API workflows while staying smart on affiliate messaging. Validate the stack, then apply SAAS50 for the discount. The smartest posts pair a workflow tip with a verified discount. [989/1000]",https://saasverdict.com/go/multilogin?utm_source=linkedin&utm_medium=auto_post&utm_campaign=SAAS50&utm_content=post0989
990,Comparison hub,"If you manage accounts at scale, this helps: Avoid unclear vendor tradeoffs for automation projects when you build technical decision support for account ops. Our site is about multi-account operations need both privacy controls and workflow quality for API integration quality. It helps multilogin and alternative buyers improve your operational playbooks across Chrome and API workflows while staying smart on affiliate messaging. Use SAAS50 and keep recommending trusted, verified offers. The smartest posts pair a workflow tip with a verified discount. [990/1000]",https://saasverdict.com/go/multilogin?utm_source=linkedin&utm_medium=auto_post&utm_campaign=SAAS50&utm_content=post0990
991,Browser automation,Quick update: Avoid browser fingerprint drift under repeated runs when you build technical decision support for account ops. Our site is about automation scaling succeeds when you verify every new browser profile path for API integration quality. It helps multilogin and alternative buyers improve your operational playbooks across Chrome and API workflows while staying smart on affiliate messaging. Check the verified promo and use SAAS50 for 50% off. This is the kind of content that builds long-term affiliate trust. [991/1000],https://saasverdict.com/go/multilogin?utm_source=linkedin&utm_medium=auto_post&utm_campaign=SAAS50&utm_content=post0991
992,Promo verification,Pro tip for browser ops teams: Avoid promo claims with no proof when you build technical decision support for account ops. Our site is about automation scaling succeeds when you verify every new browser profile path for API integration quality. It helps multilogin and alternative buyers improve your operational playbooks across Chrome and API workflows while staying smart on affiliate messaging. See the discount proof and apply SAAS50 at checkout. This is the kind of content that builds long-term affiliate trust. [992/1000],https://saasverdict.com/go/multilogin?utm_source=linkedin&utm_medium=auto_post&utm_campaign=SAAS50&utm_content=post0992
993,Affiliate trust,"Short reminder: Avoid fragile profile consistency when you build technical decision support for account ops. Our site is about automation scaling succeeds when you verify every new browser profile path for API integration quality. It helps multilogin and alternative buyers improve your operational playbooks across Chrome and API workflows while staying smart on affiliate messaging. Use SAAS50 when you buy, and share the verified savings path. This is the kind of content that builds long-term affiliate trust. [993/1000]",https://saasverdict.com/go/multilogin?utm_source=linkedin&utm_medium=auto_post&utm_campaign=SAAS50&utm_content=post0993
994,Multi-account ops,"Insight for automation engineers: Avoid API connection failures during scale when you build technical decision support for account ops. Our site is about automation scaling succeeds when you verify every new browser profile path for API integration quality. It helps multilogin and alternative buyers improve your operational playbooks across Chrome and API workflows while staying smart on affiliate messaging. Open the promo hub, validate the offer, and use SAAS50. This is the kind of content that builds long-term affiliate trust. [994/1000]",https://saasverdict.com/go/multilogin?utm_source=linkedin&utm_medium=auto_post&utm_campaign=SAAS50&utm_content=post0994
995,Workflow reliability,"If you care about multi-account reliability, note this: Avoid manual discount checks before checkout when you build technical decision support for account ops. Our site is about automation scaling succeeds when you verify every new browser profile path for promo verification evidence. It helps multilogin and alternative buyers improve your operational playbooks across Chrome and API workflows while staying smart on affiliate messaging. Use SAAS50 for your next Multilogin checkout with confidence. This is the kind of content that builds long-term affiliate trust. [995/1000]",https://saasverdict.com/go/multilogin?utm_source=linkedin&utm_medium=auto_post&utm_campaign=SAAS50&utm_content=post0995
996,API runbooks,Smart operators do this: Avoid privacy leaks in multi-account browsers when you build technical decision support for account ops. Our site is about automation scaling succeeds when you verify every new browser profile path for promo verification evidence. It helps multilogin and alternative buyers improve your operational playbooks across Chrome and API workflows while staying smart on affiliate messaging. Bookmark the comparison hub and use SAAS50 for a better deal. This is the kind of content that builds long-term affiliate trust. [996/1000],https://saasverdict.com/go/multilogin?utm_source=linkedin&utm_medium=auto_post&utm_campaign=SAAS50&utm_content=post0996
997,Privacy engineering,"Today’s note on browser privacy: Avoid team handoff friction with operational stacks when you build compliance-aware automation playbooks. Our site is about automation scaling succeeds when you verify every new browser profile path for promo verification evidence. It helps multilogin and alternative buyers improve your operational playbooks across Chrome and API workflows while staying smart on affiliate messaging. Start with the reliability framework, then apply SAAS50. This is the kind of content that builds long-term affiliate trust. [997/1000]",https://saasverdict.com/go/multilogin?utm_source=linkedin&utm_medium=auto_post&utm_campaign=SAAS50&utm_content=post0997
998,Cost sustainability,Here’s a strong rule for scale: Avoid unreliable anti-detect browser setup when you build compliance-aware automation playbooks. Our site is about automation scaling succeeds when you verify every new browser profile path for promo verification evidence. It helps multilogin and alternative buyers improve your operational playbooks across Chrome and API workflows while staying smart on affiliate messaging. Follow the evidence-first process and use SAAS50 if it fits. This is the kind of content that builds long-term affiliate trust. [998/1000],https://saasverdict.com/go/multilogin?utm_source=linkedin&utm_medium=auto_post&utm_campaign=SAAS50&utm_content=post0998
999,Review methodology,"A practical take: Avoid high subscription cost without a proper comparison when you build compliance-aware automation playbooks. Our site is about automation scaling succeeds when you verify every new browser profile path for promo verification evidence. It helps multilogin and alternative buyers improve your operational playbooks across Chrome and API workflows while staying smart on affiliate messaging. Validate the stack, then apply SAAS50 for the discount. This is the kind of content that builds long-term affiliate trust. [999/1000]",https://saasverdict.com/go/multilogin?utm_source=linkedin&utm_medium=auto_post&utm_campaign=SAAS50&utm_content=post0999
1000,Comparison hub,"If you manage accounts at scale, this helps: Avoid unclear vendor tradeoffs for automation projects when you build compliance-aware automation playbooks. Our site is about automation scaling succeeds when you verify every new browser profile path for promo verification evidence. It helps multilogin and alternative buyers improve your operational playbooks across Chrome and API workflows while staying smart on affiliate messaging. Use SAAS50 and keep recommending trusted, verified offers. This is the kind of content that builds long-term affiliate trust. [1000/1000]",https://saasverdict.com/go/multilogin?utm_source=linkedin&utm_medium=auto_post&utm_campaign=SAAS50&utm_content=post1000
