date,group_name,group_link,language,post_text,tracking_link,image
2026-05-01,"Power BI: Business Intelligence Dashboards, Analysis for",https://www.linkedin.com/groups/8256390/,EN,Quick tip: Automate anomaly detection and report summaries to save hours each week. Try it free — use code SAAS50 for 50% off:,https://saasverdict.com/?utm_source=linkedin&utm_medium=group&utm_campaign=SAAS50&utm_content=power-bi-business-intelligence-dashboards-analysis-for&utm_date=20260501,
2026-05-02,AI and Web3 Payment and Fraud Professionals,https://www.linkedin.com/groups/107667/,EN,Pro tip: Deploy and monitor models faster; save hours each week. Try it free — use code SAAS50 for 50% off:,https://saasverdict.com/?utm_source=linkedin&utm_medium=group&utm_campaign=SAAS50&utm_content=ai-and-web3-payment-and-fraud-professionals&utm_date=20260502,
2026-05-03,Banking & FinTech Connect,https://www.linkedin.com/groups/55097/,EN,Heads up: Centralize alerts and compliance automations to save hours each week. Try it free — use code SAAS50 for 50% off:,https://saasverdict.com/?utm_source=linkedin&utm_medium=group&utm_campaign=SAAS50&utm_content=banking-fintech-connect&utm_date=20260503,
2026-05-04,Banking Careers,https://www.linkedin.com/groups/1843082/,EN,One quick win: Centralize alerts and compliance automations to save hours each week. Try it free — use code SAAS50 for 50% off:,https://saasverdict.com/?utm_source=linkedin&utm_medium=group&utm_campaign=SAAS50&utm_content=banking-careers&utm_date=20260504,
2026-05-05,"Business Owners, Start Up Founders and Entrepreneurs",https://www.linkedin.com/groups/9503160/,EN,Short idea: Automate repeatable operations to save hours each week so you can focus on growth. Try it free — use code SAAS50 for 50% off:,https://saasverdict.com/?utm_source=linkedin&utm_medium=group&utm_campaign=SAAS50&utm_content=business-owners-start-up-founders-and-entrepreneurs&utm_date=20260505,
2026-05-06,Business Start-up Best Practices,https://www.linkedin.com/groups/3684074/,EN,Try this: Automate repeatable operations to save hours each week so you can focus on growth. Try it free — use code SAAS50 for 50% off:,https://saasverdict.com/?utm_source=linkedin&utm_medium=group&utm_campaign=SAAS50&utm_content=business-start-up-best-practices&utm_date=20260506,
2026-05-07,Global Crypto Bitcoin Financial Banking Digital Network,https://www.linkedin.com/groups/2256606/,EN,Question: Filter market noise and surface meaningful signals so you can save hours each week. Try it free — use code SAAS50 for 50% off:,https://saasverdict.com/?utm_source=linkedin&utm_medium=group&utm_campaign=SAAS50&utm_content=global-crypto-bitcoin-financial-banking-digital-network&utm_date=20260507,
2026-05-08,Investment Banking Careers,https://www.linkedin.com/groups/2445872/,EN,Here's a shortcut: Centralize alerts and compliance automations to save hours each week. Try it free — use code SAAS50 for 50% off:,https://saasverdict.com/?utm_source=linkedin&utm_medium=group&utm_campaign=SAAS50&utm_content=investment-banking-careers&utm_date=20260508,
2026-05-09,Make Money Online Instantly,https://www.linkedin.com/groups/3992943/,EN,A small win: Automate funnels and follow-ups to save hours each week for online revenue. Try it free — use code SAAS50 for 50% off:,https://saasverdict.com/?utm_source=linkedin&utm_medium=group&utm_campaign=SAAS50&utm_content=make-money-online-instantly&utm_date=20260509,
2026-05-10,Shopify Dropshipping Community,https://www.linkedin.com/groups/12564321/,EN,"Want a faster way? Automate cart recovery, inventory checks and promos to save hours each week. Try it free — use code SAAS50 for 50% off:",https://saasverdict.com/?utm_source=linkedin&utm_medium=group&utm_campaign=SAAS50&utm_content=shopify-dropshipping-community&utm_date=20260510,
2026-05-11,Stock Market Investing | Personal Finance,https://www.linkedin.com/groups/14210452/,EN,Quick tip: Get concise position alerts and summaries to reduce errors and manual reviews. Try it free — use code SAAS50 for 50% off:,https://saasverdict.com/?utm_source=linkedin&utm_medium=group&utm_campaign=SAAS50&utm_content=stock-market-investing-personal-finance&utm_date=20260511,
2026-05-12,"Shopify Dropshipping US, UK, Australia, Canada",https://www.linkedin.com/groups/14303925/,EN,"Pro tip: Automate cart recovery, inventory checks and promos to reduce errors and manual reviews. Try it free — use code SAAS50 for 50% off:",https://saasverdict.com/?utm_source=linkedin&utm_medium=group&utm_campaign=SAAS50&utm_content=shopify-dropshipping-us-uk-australia-canada&utm_date=20260512,
2026-05-13,Ecommerce and Dropshipping Business,https://www.linkedin.com/groups/13978200/,EN,"Heads up: Automate cart recovery, inventory checks and promos to reduce errors and manual reviews. Try it free — use code SAAS50 for 50% off:",https://saasverdict.com/?utm_source=linkedin&utm_medium=group&utm_campaign=SAAS50&utm_content=ecommerce-and-dropshipping-business&utm_date=20260513,
2026-05-14,"Shopify Dropshipping Store Design & Marketing Tips For USA, UK & Ca",https://www.linkedin.com/groups/14318037/,EN,"One quick win: Automate cart recovery, inventory checks and promos to reduce errors and manual reviews. Try it free — use code SAAS50 for 50% off:",https://saasverdict.com/?utm_source=linkedin&utm_medium=group&utm_campaign=SAAS50&utm_content=shopify-dropshipping-store-design-marketing-tips-for-usa-uk-&utm_date=20260514,
2026-05-15,"Python Developers: Machine Learning, Artificial Intelligence, Data Engineering",https://www.linkedin.com/groups/6986570/,EN,Short idea: Deploy and monitor models faster; reduce errors and manual reviews. Try it free — use code SAAS50 for 50% off:,https://saasverdict.com/?utm_source=linkedin&utm_medium=group&utm_campaign=SAAS50&utm_content=python-developers-machine-learning-artificial-intelligence-d&utm_date=20260515,
2026-05-16,"Ai Mindshare - Artificial Intelligence, Machine Learning",https://www.linkedin.com/groups/60878/,EN,Try this: Deploy and monitor models faster; reduce errors and manual reviews. Try it free — use code SAAS50 for 50% off:,https://saasverdict.com/?utm_source=linkedin&utm_medium=group&utm_campaign=SAAS50&utm_content=ai-mindshare-artificial-intelligence-machine-learning&utm_date=20260516,
2026-05-17,"Big Data, Analytics, Business Intelligence & Visualization Experts Community",https://www.linkedin.com/groups/23006/,EN,Question: Automate repeatable operations to reduce errors and manual reviews so you can focus on growth. Try it free — use code SAAS50 for 50% off:,https://saasverdict.com/?utm_source=linkedin&utm_medium=group&utm_campaign=SAAS50&utm_content=big-data-analytics-business-intelligence-visualization-exper&utm_date=20260517,
2026-05-18,Bitcoin and Crypto Digital Currency Investor Network Group,https://www.linkedin.com/groups/2151027/,EN,Here's a shortcut: Filter market noise and surface meaningful signals so you can reduce errors and manual reviews. Try it free — use code SAAS50 for 50% off:,https://saasverdict.com/?utm_source=linkedin&utm_medium=group&utm_campaign=SAAS50&utm_content=bitcoin-and-crypto-digital-currency-investor-network-group&utm_date=20260518,
2026-05-19,How to Make Money Online,https://www.linkedin.com/groups/14555308/,EN,A small win: Automate funnels and follow-ups to reduce errors and manual reviews for online revenue. Try it free — use code SAAS50 for 50% off:,https://saasverdict.com/?utm_source=linkedin&utm_medium=group&utm_campaign=SAAS50&utm_content=how-to-make-money-online&utm_date=20260519,
2026-05-20,Internet of Things,https://www.linkedin.com/groups/73311/,EN,Want a faster way? Monitor device health and get concise alerts to reduce errors and manual reviews. Try it free — use code SAAS50 for 50% off:,https://saasverdict.com/?utm_source=linkedin&utm_medium=group&utm_campaign=SAAS50&utm_content=internet-of-things&utm_date=20260520,
2026-05-21,Leadership Think Tank,https://www.linkedin.com/groups/39683/,EN,Quick tip: Automate routine reports and team alerts so leaders can improve conversion. Try it free — use code SAAS50 for 50% off:,https://saasverdict.com/?utm_source=linkedin&utm_medium=group&utm_campaign=SAAS50&utm_content=leadership-think-tank&utm_date=20260521,
2026-05-22,Make Money Online and Escape The Rat Race,https://www.linkedin.com/groups/3217360/,EN,Pro tip: Automate funnels and follow-ups to improve conversion for online revenue. Try it free — use code SAAS50 for 50% off:,https://saasverdict.com/?utm_source=linkedin&utm_medium=group&utm_campaign=SAAS50&utm_content=make-money-online-and-escape-the-rat-race&utm_date=20260522,
2026-05-23,"Power BI: Business Intelligence Dashboards, Analysis for",https://www.linkedin.com/groups/8256390/,EN,Heads up: Automate anomaly detection and report summaries to improve conversion. Try it free — use code SAAS50 for 50% off:,https://saasverdict.com/?utm_source=linkedin&utm_medium=group&utm_campaign=SAAS50&utm_content=power-bi-business-intelligence-dashboards-analysis-for&utm_date=20260523,
2026-05-24,AI and Web3 Payment and Fraud Professionals,https://www.linkedin.com/groups/107667/,EN,One quick win: Deploy and monitor models faster; improve conversion. Try it free — use code SAAS50 for 50% off:,https://saasverdict.com/?utm_source=linkedin&utm_medium=group&utm_campaign=SAAS50&utm_content=ai-and-web3-payment-and-fraud-professionals&utm_date=20260524,
2026-05-25,Banking & FinTech Connect,https://www.linkedin.com/groups/55097/,EN,Short idea: Centralize alerts and compliance automations to improve conversion. Try it free — use code SAAS50 for 50% off:,https://saasverdict.com/?utm_source=linkedin&utm_medium=group&utm_campaign=SAAS50&utm_content=banking-fintech-connect&utm_date=20260525,
2026-05-26,Banking Careers,https://www.linkedin.com/groups/1843082/,EN,Try this: Centralize alerts and compliance automations to improve conversion. Try it free — use code SAAS50 for 50% off:,https://saasverdict.com/?utm_source=linkedin&utm_medium=group&utm_campaign=SAAS50&utm_content=banking-careers&utm_date=20260526,
2026-05-27,"Business Owners, Start Up Founders and Entrepreneurs",https://www.linkedin.com/groups/9503160/,EN,Question: Automate repeatable operations to improve conversion so you can focus on growth. Try it free — use code SAAS50 for 50% off:,https://saasverdict.com/?utm_source=linkedin&utm_medium=group&utm_campaign=SAAS50&utm_content=business-owners-start-up-founders-and-entrepreneurs&utm_date=20260527,
2026-05-28,Business Start-up Best Practices,https://www.linkedin.com/groups/3684074/,EN,Here's a shortcut: Automate repeatable operations to improve conversion so you can focus on growth. Try it free — use code SAAS50 for 50% off:,https://saasverdict.com/?utm_source=linkedin&utm_medium=group&utm_campaign=SAAS50&utm_content=business-start-up-best-practices&utm_date=20260528,
2026-05-29,Global Crypto Bitcoin Financial Banking Digital Network,https://www.linkedin.com/groups/2256606/,EN,A small win: Filter market noise and surface meaningful signals so you can improve conversion. Try it free — use code SAAS50 for 50% off:,https://saasverdict.com/?utm_source=linkedin&utm_medium=group&utm_campaign=SAAS50&utm_content=global-crypto-bitcoin-financial-banking-digital-network&utm_date=20260529,
2026-05-30,Investment Banking Careers,https://www.linkedin.com/groups/2445872/,EN,Want a faster way? Centralize alerts and compliance automations to improve conversion. Try it free — use code SAAS50 for 50% off:,https://saasverdict.com/?utm_source=linkedin&utm_medium=group&utm_campaign=SAAS50&utm_content=investment-banking-careers&utm_date=20260530,
2026-05-31,Make Money Online Instantly,https://www.linkedin.com/groups/3992943/,EN,Quick tip: Automate funnels and follow-ups to recover lost revenue for online revenue. Try it free — use code SAAS50 for 50% off:,https://saasverdict.com/?utm_source=linkedin&utm_medium=group&utm_campaign=SAAS50&utm_content=make-money-online-instantly&utm_date=20260531,
2026-06-01,Shopify Dropshipping Community,https://www.linkedin.com/groups/12564321/,EN,"Pro tip: Automate cart recovery, inventory checks and promos to recover lost revenue. Try it free — use code SAAS50 for 50% off:",https://saasverdict.com/?utm_source=linkedin&utm_medium=group&utm_campaign=SAAS50&utm_content=shopify-dropshipping-community&utm_date=20260601,
2026-06-02,Stock Market Investing | Personal Finance,https://www.linkedin.com/groups/14210452/,EN,Heads up: Get concise position alerts and summaries to recover lost revenue. Try it free — use code SAAS50 for 50% off:,https://saasverdict.com/?utm_source=linkedin&utm_medium=group&utm_campaign=SAAS50&utm_content=stock-market-investing-personal-finance&utm_date=20260602,
2026-06-03,"Shopify Dropshipping US, UK, Australia, Canada",https://www.linkedin.com/groups/14303925/,EN,"One quick win: Automate cart recovery, inventory checks and promos to recover lost revenue. Try it free — use code SAAS50 for 50% off:",https://saasverdict.com/?utm_source=linkedin&utm_medium=group&utm_campaign=SAAS50&utm_content=shopify-dropshipping-us-uk-australia-canada&utm_date=20260603,
2026-06-04,Ecommerce and Dropshipping Business,https://www.linkedin.com/groups/13978200/,EN,"Short idea: Automate cart recovery, inventory checks and promos to recover lost revenue. Try it free — use code SAAS50 for 50% off:",https://saasverdict.com/?utm_source=linkedin&utm_medium=group&utm_campaign=SAAS50&utm_content=ecommerce-and-dropshipping-business&utm_date=20260604,
2026-06-05,"Shopify Dropshipping Store Design & Marketing Tips For USA, UK & Ca",https://www.linkedin.com/groups/14318037/,EN,"Try this: Automate cart recovery, inventory checks and promos to recover lost revenue. Try it free — use code SAAS50 for 50% off:",https://saasverdict.com/?utm_source=linkedin&utm_medium=group&utm_campaign=SAAS50&utm_content=shopify-dropshipping-store-design-marketing-tips-for-usa-uk-&utm_date=20260605,
2026-06-06,"Python Developers: Machine Learning, Artificial Intelligence, Data Engineering",https://www.linkedin.com/groups/6986570/,EN,Question: Deploy and monitor models faster; recover lost revenue. Try it free — use code SAAS50 for 50% off:,https://saasverdict.com/?utm_source=linkedin&utm_medium=group&utm_campaign=SAAS50&utm_content=python-developers-machine-learning-artificial-intelligence-d&utm_date=20260606,
2026-06-07,"Ai Mindshare - Artificial Intelligence, Machine Learning",https://www.linkedin.com/groups/60878/,EN,Here's a shortcut: Deploy and monitor models faster; recover lost revenue. Try it free — use code SAAS50 for 50% off:,https://saasverdict.com/?utm_source=linkedin&utm_medium=group&utm_campaign=SAAS50&utm_content=ai-mindshare-artificial-intelligence-machine-learning&utm_date=20260607,
2026-06-08,"Big Data, Analytics, Business Intelligence & Visualization Experts Community",https://www.linkedin.com/groups/23006/,EN,A small win: Automate repeatable operations to recover lost revenue so you can focus on growth. Try it free — use code SAAS50 for 50% off:,https://saasverdict.com/?utm_source=linkedin&utm_medium=group&utm_campaign=SAAS50&utm_content=big-data-analytics-business-intelligence-visualization-exper&utm_date=20260608,
2026-06-09,Bitcoin and Crypto Digital Currency Investor Network Group,https://www.linkedin.com/groups/2151027/,EN,Want a faster way? Filter market noise and surface meaningful signals so you can recover lost revenue. Try it free — use code SAAS50 for 50% off:,https://saasverdict.com/?utm_source=linkedin&utm_medium=group&utm_campaign=SAAS50&utm_content=bitcoin-and-crypto-digital-currency-investor-network-group&utm_date=20260609,
2026-06-10,How to Make Money Online,https://www.linkedin.com/groups/14555308/,EN,Quick tip: Automate funnels and follow-ups to free up time for strategy for online revenue. Try it free — use code SAAS50 for 50% off:,https://saasverdict.com/?utm_source=linkedin&utm_medium=group&utm_campaign=SAAS50&utm_content=how-to-make-money-online&utm_date=20260610,
2026-06-11,Internet of Things,https://www.linkedin.com/groups/73311/,EN,Pro tip: Monitor device health and get concise alerts to free up time for strategy. Try it free — use code SAAS50 for 50% off:,https://saasverdict.com/?utm_source=linkedin&utm_medium=group&utm_campaign=SAAS50&utm_content=internet-of-things&utm_date=20260611,
2026-06-12,Leadership Think Tank,https://www.linkedin.com/groups/39683/,EN,Heads up: Automate routine reports and team alerts so leaders can free up time for strategy. Try it free — use code SAAS50 for 50% off:,https://saasverdict.com/?utm_source=linkedin&utm_medium=group&utm_campaign=SAAS50&utm_content=leadership-think-tank&utm_date=20260612,
2026-06-13,Make Money Online and Escape The Rat Race,https://www.linkedin.com/groups/3217360/,EN,One quick win: Automate funnels and follow-ups to free up time for strategy for online revenue. Try it free — use code SAAS50 for 50% off:,https://saasverdict.com/?utm_source=linkedin&utm_medium=group&utm_campaign=SAAS50&utm_content=make-money-online-and-escape-the-rat-race&utm_date=20260613,
2026-06-14,"Power BI: Business Intelligence Dashboards, Analysis for",https://www.linkedin.com/groups/8256390/,EN,Short idea: Automate anomaly detection and report summaries to free up time for strategy. Try it free — use code SAAS50 for 50% off:,https://saasverdict.com/?utm_source=linkedin&utm_medium=group&utm_campaign=SAAS50&utm_content=power-bi-business-intelligence-dashboards-analysis-for&utm_date=20260614,
2026-06-15,AI and Web3 Payment and Fraud Professionals,https://www.linkedin.com/groups/107667/,EN,Try this: Deploy and monitor models faster; free up time for strategy. Try it free — use code SAAS50 for 50% off:,https://saasverdict.com/?utm_source=linkedin&utm_medium=group&utm_campaign=SAAS50&utm_content=ai-and-web3-payment-and-fraud-professionals&utm_date=20260615,
2026-06-16,Banking & FinTech Connect,https://www.linkedin.com/groups/55097/,EN,Question: Centralize alerts and compliance automations to free up time for strategy. Try it free — use code SAAS50 for 50% off:,https://saasverdict.com/?utm_source=linkedin&utm_medium=group&utm_campaign=SAAS50&utm_content=banking-fintech-connect&utm_date=20260616,
2026-06-17,Banking Careers,https://www.linkedin.com/groups/1843082/,EN,Here's a shortcut: Centralize alerts and compliance automations to free up time for strategy. Try it free — use code SAAS50 for 50% off:,https://saasverdict.com/?utm_source=linkedin&utm_medium=group&utm_campaign=SAAS50&utm_content=banking-careers&utm_date=20260617,
2026-06-18,"Business Owners, Start Up Founders and Entrepreneurs",https://www.linkedin.com/groups/9503160/,EN,A small win: Automate repeatable operations to free up time for strategy so you can focus on growth. Try it free — use code SAAS50 for 50% off:,https://saasverdict.com/?utm_source=linkedin&utm_medium=group&utm_campaign=SAAS50&utm_content=business-owners-start-up-founders-and-entrepreneurs&utm_date=20260618,
2026-06-19,Business Start-up Best Practices,https://www.linkedin.com/groups/3684074/,EN,Want a faster way? Automate repeatable operations to free up time for strategy so you can focus on growth. Try it free — use code SAAS50 for 50% off:,https://saasverdict.com/?utm_source=linkedin&utm_medium=group&utm_campaign=SAAS50&utm_content=business-start-up-best-practices&utm_date=20260619,
2026-06-20,Global Crypto Bitcoin Financial Banking Digital Network,https://www.linkedin.com/groups/2256606/,EN,Quick tip: Filter market noise and surface meaningful signals so you can scale operations without more hires. Try it free — use code SAAS50 for 50% off:,https://saasverdict.com/?utm_source=linkedin&utm_medium=group&utm_campaign=SAAS50&utm_content=global-crypto-bitcoin-financial-banking-digital-network&utm_date=20260620,
2026-06-21,Investment Banking Careers,https://www.linkedin.com/groups/2445872/,EN,Pro tip: Centralize alerts and compliance automations to scale operations without more hires. Try it free — use code SAAS50 for 50% off:,https://saasverdict.com/?utm_source=linkedin&utm_medium=group&utm_campaign=SAAS50&utm_content=investment-banking-careers&utm_date=20260621,
2026-06-22,Make Money Online Instantly,https://www.linkedin.com/groups/3992943/,EN,Heads up: Automate funnels and follow-ups to scale operations without more hires for online revenue. Try it free — use code SAAS50 for 50% off:,https://saasverdict.com/?utm_source=linkedin&utm_medium=group&utm_campaign=SAAS50&utm_content=make-money-online-instantly&utm_date=20260622,
2026-06-23,Shopify Dropshipping Community,https://www.linkedin.com/groups/12564321/,EN,"One quick win: Automate cart recovery, inventory checks and promos to scale operations without more hires. Try it free — use code SAAS50 for 50% off:",https://saasverdict.com/?utm_source=linkedin&utm_medium=group&utm_campaign=SAAS50&utm_content=shopify-dropshipping-community&utm_date=20260623,
2026-06-24,Stock Market Investing | Personal Finance,https://www.linkedin.com/groups/14210452/,EN,Short idea: Get concise position alerts and summaries to scale operations without more hires. Try it free — use code SAAS50 for 50% off:,https://saasverdict.com/?utm_source=linkedin&utm_medium=group&utm_campaign=SAAS50&utm_content=stock-market-investing-personal-finance&utm_date=20260624,
2026-06-25,"Shopify Dropshipping US, UK, Australia, Canada",https://www.linkedin.com/groups/14303925/,EN,"Try this: Automate cart recovery, inventory checks and promos to scale operations without more hires. Try it free — use code SAAS50 for 50% off:",https://saasverdict.com/?utm_source=linkedin&utm_medium=group&utm_campaign=SAAS50&utm_content=shopify-dropshipping-us-uk-australia-canada&utm_date=20260625,
2026-06-26,Ecommerce and Dropshipping Business,https://www.linkedin.com/groups/13978200/,EN,"Question: Automate cart recovery, inventory checks and promos to scale operations without more hires. Try it free — use code SAAS50 for 50% off:",https://saasverdict.com/?utm_source=linkedin&utm_medium=group&utm_campaign=SAAS50&utm_content=ecommerce-and-dropshipping-business&utm_date=20260626,
2026-06-27,"Shopify Dropshipping Store Design & Marketing Tips For USA, UK & Ca",https://www.linkedin.com/groups/14318037/,EN,"Here's a shortcut: Automate cart recovery, inventory checks and promos to scale operations without more hires. Try it free — use code SAAS50 for 50% off:",https://saasverdict.com/?utm_source=linkedin&utm_medium=group&utm_campaign=SAAS50&utm_content=shopify-dropshipping-store-design-marketing-tips-for-usa-uk-&utm_date=20260627,
2026-06-28,"Python Developers: Machine Learning, Artificial Intelligence, Data Engineering",https://www.linkedin.com/groups/6986570/,EN,A small win: Deploy and monitor models faster; scale operations without more hires. Try it free — use code SAAS50 for 50% off:,https://saasverdict.com/?utm_source=linkedin&utm_medium=group&utm_campaign=SAAS50&utm_content=python-developers-machine-learning-artificial-intelligence-d&utm_date=20260628,
2026-06-29,"Ai Mindshare - Artificial Intelligence, Machine Learning",https://www.linkedin.com/groups/60878/,EN,Want a faster way? Deploy and monitor models faster; scale operations without more hires. Try it free — use code SAAS50 for 50% off:,https://saasverdict.com/?utm_source=linkedin&utm_medium=group&utm_campaign=SAAS50&utm_content=ai-mindshare-artificial-intelligence-machine-learning&utm_date=20260629,
2026-06-30,"Big Data, Analytics, Business Intelligence & Visualization Experts Community",https://www.linkedin.com/groups/23006/,EN,Quick tip: Automate repeatable operations to speed up reporting and decisions so you can focus on growth. Try it free — use code SAAS50 for 50% off:,https://saasverdict.com/?utm_source=linkedin&utm_medium=group&utm_campaign=SAAS50&utm_content=big-data-analytics-business-intelligence-visualization-exper&utm_date=20260630,
2026-07-01,Bitcoin and Crypto Digital Currency Investor Network Group,https://www.linkedin.com/groups/2151027/,EN,Pro tip: Filter market noise and surface meaningful signals so you can speed up reporting and decisions. Try it free — use code SAAS50 for 50% off:,https://saasverdict.com/?utm_source=linkedin&utm_medium=group&utm_campaign=SAAS50&utm_content=bitcoin-and-crypto-digital-currency-investor-network-group&utm_date=20260701,
2026-07-02,How to Make Money Online,https://www.linkedin.com/groups/14555308/,EN,Heads up: Automate funnels and follow-ups to speed up reporting and decisions for online revenue. Try it free — use code SAAS50 for 50% off:,https://saasverdict.com/?utm_source=linkedin&utm_medium=group&utm_campaign=SAAS50&utm_content=how-to-make-money-online&utm_date=20260702,
2026-07-03,Internet of Things,https://www.linkedin.com/groups/73311/,EN,One quick win: Monitor device health and get concise alerts to speed up reporting and decisions. Try it free — use code SAAS50 for 50% off:,https://saasverdict.com/?utm_source=linkedin&utm_medium=group&utm_campaign=SAAS50&utm_content=internet-of-things&utm_date=20260703,
2026-07-04,Leadership Think Tank,https://www.linkedin.com/groups/39683/,EN,Short idea: Automate routine reports and team alerts so leaders can speed up reporting and decisions. Try it free — use code SAAS50 for 50% off:,https://saasverdict.com/?utm_source=linkedin&utm_medium=group&utm_campaign=SAAS50&utm_content=leadership-think-tank&utm_date=20260704,
2026-07-05,Make Money Online and Escape The Rat Race,https://www.linkedin.com/groups/3217360/,EN,Try this: Automate funnels and follow-ups to speed up reporting and decisions for online revenue. Try it free — use code SAAS50 for 50% off:,https://saasverdict.com/?utm_source=linkedin&utm_medium=group&utm_campaign=SAAS50&utm_content=make-money-online-and-escape-the-rat-race&utm_date=20260705,
2026-07-06,"Power BI: Business Intelligence Dashboards, Analysis for",https://www.linkedin.com/groups/8256390/,EN,Question: Automate anomaly detection and report summaries to speed up reporting and decisions. Try it free — use code SAAS50 for 50% off:,https://saasverdict.com/?utm_source=linkedin&utm_medium=group&utm_campaign=SAAS50&utm_content=power-bi-business-intelligence-dashboards-analysis-for&utm_date=20260706,
2026-07-07,AI and Web3 Payment and Fraud Professionals,https://www.linkedin.com/groups/107667/,EN,Here's a shortcut: Deploy and monitor models faster; speed up reporting and decisions. Try it free — use code SAAS50 for 50% off:,https://saasverdict.com/?utm_source=linkedin&utm_medium=group&utm_campaign=SAAS50&utm_content=ai-and-web3-payment-and-fraud-professionals&utm_date=20260707,
2026-07-08,Banking & FinTech Connect,https://www.linkedin.com/groups/55097/,EN,A small win: Centralize alerts and compliance automations to speed up reporting and decisions. Try it free — use code SAAS50 for 50% off:,https://saasverdict.com/?utm_source=linkedin&utm_medium=group&utm_campaign=SAAS50&utm_content=banking-fintech-connect&utm_date=20260708,
2026-07-09,Banking Careers,https://www.linkedin.com/groups/1843082/,EN,Want a faster way? Centralize alerts and compliance automations to speed up reporting and decisions. Try it free — use code SAAS50 for 50% off:,https://saasverdict.com/?utm_source=linkedin&utm_medium=group&utm_campaign=SAAS50&utm_content=banking-careers&utm_date=20260709,
2026-07-10,"Business Owners, Start Up Founders and Entrepreneurs",https://www.linkedin.com/groups/9503160/,EN,Quick tip: Automate repeatable operations to reduce alert noise and false positives so you can focus on growth. Try it free — use code SAAS50 for 50% off:,https://saasverdict.com/?utm_source=linkedin&utm_medium=group&utm_campaign=SAAS50&utm_content=business-owners-start-up-founders-and-entrepreneurs&utm_date=20260710,
2026-07-11,Business Start-up Best Practices,https://www.linkedin.com/groups/3684074/,EN,Pro tip: Automate repeatable operations to reduce alert noise and false positives so you can focus on growth. Try it free — use code SAAS50 for 50% off:,https://saasverdict.com/?utm_source=linkedin&utm_medium=group&utm_campaign=SAAS50&utm_content=business-start-up-best-practices&utm_date=20260711,
2026-07-12,Global Crypto Bitcoin Financial Banking Digital Network,https://www.linkedin.com/groups/2256606/,EN,Heads up: Filter market noise and surface meaningful signals so you can reduce alert noise and false positives. Try it free — use code SAAS50 for 50% off:,https://saasverdict.com/?utm_source=linkedin&utm_medium=group&utm_campaign=SAAS50&utm_content=global-crypto-bitcoin-financial-banking-digital-network&utm_date=20260712,
2026-07-13,Investment Banking Careers,https://www.linkedin.com/groups/2445872/,EN,One quick win: Centralize alerts and compliance automations to reduce alert noise and false positives. Try it free — use code SAAS50 for 50% off:,https://saasverdict.com/?utm_source=linkedin&utm_medium=group&utm_campaign=SAAS50&utm_content=investment-banking-careers&utm_date=20260713,
2026-07-14,Make Money Online Instantly,https://www.linkedin.com/groups/3992943/,EN,Short idea: Automate funnels and follow-ups to reduce alert noise and false positives for online revenue. Try it free — use code SAAS50 for 50% off:,https://saasverdict.com/?utm_source=linkedin&utm_medium=group&utm_campaign=SAAS50&utm_content=make-money-online-instantly&utm_date=20260714,
2026-07-15,Shopify Dropshipping Community,https://www.linkedin.com/groups/12564321/,EN,"Try this: Automate cart recovery, inventory checks and promos to reduce alert noise and false positives. Try it free — use code SAAS50 for 50% off:",https://saasverdict.com/?utm_source=linkedin&utm_medium=group&utm_campaign=SAAS50&utm_content=shopify-dropshipping-community&utm_date=20260715,
2026-07-16,Stock Market Investing | Personal Finance,https://www.linkedin.com/groups/14210452/,EN,Question: Get concise position alerts and summaries to reduce alert noise and false positives. Try it free — use code SAAS50 for 50% off:,https://saasverdict.com/?utm_source=linkedin&utm_medium=group&utm_campaign=SAAS50&utm_content=stock-market-investing-personal-finance&utm_date=20260716,
2026-07-17,"Shopify Dropshipping US, UK, Australia, Canada",https://www.linkedin.com/groups/14303925/,EN,"Here's a shortcut: Automate cart recovery, inventory checks and promos to reduce alert noise and false positives. Try it free — use code SAAS50 for 50% off:",https://saasverdict.com/?utm_source=linkedin&utm_medium=group&utm_campaign=SAAS50&utm_content=shopify-dropshipping-us-uk-australia-canada&utm_date=20260717,
2026-07-18,Ecommerce and Dropshipping Business,https://www.linkedin.com/groups/13978200/,EN,"A small win: Automate cart recovery, inventory checks and promos to reduce alert noise and false positives. Try it free — use code SAAS50 for 50% off:",https://saasverdict.com/?utm_source=linkedin&utm_medium=group&utm_campaign=SAAS50&utm_content=ecommerce-and-dropshipping-business&utm_date=20260718,
2026-07-19,"Shopify Dropshipping Store Design & Marketing Tips For USA, UK & Ca",https://www.linkedin.com/groups/14318037/,EN,"Want a faster way? Automate cart recovery, inventory checks and promos to reduce alert noise and false positives. Try it free — use code SAAS50 for 50% off:",https://saasverdict.com/?utm_source=linkedin&utm_medium=group&utm_campaign=SAAS50&utm_content=shopify-dropshipping-store-design-marketing-tips-for-usa-uk-&utm_date=20260719,
2026-07-20,"Python Developers: Machine Learning, Artificial Intelligence, Data Engineering",https://www.linkedin.com/groups/6986570/,EN,Quick tip: Deploy and monitor models faster; cut repetitive work and focus on growth. Try it free — use code SAAS50 for 50% off:,https://saasverdict.com/?utm_source=linkedin&utm_medium=group&utm_campaign=SAAS50&utm_content=python-developers-machine-learning-artificial-intelligence-d&utm_date=20260720,
2026-07-21,"Ai Mindshare - Artificial Intelligence, Machine Learning",https://www.linkedin.com/groups/60878/,EN,Pro tip: Deploy and monitor models faster; cut repetitive work and focus on growth. Try it free — use code SAAS50 for 50% off:,https://saasverdict.com/?utm_source=linkedin&utm_medium=group&utm_campaign=SAAS50&utm_content=ai-mindshare-artificial-intelligence-machine-learning&utm_date=20260721,
2026-07-22,"Big Data, Analytics, Business Intelligence & Visualization Experts Community",https://www.linkedin.com/groups/23006/,EN,Heads up: Automate repeatable operations to cut repetitive work and focus on growth so you can focus on growth. Try it free — use code SAAS50 for 50% off:,https://saasverdict.com/?utm_source=linkedin&utm_medium=group&utm_campaign=SAAS50&utm_content=big-data-analytics-business-intelligence-visualization-exper&utm_date=20260722,
2026-07-23,Bitcoin and Crypto Digital Currency Investor Network Group,https://www.linkedin.com/groups/2151027/,EN,One quick win: Filter market noise and surface meaningful signals so you can cut repetitive work and focus on growth. Try it free — use code SAAS50 for 50% off:,https://saasverdict.com/?utm_source=linkedin&utm_medium=group&utm_campaign=SAAS50&utm_content=bitcoin-and-crypto-digital-currency-investor-network-group&utm_date=20260723,
2026-07-24,How to Make Money Online,https://www.linkedin.com/groups/14555308/,EN,Short idea: Automate funnels and follow-ups to cut repetitive work and focus on growth for online revenue. Try it free — use code SAAS50 for 50% off:,https://saasverdict.com/?utm_source=linkedin&utm_medium=group&utm_campaign=SAAS50&utm_content=how-to-make-money-online&utm_date=20260724,
2026-07-25,Internet of Things,https://www.linkedin.com/groups/73311/,EN,Try this: Monitor device health and get concise alerts to cut repetitive work and focus on growth. Try it free — use code SAAS50 for 50% off:,https://saasverdict.com/?utm_source=linkedin&utm_medium=group&utm_campaign=SAAS50&utm_content=internet-of-things&utm_date=20260725,
2026-07-26,Leadership Think Tank,https://www.linkedin.com/groups/39683/,EN,Question: Automate routine reports and team alerts so leaders can cut repetitive work and focus on growth. Try it free — use code SAAS50 for 50% off:,https://saasverdict.com/?utm_source=linkedin&utm_medium=group&utm_campaign=SAAS50&utm_content=leadership-think-tank&utm_date=20260726,
2026-07-27,Make Money Online and Escape The Rat Race,https://www.linkedin.com/groups/3217360/,EN,Here's a shortcut: Automate funnels and follow-ups to cut repetitive work and focus on growth for online revenue. Try it free — use code SAAS50 for 50% off:,https://saasverdict.com/?utm_source=linkedin&utm_medium=group&utm_campaign=SAAS50&utm_content=make-money-online-and-escape-the-rat-race&utm_date=20260727,
2026-07-28,"Power BI: Business Intelligence Dashboards, Analysis for",https://www.linkedin.com/groups/8256390/,EN,A small win: Automate anomaly detection and report summaries to cut repetitive work and focus on growth. Try it free — use code SAAS50 for 50% off:,https://saasverdict.com/?utm_source=linkedin&utm_medium=group&utm_campaign=SAAS50&utm_content=power-bi-business-intelligence-dashboards-analysis-for&utm_date=20260728,
2026-07-29,AI and Web3 Payment and Fraud Professionals,https://www.linkedin.com/groups/107667/,EN,Want a faster way? Deploy and monitor models faster; cut repetitive work and focus on growth. Try it free — use code SAAS50 for 50% off:,https://saasverdict.com/?utm_source=linkedin&utm_medium=group&utm_campaign=SAAS50&utm_content=ai-and-web3-payment-and-fraud-professionals&utm_date=20260729,
2026-07-30,Banking & FinTech Connect,https://www.linkedin.com/groups/55097/,EN,Quick tip: Centralize alerts and compliance automations to improve monitoring accuracy and actionability. Try it free — use code SAAS50 for 50% off:,https://saasverdict.com/?utm_source=linkedin&utm_medium=group&utm_campaign=SAAS50&utm_content=banking-fintech-connect&utm_date=20260730,
2026-07-31,Banking Careers,https://www.linkedin.com/groups/1843082/,EN,Pro tip: Centralize alerts and compliance automations to improve monitoring accuracy and actionability. Try it free — use code SAAS50 for 50% off:,https://saasverdict.com/?utm_source=linkedin&utm_medium=group&utm_campaign=SAAS50&utm_content=banking-careers&utm_date=20260731,
2026-08-01,"Business Owners, Start Up Founders and Entrepreneurs",https://www.linkedin.com/groups/9503160/,EN,Heads up: Automate repeatable operations to improve monitoring accuracy and actionability so you can focus on growth. Try it free — use code SAAS50 for 50% off:,https://saasverdict.com/?utm_source=linkedin&utm_medium=group&utm_campaign=SAAS50&utm_content=business-owners-start-up-founders-and-entrepreneurs&utm_date=20260801,
2026-08-02,Business Start-up Best Practices,https://www.linkedin.com/groups/3684074/,EN,One quick win: Automate repeatable operations to improve monitoring accuracy and actionability so you can focus on growth. Try it free — use code SAAS50 for 50% off:,https://saasverdict.com/?utm_source=linkedin&utm_medium=group&utm_campaign=SAAS50&utm_content=business-start-up-best-practices&utm_date=20260802,
2026-08-03,Global Crypto Bitcoin Financial Banking Digital Network,https://www.linkedin.com/groups/2256606/,EN,Short idea: Filter market noise and surface meaningful signals so you can improve monitoring accuracy and actionability. Try it free — use code SAAS50 for 50% off:,https://saasverdict.com/?utm_source=linkedin&utm_medium=group&utm_campaign=SAAS50&utm_content=global-crypto-bitcoin-financial-banking-digital-network&utm_date=20260803,
2026-08-04,Investment Banking Careers,https://www.linkedin.com/groups/2445872/,EN,Try this: Centralize alerts and compliance automations to improve monitoring accuracy and actionability. Try it free — use code SAAS50 for 50% off:,https://saasverdict.com/?utm_source=linkedin&utm_medium=group&utm_campaign=SAAS50&utm_content=investment-banking-careers&utm_date=20260804,
2026-08-05,Make Money Online Instantly,https://www.linkedin.com/groups/3992943/,EN,Question: Automate funnels and follow-ups to improve monitoring accuracy and actionability for online revenue. Try it free — use code SAAS50 for 50% off:,https://saasverdict.com/?utm_source=linkedin&utm_medium=group&utm_campaign=SAAS50&utm_content=make-money-online-instantly&utm_date=20260805,
2026-08-06,Shopify Dropshipping Community,https://www.linkedin.com/groups/12564321/,EN,"Here's a shortcut: Automate cart recovery, inventory checks and promos to improve monitoring accuracy and actionability. Try it free — use code SAAS50 for 50% off:",https://saasverdict.com/?utm_source=linkedin&utm_medium=group&utm_campaign=SAAS50&utm_content=shopify-dropshipping-community&utm_date=20260806,
2026-08-07,Stock Market Investing | Personal Finance,https://www.linkedin.com/groups/14210452/,EN,A small win: Get concise position alerts and summaries to improve monitoring accuracy and actionability. Try it free — use code SAAS50 for 50% off:,https://saasverdict.com/?utm_source=linkedin&utm_medium=group&utm_campaign=SAAS50&utm_content=stock-market-investing-personal-finance&utm_date=20260807,
2026-08-08,"Shopify Dropshipping US, UK, Australia, Canada",https://www.linkedin.com/groups/14303925/,EN,"Want a faster way? Automate cart recovery, inventory checks and promos to improve monitoring accuracy and actionability. Try it free — use code SAAS50 for 50% off:",https://saasverdict.com/?utm_source=linkedin&utm_medium=group&utm_campaign=SAAS50&utm_content=shopify-dropshipping-us-uk-australia-canada&utm_date=20260808,
2026-08-09,Ecommerce and Dropshipping Business,https://www.linkedin.com/groups/13978200/,EN,"Quick tip: Automate cart recovery, inventory checks and promos to save hours each week. Start a free trial — apply code SAAS50 for 50% off:",https://saasverdict.com/?utm_source=linkedin&utm_medium=group&utm_campaign=SAAS50&utm_content=ecommerce-and-dropshipping-business&utm_date=20260809,
2026-08-10,"Shopify Dropshipping Store Design & Marketing Tips For USA, UK & Ca",https://www.linkedin.com/groups/14318037/,EN,"Pro tip: Automate cart recovery, inventory checks and promos to save hours each week. Start a free trial — apply code SAAS50 for 50% off:",https://saasverdict.com/?utm_source=linkedin&utm_medium=group&utm_campaign=SAAS50&utm_content=shopify-dropshipping-store-design-marketing-tips-for-usa-uk-&utm_date=20260810,
2026-08-11,"Python Developers: Machine Learning, Artificial Intelligence, Data Engineering",https://www.linkedin.com/groups/6986570/,EN,Heads up: Deploy and monitor models faster; save hours each week. Start a free trial — apply code SAAS50 for 50% off:,https://saasverdict.com/?utm_source=linkedin&utm_medium=group&utm_campaign=SAAS50&utm_content=python-developers-machine-learning-artificial-intelligence-d&utm_date=20260811,
2026-08-12,"Ai Mindshare - Artificial Intelligence, Machine Learning",https://www.linkedin.com/groups/60878/,EN,One quick win: Deploy and monitor models faster; save hours each week. Start a free trial — apply code SAAS50 for 50% off:,https://saasverdict.com/?utm_source=linkedin&utm_medium=group&utm_campaign=SAAS50&utm_content=ai-mindshare-artificial-intelligence-machine-learning&utm_date=20260812,
2026-08-13,"Big Data, Analytics, Business Intelligence & Visualization Experts Community",https://www.linkedin.com/groups/23006/,EN,Short idea: Automate repeatable operations to save hours each week so you can focus on growth. Start a free trial — apply code SAAS50 for 50% off:,https://saasverdict.com/?utm_source=linkedin&utm_medium=group&utm_campaign=SAAS50&utm_content=big-data-analytics-business-intelligence-visualization-exper&utm_date=20260813,
2026-08-14,Bitcoin and Crypto Digital Currency Investor Network Group,https://www.linkedin.com/groups/2151027/,EN,Try this: Filter market noise and surface meaningful signals so you can save hours each week. Start a free trial — apply code SAAS50 for 50% off:,https://saasverdict.com/?utm_source=linkedin&utm_medium=group&utm_campaign=SAAS50&utm_content=bitcoin-and-crypto-digital-currency-investor-network-group&utm_date=20260814,
2026-08-15,How to Make Money Online,https://www.linkedin.com/groups/14555308/,EN,Question: Automate funnels and follow-ups to save hours each week for online revenue. Start a free trial — apply code SAAS50 for 50% off:,https://saasverdict.com/?utm_source=linkedin&utm_medium=group&utm_campaign=SAAS50&utm_content=how-to-make-money-online&utm_date=20260815,
2026-08-16,Internet of Things,https://www.linkedin.com/groups/73311/,EN,Here's a shortcut: Monitor device health and get concise alerts to save hours each week. Start a free trial — apply code SAAS50 for 50% off:,https://saasverdict.com/?utm_source=linkedin&utm_medium=group&utm_campaign=SAAS50&utm_content=internet-of-things&utm_date=20260816,
2026-08-17,Leadership Think Tank,https://www.linkedin.com/groups/39683/,EN,A small win: Automate routine reports and team alerts so leaders can save hours each week. Start a free trial — apply code SAAS50 for 50% off:,https://saasverdict.com/?utm_source=linkedin&utm_medium=group&utm_campaign=SAAS50&utm_content=leadership-think-tank&utm_date=20260817,
2026-08-18,Make Money Online and Escape The Rat Race,https://www.linkedin.com/groups/3217360/,EN,Want a faster way? Automate funnels and follow-ups to save hours each week for online revenue. Start a free trial — apply code SAAS50 for 50% off:,https://saasverdict.com/?utm_source=linkedin&utm_medium=group&utm_campaign=SAAS50&utm_content=make-money-online-and-escape-the-rat-race&utm_date=20260818,
2026-08-19,"Power BI: Business Intelligence Dashboards, Analysis for",https://www.linkedin.com/groups/8256390/,EN,Quick tip: Automate anomaly detection and report summaries to reduce errors and manual reviews. Start a free trial — apply code SAAS50 for 50% off:,https://saasverdict.com/?utm_source=linkedin&utm_medium=group&utm_campaign=SAAS50&utm_content=power-bi-business-intelligence-dashboards-analysis-for&utm_date=20260819,
2026-08-20,AI and Web3 Payment and Fraud Professionals,https://www.linkedin.com/groups/107667/,EN,Pro tip: Deploy and monitor models faster; reduce errors and manual reviews. Start a free trial — apply code SAAS50 for 50% off:,https://saasverdict.com/?utm_source=linkedin&utm_medium=group&utm_campaign=SAAS50&utm_content=ai-and-web3-payment-and-fraud-professionals&utm_date=20260820,
2026-08-21,Banking & FinTech Connect,https://www.linkedin.com/groups/55097/,EN,Heads up: Centralize alerts and compliance automations to reduce errors and manual reviews. Start a free trial — apply code SAAS50 for 50% off:,https://saasverdict.com/?utm_source=linkedin&utm_medium=group&utm_campaign=SAAS50&utm_content=banking-fintech-connect&utm_date=20260821,
2026-08-22,Banking Careers,https://www.linkedin.com/groups/1843082/,EN,One quick win: Centralize alerts and compliance automations to reduce errors and manual reviews. Start a free trial — apply code SAAS50 for 50% off:,https://saasverdict.com/?utm_source=linkedin&utm_medium=group&utm_campaign=SAAS50&utm_content=banking-careers&utm_date=20260822,
2026-08-23,"Business Owners, Start Up Founders and Entrepreneurs",https://www.linkedin.com/groups/9503160/,EN,Short idea: Automate repeatable operations to reduce errors and manual reviews so you can focus on growth. Start a free trial — apply code SAAS50 for 50% off:,https://saasverdict.com/?utm_source=linkedin&utm_medium=group&utm_campaign=SAAS50&utm_content=business-owners-start-up-founders-and-entrepreneurs&utm_date=20260823,
2026-08-24,Business Start-up Best Practices,https://www.linkedin.com/groups/3684074/,EN,Try this: Automate repeatable operations to reduce errors and manual reviews so you can focus on growth. Start a free trial — apply code SAAS50 for 50% off:,https://saasverdict.com/?utm_source=linkedin&utm_medium=group&utm_campaign=SAAS50&utm_content=business-start-up-best-practices&utm_date=20260824,
2026-08-25,Global Crypto Bitcoin Financial Banking Digital Network,https://www.linkedin.com/groups/2256606/,EN,Question: Filter market noise and surface meaningful signals so you can reduce errors and manual reviews. Start a free trial — apply code SAAS50 for 50% off:,https://saasverdict.com/?utm_source=linkedin&utm_medium=group&utm_campaign=SAAS50&utm_content=global-crypto-bitcoin-financial-banking-digital-network&utm_date=20260825,
2026-08-26,Investment Banking Careers,https://www.linkedin.com/groups/2445872/,EN,Here's a shortcut: Centralize alerts and compliance automations to reduce errors and manual reviews. Start a free trial — apply code SAAS50 for 50% off:,https://saasverdict.com/?utm_source=linkedin&utm_medium=group&utm_campaign=SAAS50&utm_content=investment-banking-careers&utm_date=20260826,
2026-08-27,Make Money Online Instantly,https://www.linkedin.com/groups/3992943/,EN,A small win: Automate funnels and follow-ups to reduce errors and manual reviews for online revenue. Start a free trial — apply code SAAS50 for 50% off:,https://saasverdict.com/?utm_source=linkedin&utm_medium=group&utm_campaign=SAAS50&utm_content=make-money-online-instantly&utm_date=20260827,
2026-08-28,Shopify Dropshipping Community,https://www.linkedin.com/groups/12564321/,EN,"Want a faster way? Automate cart recovery, inventory checks and promos to reduce errors and manual reviews. Start a free trial — apply code SAAS50 for 50% off:",https://saasverdict.com/?utm_source=linkedin&utm_medium=group&utm_campaign=SAAS50&utm_content=shopify-dropshipping-community&utm_date=20260828,
2026-08-29,Stock Market Investing | Personal Finance,https://www.linkedin.com/groups/14210452/,EN,Quick tip: Get concise position alerts and summaries to improve conversion. Start a free trial — apply code SAAS50 for 50% off:,https://saasverdict.com/?utm_source=linkedin&utm_medium=group&utm_campaign=SAAS50&utm_content=stock-market-investing-personal-finance&utm_date=20260829,
2026-08-30,"Shopify Dropshipping US, UK, Australia, Canada",https://www.linkedin.com/groups/14303925/,EN,"Pro tip: Automate cart recovery, inventory checks and promos to improve conversion. Start a free trial — apply code SAAS50 for 50% off:",https://saasverdict.com/?utm_source=linkedin&utm_medium=group&utm_campaign=SAAS50&utm_content=shopify-dropshipping-us-uk-australia-canada&utm_date=20260830,
2026-08-31,Ecommerce and Dropshipping Business,https://www.linkedin.com/groups/13978200/,EN,"Heads up: Automate cart recovery, inventory checks and promos to improve conversion. Start a free trial — apply code SAAS50 for 50% off:",https://saasverdict.com/?utm_source=linkedin&utm_medium=group&utm_campaign=SAAS50&utm_content=ecommerce-and-dropshipping-business&utm_date=20260831,
2026-09-01,"Shopify Dropshipping Store Design & Marketing Tips For USA, UK & Ca",https://www.linkedin.com/groups/14318037/,EN,"One quick win: Automate cart recovery, inventory checks and promos to improve conversion. Start a free trial — apply code SAAS50 for 50% off:",https://saasverdict.com/?utm_source=linkedin&utm_medium=group&utm_campaign=SAAS50&utm_content=shopify-dropshipping-store-design-marketing-tips-for-usa-uk-&utm_date=20260901,
2026-09-02,"Python Developers: Machine Learning, Artificial Intelligence, Data Engineering",https://www.linkedin.com/groups/6986570/,EN,Short idea: Deploy and monitor models faster; improve conversion. Start a free trial — apply code SAAS50 for 50% off:,https://saasverdict.com/?utm_source=linkedin&utm_medium=group&utm_campaign=SAAS50&utm_content=python-developers-machine-learning-artificial-intelligence-d&utm_date=20260902,
2026-09-03,"Ai Mindshare - Artificial Intelligence, Machine Learning",https://www.linkedin.com/groups/60878/,EN,Try this: Deploy and monitor models faster; improve conversion. Start a free trial — apply code SAAS50 for 50% off:,https://saasverdict.com/?utm_source=linkedin&utm_medium=group&utm_campaign=SAAS50&utm_content=ai-mindshare-artificial-intelligence-machine-learning&utm_date=20260903,
2026-09-04,"Big Data, Analytics, Business Intelligence & Visualization Experts Community",https://www.linkedin.com/groups/23006/,EN,Question: Automate repeatable operations to improve conversion so you can focus on growth. Start a free trial — apply code SAAS50 for 50% off:,https://saasverdict.com/?utm_source=linkedin&utm_medium=group&utm_campaign=SAAS50&utm_content=big-data-analytics-business-intelligence-visualization-exper&utm_date=20260904,
2026-09-05,Bitcoin and Crypto Digital Currency Investor Network Group,https://www.linkedin.com/groups/2151027/,EN,Here's a shortcut: Filter market noise and surface meaningful signals so you can improve conversion. Start a free trial — apply code SAAS50 for 50% off:,https://saasverdict.com/?utm_source=linkedin&utm_medium=group&utm_campaign=SAAS50&utm_content=bitcoin-and-crypto-digital-currency-investor-network-group&utm_date=20260905,
2026-09-06,How to Make Money Online,https://www.linkedin.com/groups/14555308/,EN,A small win: Automate funnels and follow-ups to improve conversion for online revenue. Start a free trial — apply code SAAS50 for 50% off:,https://saasverdict.com/?utm_source=linkedin&utm_medium=group&utm_campaign=SAAS50&utm_content=how-to-make-money-online&utm_date=20260906,
2026-09-07,Internet of Things,https://www.linkedin.com/groups/73311/,EN,Want a faster way? Monitor device health and get concise alerts to improve conversion. Start a free trial — apply code SAAS50 for 50% off:,https://saasverdict.com/?utm_source=linkedin&utm_medium=group&utm_campaign=SAAS50&utm_content=internet-of-things&utm_date=20260907,
2026-09-08,Leadership Think Tank,https://www.linkedin.com/groups/39683/,EN,Quick tip: Automate routine reports and team alerts so leaders can recover lost revenue. Start a free trial — apply code SAAS50 for 50% off:,https://saasverdict.com/?utm_source=linkedin&utm_medium=group&utm_campaign=SAAS50&utm_content=leadership-think-tank&utm_date=20260908,
2026-09-09,Make Money Online and Escape The Rat Race,https://www.linkedin.com/groups/3217360/,EN,Pro tip: Automate funnels and follow-ups to recover lost revenue for online revenue. Start a free trial — apply code SAAS50 for 50% off:,https://saasverdict.com/?utm_source=linkedin&utm_medium=group&utm_campaign=SAAS50&utm_content=make-money-online-and-escape-the-rat-race&utm_date=20260909,
2026-09-10,"Power BI: Business Intelligence Dashboards, Analysis for",https://www.linkedin.com/groups/8256390/,EN,Heads up: Automate anomaly detection and report summaries to recover lost revenue. Start a free trial — apply code SAAS50 for 50% off:,https://saasverdict.com/?utm_source=linkedin&utm_medium=group&utm_campaign=SAAS50&utm_content=power-bi-business-intelligence-dashboards-analysis-for&utm_date=20260910,
2026-09-11,AI and Web3 Payment and Fraud Professionals,https://www.linkedin.com/groups/107667/,EN,One quick win: Deploy and monitor models faster; recover lost revenue. Start a free trial — apply code SAAS50 for 50% off:,https://saasverdict.com/?utm_source=linkedin&utm_medium=group&utm_campaign=SAAS50&utm_content=ai-and-web3-payment-and-fraud-professionals&utm_date=20260911,
2026-09-12,Banking & FinTech Connect,https://www.linkedin.com/groups/55097/,EN,Short idea: Centralize alerts and compliance automations to recover lost revenue. Start a free trial — apply code SAAS50 for 50% off:,https://saasverdict.com/?utm_source=linkedin&utm_medium=group&utm_campaign=SAAS50&utm_content=banking-fintech-connect&utm_date=20260912,
2026-09-13,Banking Careers,https://www.linkedin.com/groups/1843082/,EN,Try this: Centralize alerts and compliance automations to recover lost revenue. Start a free trial — apply code SAAS50 for 50% off:,https://saasverdict.com/?utm_source=linkedin&utm_medium=group&utm_campaign=SAAS50&utm_content=banking-careers&utm_date=20260913,
2026-09-14,"Business Owners, Start Up Founders and Entrepreneurs",https://www.linkedin.com/groups/9503160/,EN,Question: Automate repeatable operations to recover lost revenue so you can focus on growth. Start a free trial — apply code SAAS50 for 50% off:,https://saasverdict.com/?utm_source=linkedin&utm_medium=group&utm_campaign=SAAS50&utm_content=business-owners-start-up-founders-and-entrepreneurs&utm_date=20260914,
2026-09-15,Business Start-up Best Practices,https://www.linkedin.com/groups/3684074/,EN,Here's a shortcut: Automate repeatable operations to recover lost revenue so you can focus on growth. Start a free trial — apply code SAAS50 for 50% off:,https://saasverdict.com/?utm_source=linkedin&utm_medium=group&utm_campaign=SAAS50&utm_content=business-start-up-best-practices&utm_date=20260915,
2026-09-16,Global Crypto Bitcoin Financial Banking Digital Network,https://www.linkedin.com/groups/2256606/,EN,A small win: Filter market noise and surface meaningful signals so you can recover lost revenue. Start a free trial — apply code SAAS50 for 50% off:,https://saasverdict.com/?utm_source=linkedin&utm_medium=group&utm_campaign=SAAS50&utm_content=global-crypto-bitcoin-financial-banking-digital-network&utm_date=20260916,
2026-09-17,Investment Banking Careers,https://www.linkedin.com/groups/2445872/,EN,Want a faster way? Centralize alerts and compliance automations to recover lost revenue. Start a free trial — apply code SAAS50 for 50% off:,https://saasverdict.com/?utm_source=linkedin&utm_medium=group&utm_campaign=SAAS50&utm_content=investment-banking-careers&utm_date=20260917,
2026-09-18,Make Money Online Instantly,https://www.linkedin.com/groups/3992943/,EN,Quick tip: Automate funnels and follow-ups to free up time for strategy for online revenue. Start a free trial — apply code SAAS50 for 50% off:,https://saasverdict.com/?utm_source=linkedin&utm_medium=group&utm_campaign=SAAS50&utm_content=make-money-online-instantly&utm_date=20260918,
2026-09-19,Shopify Dropshipping Community,https://www.linkedin.com/groups/12564321/,EN,"Pro tip: Automate cart recovery, inventory checks and promos to free up time for strategy. Start a free trial — apply code SAAS50 for 50% off:",https://saasverdict.com/?utm_source=linkedin&utm_medium=group&utm_campaign=SAAS50&utm_content=shopify-dropshipping-community&utm_date=20260919,
2026-09-20,Stock Market Investing | Personal Finance,https://www.linkedin.com/groups/14210452/,EN,Heads up: Get concise position alerts and summaries to free up time for strategy. Start a free trial — apply code SAAS50 for 50% off:,https://saasverdict.com/?utm_source=linkedin&utm_medium=group&utm_campaign=SAAS50&utm_content=stock-market-investing-personal-finance&utm_date=20260920,
2026-09-21,"Shopify Dropshipping US, UK, Australia, Canada",https://www.linkedin.com/groups/14303925/,EN,"One quick win: Automate cart recovery, inventory checks and promos to free up time for strategy. Start a free trial — apply code SAAS50 for 50% off:",https://saasverdict.com/?utm_source=linkedin&utm_medium=group&utm_campaign=SAAS50&utm_content=shopify-dropshipping-us-uk-australia-canada&utm_date=20260921,
2026-09-22,Ecommerce and Dropshipping Business,https://www.linkedin.com/groups/13978200/,EN,"Short idea: Automate cart recovery, inventory checks and promos to free up time for strategy. Start a free trial — apply code SAAS50 for 50% off:",https://saasverdict.com/?utm_source=linkedin&utm_medium=group&utm_campaign=SAAS50&utm_content=ecommerce-and-dropshipping-business&utm_date=20260922,
2026-09-23,"Shopify Dropshipping Store Design & Marketing Tips For USA, UK & Ca",https://www.linkedin.com/groups/14318037/,EN,"Try this: Automate cart recovery, inventory checks and promos to free up time for strategy. Start a free trial — apply code SAAS50 for 50% off:",https://saasverdict.com/?utm_source=linkedin&utm_medium=group&utm_campaign=SAAS50&utm_content=shopify-dropshipping-store-design-marketing-tips-for-usa-uk-&utm_date=20260923,
2026-09-24,"Python Developers: Machine Learning, Artificial Intelligence, Data Engineering",https://www.linkedin.com/groups/6986570/,EN,Question: Deploy and monitor models faster; free up time for strategy. Start a free trial — apply code SAAS50 for 50% off:,https://saasverdict.com/?utm_source=linkedin&utm_medium=group&utm_campaign=SAAS50&utm_content=python-developers-machine-learning-artificial-intelligence-d&utm_date=20260924,
2026-09-25,"Ai Mindshare - Artificial Intelligence, Machine Learning",https://www.linkedin.com/groups/60878/,EN,Here's a shortcut: Deploy and monitor models faster; free up time for strategy. Start a free trial — apply code SAAS50 for 50% off:,https://saasverdict.com/?utm_source=linkedin&utm_medium=group&utm_campaign=SAAS50&utm_content=ai-mindshare-artificial-intelligence-machine-learning&utm_date=20260925,
2026-09-26,"Big Data, Analytics, Business Intelligence & Visualization Experts Community",https://www.linkedin.com/groups/23006/,EN,A small win: Automate repeatable operations to free up time for strategy so you can focus on growth. Start a free trial — apply code SAAS50 for 50% off:,https://saasverdict.com/?utm_source=linkedin&utm_medium=group&utm_campaign=SAAS50&utm_content=big-data-analytics-business-intelligence-visualization-exper&utm_date=20260926,
2026-09-27,Bitcoin and Crypto Digital Currency Investor Network Group,https://www.linkedin.com/groups/2151027/,EN,Want a faster way? Filter market noise and surface meaningful signals so you can free up time for strategy. Start a free trial — apply code SAAS50 for 50% off:,https://saasverdict.com/?utm_source=linkedin&utm_medium=group&utm_campaign=SAAS50&utm_content=bitcoin-and-crypto-digital-currency-investor-network-group&utm_date=20260927,
2026-09-28,How to Make Money Online,https://www.linkedin.com/groups/14555308/,EN,Quick tip: Automate funnels and follow-ups to scale operations without more hires for online revenue. Start a free trial — apply code SAAS50 for 50% off:,https://saasverdict.com/?utm_source=linkedin&utm_medium=group&utm_campaign=SAAS50&utm_content=how-to-make-money-online&utm_date=20260928,
2026-09-29,Internet of Things,https://www.linkedin.com/groups/73311/,EN,Pro tip: Monitor device health and get concise alerts to scale operations without more hires. Start a free trial — apply code SAAS50 for 50% off:,https://saasverdict.com/?utm_source=linkedin&utm_medium=group&utm_campaign=SAAS50&utm_content=internet-of-things&utm_date=20260929,
2026-09-30,Leadership Think Tank,https://www.linkedin.com/groups/39683/,EN,Heads up: Automate routine reports and team alerts so leaders can scale operations without more hires. Start a free trial — apply code SAAS50 for 50% off:,https://saasverdict.com/?utm_source=linkedin&utm_medium=group&utm_campaign=SAAS50&utm_content=leadership-think-tank&utm_date=20260930,
2026-10-01,Make Money Online and Escape The Rat Race,https://www.linkedin.com/groups/3217360/,EN,One quick win: Automate funnels and follow-ups to scale operations without more hires for online revenue. Start a free trial — apply code SAAS50 for 50% off:,https://saasverdict.com/?utm_source=linkedin&utm_medium=group&utm_campaign=SAAS50&utm_content=make-money-online-and-escape-the-rat-race&utm_date=20261001,
2026-10-02,"Power BI: Business Intelligence Dashboards, Analysis for",https://www.linkedin.com/groups/8256390/,EN,Short idea: Automate anomaly detection and report summaries to scale operations without more hires. Start a free trial — apply code SAAS50 for 50% off:,https://saasverdict.com/?utm_source=linkedin&utm_medium=group&utm_campaign=SAAS50&utm_content=power-bi-business-intelligence-dashboards-analysis-for&utm_date=20261002,
2026-10-03,AI and Web3 Payment and Fraud Professionals,https://www.linkedin.com/groups/107667/,EN,Try this: Deploy and monitor models faster; scale operations without more hires. Start a free trial — apply code SAAS50 for 50% off:,https://saasverdict.com/?utm_source=linkedin&utm_medium=group&utm_campaign=SAAS50&utm_content=ai-and-web3-payment-and-fraud-professionals&utm_date=20261003,
2026-10-04,Banking & FinTech Connect,https://www.linkedin.com/groups/55097/,EN,Question: Centralize alerts and compliance automations to scale operations without more hires. Start a free trial — apply code SAAS50 for 50% off:,https://saasverdict.com/?utm_source=linkedin&utm_medium=group&utm_campaign=SAAS50&utm_content=banking-fintech-connect&utm_date=20261004,
2026-10-05,Banking Careers,https://www.linkedin.com/groups/1843082/,EN,Here's a shortcut: Centralize alerts and compliance automations to scale operations without more hires. Start a free trial — apply code SAAS50 for 50% off:,https://saasverdict.com/?utm_source=linkedin&utm_medium=group&utm_campaign=SAAS50&utm_content=banking-careers&utm_date=20261005,
2026-10-06,"Business Owners, Start Up Founders and Entrepreneurs",https://www.linkedin.com/groups/9503160/,EN,A small win: Automate repeatable operations to scale operations without more hires so you can focus on growth. Start a free trial — apply code SAAS50 for 50% off:,https://saasverdict.com/?utm_source=linkedin&utm_medium=group&utm_campaign=SAAS50&utm_content=business-owners-start-up-founders-and-entrepreneurs&utm_date=20261006,
2026-10-07,Business Start-up Best Practices,https://www.linkedin.com/groups/3684074/,EN,Want a faster way? Automate repeatable operations to scale operations without more hires so you can focus on growth. Start a free trial — apply code SAAS50 for 50% off:,https://saasverdict.com/?utm_source=linkedin&utm_medium=group&utm_campaign=SAAS50&utm_content=business-start-up-best-practices&utm_date=20261007,
2026-10-08,Global Crypto Bitcoin Financial Banking Digital Network,https://www.linkedin.com/groups/2256606/,EN,Quick tip: Filter market noise and surface meaningful signals so you can speed up reporting and decisions. Start a free trial — apply code SAAS50 for 50% off:,https://saasverdict.com/?utm_source=linkedin&utm_medium=group&utm_campaign=SAAS50&utm_content=global-crypto-bitcoin-financial-banking-digital-network&utm_date=20261008,
2026-10-09,Investment Banking Careers,https://www.linkedin.com/groups/2445872/,EN,Pro tip: Centralize alerts and compliance automations to speed up reporting and decisions. Start a free trial — apply code SAAS50 for 50% off:,https://saasverdict.com/?utm_source=linkedin&utm_medium=group&utm_campaign=SAAS50&utm_content=investment-banking-careers&utm_date=20261009,
2026-10-10,Make Money Online Instantly,https://www.linkedin.com/groups/3992943/,EN,Heads up: Automate funnels and follow-ups to speed up reporting and decisions for online revenue. Start a free trial — apply code SAAS50 for 50% off:,https://saasverdict.com/?utm_source=linkedin&utm_medium=group&utm_campaign=SAAS50&utm_content=make-money-online-instantly&utm_date=20261010,
2026-10-11,Shopify Dropshipping Community,https://www.linkedin.com/groups/12564321/,EN,"One quick win: Automate cart recovery, inventory checks and promos to speed up reporting and decisions. Start a free trial — apply code SAAS50 for 50% off:",https://saasverdict.com/?utm_source=linkedin&utm_medium=group&utm_campaign=SAAS50&utm_content=shopify-dropshipping-community&utm_date=20261011,
2026-10-12,Stock Market Investing | Personal Finance,https://www.linkedin.com/groups/14210452/,EN,Short idea: Get concise position alerts and summaries to speed up reporting and decisions. Start a free trial — apply code SAAS50 for 50% off:,https://saasverdict.com/?utm_source=linkedin&utm_medium=group&utm_campaign=SAAS50&utm_content=stock-market-investing-personal-finance&utm_date=20261012,
2026-10-13,"Shopify Dropshipping US, UK, Australia, Canada",https://www.linkedin.com/groups/14303925/,EN,"Try this: Automate cart recovery, inventory checks and promos to speed up reporting and decisions. Start a free trial — apply code SAAS50 for 50% off:",https://saasverdict.com/?utm_source=linkedin&utm_medium=group&utm_campaign=SAAS50&utm_content=shopify-dropshipping-us-uk-australia-canada&utm_date=20261013,
2026-10-14,Ecommerce and Dropshipping Business,https://www.linkedin.com/groups/13978200/,EN,"Question: Automate cart recovery, inventory checks and promos to speed up reporting and decisions. Start a free trial — apply code SAAS50 for 50% off:",https://saasverdict.com/?utm_source=linkedin&utm_medium=group&utm_campaign=SAAS50&utm_content=ecommerce-and-dropshipping-business&utm_date=20261014,
2026-10-15,"Shopify Dropshipping Store Design & Marketing Tips For USA, UK & Ca",https://www.linkedin.com/groups/14318037/,EN,"Here's a shortcut: Automate cart recovery, inventory checks and promos to speed up reporting and decisions. Start a free trial — apply code SAAS50 for 50% off:",https://saasverdict.com/?utm_source=linkedin&utm_medium=group&utm_campaign=SAAS50&utm_content=shopify-dropshipping-store-design-marketing-tips-for-usa-uk-&utm_date=20261015,
2026-10-16,"Python Developers: Machine Learning, Artificial Intelligence, Data Engineering",https://www.linkedin.com/groups/6986570/,EN,A small win: Deploy and monitor models faster; speed up reporting and decisions. Start a free trial — apply code SAAS50 for 50% off:,https://saasverdict.com/?utm_source=linkedin&utm_medium=group&utm_campaign=SAAS50&utm_content=python-developers-machine-learning-artificial-intelligence-d&utm_date=20261016,
2026-10-17,"Ai Mindshare - Artificial Intelligence, Machine Learning",https://www.linkedin.com/groups/60878/,EN,Want a faster way? Deploy and monitor models faster; speed up reporting and decisions. Start a free trial — apply code SAAS50 for 50% off:,https://saasverdict.com/?utm_source=linkedin&utm_medium=group&utm_campaign=SAAS50&utm_content=ai-mindshare-artificial-intelligence-machine-learning&utm_date=20261017,
2026-10-18,"Big Data, Analytics, Business Intelligence & Visualization Experts Community",https://www.linkedin.com/groups/23006/,EN,Quick tip: Automate repeatable operations to reduce alert noise and false positives so you can focus on growth. Start a free trial — apply code SAAS50 for 50% off:,https://saasverdict.com/?utm_source=linkedin&utm_medium=group&utm_campaign=SAAS50&utm_content=big-data-analytics-business-intelligence-visualization-exper&utm_date=20261018,
2026-10-19,Bitcoin and Crypto Digital Currency Investor Network Group,https://www.linkedin.com/groups/2151027/,EN,Pro tip: Filter market noise and surface meaningful signals so you can reduce alert noise and false positives. Start a free trial — apply code SAAS50 for 50% off:,https://saasverdict.com/?utm_source=linkedin&utm_medium=group&utm_campaign=SAAS50&utm_content=bitcoin-and-crypto-digital-currency-investor-network-group&utm_date=20261019,
2026-10-20,How to Make Money Online,https://www.linkedin.com/groups/14555308/,EN,Heads up: Automate funnels and follow-ups to reduce alert noise and false positives for online revenue. Start a free trial — apply code SAAS50 for 50% off:,https://saasverdict.com/?utm_source=linkedin&utm_medium=group&utm_campaign=SAAS50&utm_content=how-to-make-money-online&utm_date=20261020,
2026-10-21,Internet of Things,https://www.linkedin.com/groups/73311/,EN,One quick win: Monitor device health and get concise alerts to reduce alert noise and false positives. Start a free trial — apply code SAAS50 for 50% off:,https://saasverdict.com/?utm_source=linkedin&utm_medium=group&utm_campaign=SAAS50&utm_content=internet-of-things&utm_date=20261021,
2026-10-22,Leadership Think Tank,https://www.linkedin.com/groups/39683/,EN,Short idea: Automate routine reports and team alerts so leaders can reduce alert noise and false positives. Start a free trial — apply code SAAS50 for 50% off:,https://saasverdict.com/?utm_source=linkedin&utm_medium=group&utm_campaign=SAAS50&utm_content=leadership-think-tank&utm_date=20261022,
2026-10-23,Make Money Online and Escape The Rat Race,https://www.linkedin.com/groups/3217360/,EN,Try this: Automate funnels and follow-ups to reduce alert noise and false positives for online revenue. Start a free trial — apply code SAAS50 for 50% off:,https://saasverdict.com/?utm_source=linkedin&utm_medium=group&utm_campaign=SAAS50&utm_content=make-money-online-and-escape-the-rat-race&utm_date=20261023,
2026-10-24,"Power BI: Business Intelligence Dashboards, Analysis for",https://www.linkedin.com/groups/8256390/,EN,Question: Automate anomaly detection and report summaries to reduce alert noise and false positives. Start a free trial — apply code SAAS50 for 50% off:,https://saasverdict.com/?utm_source=linkedin&utm_medium=group&utm_campaign=SAAS50&utm_content=power-bi-business-intelligence-dashboards-analysis-for&utm_date=20261024,
2026-10-25,AI and Web3 Payment and Fraud Professionals,https://www.linkedin.com/groups/107667/,EN,Here's a shortcut: Deploy and monitor models faster; reduce alert noise and false positives. Start a free trial — apply code SAAS50 for 50% off:,https://saasverdict.com/?utm_source=linkedin&utm_medium=group&utm_campaign=SAAS50&utm_content=ai-and-web3-payment-and-fraud-professionals&utm_date=20261025,
2026-10-26,Banking & FinTech Connect,https://www.linkedin.com/groups/55097/,EN,A small win: Centralize alerts and compliance automations to reduce alert noise and false positives. Start a free trial — apply code SAAS50 for 50% off:,https://saasverdict.com/?utm_source=linkedin&utm_medium=group&utm_campaign=SAAS50&utm_content=banking-fintech-connect&utm_date=20261026,
2026-10-27,Banking Careers,https://www.linkedin.com/groups/1843082/,EN,Want a faster way? Centralize alerts and compliance automations to reduce alert noise and false positives. Start a free trial — apply code SAAS50 for 50% off:,https://saasverdict.com/?utm_source=linkedin&utm_medium=group&utm_campaign=SAAS50&utm_content=banking-careers&utm_date=20261027,
2026-10-28,"Business Owners, Start Up Founders and Entrepreneurs",https://www.linkedin.com/groups/9503160/,EN,Quick tip: Automate repeatable operations to cut repetitive work and focus on growth so you can focus on growth. Start a free trial — apply code SAAS50 for 50% off:,https://saasverdict.com/?utm_source=linkedin&utm_medium=group&utm_campaign=SAAS50&utm_content=business-owners-start-up-founders-and-entrepreneurs&utm_date=20261028,
2026-10-29,Business Start-up Best Practices,https://www.linkedin.com/groups/3684074/,EN,Pro tip: Automate repeatable operations to cut repetitive work and focus on growth so you can focus on growth. Start a free trial — apply code SAAS50 for 50% off:,https://saasverdict.com/?utm_source=linkedin&utm_medium=group&utm_campaign=SAAS50&utm_content=business-start-up-best-practices&utm_date=20261029,
2026-10-30,Global Crypto Bitcoin Financial Banking Digital Network,https://www.linkedin.com/groups/2256606/,EN,Heads up: Filter market noise and surface meaningful signals so you can cut repetitive work and focus on growth. Start a free trial — apply code SAAS50 for 50% off:,https://saasverdict.com/?utm_source=linkedin&utm_medium=group&utm_campaign=SAAS50&utm_content=global-crypto-bitcoin-financial-banking-digital-network&utm_date=20261030,
2026-10-31,Investment Banking Careers,https://www.linkedin.com/groups/2445872/,EN,One quick win: Centralize alerts and compliance automations to cut repetitive work and focus on growth. Start a free trial — apply code SAAS50 for 50% off:,https://saasverdict.com/?utm_source=linkedin&utm_medium=group&utm_campaign=SAAS50&utm_content=investment-banking-careers&utm_date=20261031,
2026-11-01,Make Money Online Instantly,https://www.linkedin.com/groups/3992943/,EN,Short idea: Automate funnels and follow-ups to cut repetitive work and focus on growth for online revenue. Start a free trial — apply code SAAS50 for 50% off:,https://saasverdict.com/?utm_source=linkedin&utm_medium=group&utm_campaign=SAAS50&utm_content=make-money-online-instantly&utm_date=20261101,
2026-11-02,Shopify Dropshipping Community,https://www.linkedin.com/groups/12564321/,EN,"Try this: Automate cart recovery, inventory checks and promos to cut repetitive work and focus on growth. Start a free trial — apply code SAAS50 for 50% off:",https://saasverdict.com/?utm_source=linkedin&utm_medium=group&utm_campaign=SAAS50&utm_content=shopify-dropshipping-community&utm_date=20261102,
2026-11-03,Stock Market Investing | Personal Finance,https://www.linkedin.com/groups/14210452/,EN,Question: Get concise position alerts and summaries to cut repetitive work and focus on growth. Start a free trial — apply code SAAS50 for 50% off:,https://saasverdict.com/?utm_source=linkedin&utm_medium=group&utm_campaign=SAAS50&utm_content=stock-market-investing-personal-finance&utm_date=20261103,
2026-11-04,"Shopify Dropshipping US, UK, Australia, Canada",https://www.linkedin.com/groups/14303925/,EN,"Here's a shortcut: Automate cart recovery, inventory checks and promos to cut repetitive work and focus on growth. Start a free trial — apply code SAAS50 for 50% off:",https://saasverdict.com/?utm_source=linkedin&utm_medium=group&utm_campaign=SAAS50&utm_content=shopify-dropshipping-us-uk-australia-canada&utm_date=20261104,
2026-11-05,Ecommerce and Dropshipping Business,https://www.linkedin.com/groups/13978200/,EN,"A small win: Automate cart recovery, inventory checks and promos to cut repetitive work and focus on growth. Start a free trial — apply code SAAS50 for 50% off:",https://saasverdict.com/?utm_source=linkedin&utm_medium=group&utm_campaign=SAAS50&utm_content=ecommerce-and-dropshipping-business&utm_date=20261105,
2026-11-06,"Shopify Dropshipping Store Design & Marketing Tips For USA, UK & Ca",https://www.linkedin.com/groups/14318037/,EN,"Want a faster way? Automate cart recovery, inventory checks and promos to cut repetitive work and focus on growth. Start a free trial — apply code SAAS50 for 50% off:",https://saasverdict.com/?utm_source=linkedin&utm_medium=group&utm_campaign=SAAS50&utm_content=shopify-dropshipping-store-design-marketing-tips-for-usa-uk-&utm_date=20261106,
2026-11-07,"Python Developers: Machine Learning, Artificial Intelligence, Data Engineering",https://www.linkedin.com/groups/6986570/,EN,Quick tip: Deploy and monitor models faster; improve monitoring accuracy and actionability. Start a free trial — apply code SAAS50 for 50% off:,https://saasverdict.com/?utm_source=linkedin&utm_medium=group&utm_campaign=SAAS50&utm_content=python-developers-machine-learning-artificial-intelligence-d&utm_date=20261107,
2026-11-08,"Ai Mindshare - Artificial Intelligence, Machine Learning",https://www.linkedin.com/groups/60878/,EN,Pro tip: Deploy and monitor models faster; improve monitoring accuracy and actionability. Start a free trial — apply code SAAS50 for 50% off:,https://saasverdict.com/?utm_source=linkedin&utm_medium=group&utm_campaign=SAAS50&utm_content=ai-mindshare-artificial-intelligence-machine-learning&utm_date=20261108,
2026-11-09,"Big Data, Analytics, Business Intelligence & Visualization Experts Community",https://www.linkedin.com/groups/23006/,EN,Heads up: Automate repeatable operations to improve monitoring accuracy and actionability so you can focus on growth. Start a free trial — apply code SAAS50 for 50% off:,https://saasverdict.com/?utm_source=linkedin&utm_medium=group&utm_campaign=SAAS50&utm_content=big-data-analytics-business-intelligence-visualization-exper&utm_date=20261109,
2026-11-10,Bitcoin and Crypto Digital Currency Investor Network Group,https://www.linkedin.com/groups/2151027/,EN,One quick win: Filter market noise and surface meaningful signals so you can improve monitoring accuracy and actionability. Start a free trial — apply code SAAS50 for 50% off:,https://saasverdict.com/?utm_source=linkedin&utm_medium=group&utm_campaign=SAAS50&utm_content=bitcoin-and-crypto-digital-currency-investor-network-group&utm_date=20261110,
2026-11-11,How to Make Money Online,https://www.linkedin.com/groups/14555308/,EN,Short idea: Automate funnels and follow-ups to improve monitoring accuracy and actionability for online revenue. Start a free trial — apply code SAAS50 for 50% off:,https://saasverdict.com/?utm_source=linkedin&utm_medium=group&utm_campaign=SAAS50&utm_content=how-to-make-money-online&utm_date=20261111,
2026-11-12,Internet of Things,https://www.linkedin.com/groups/73311/,EN,Try this: Monitor device health and get concise alerts to improve monitoring accuracy and actionability. Start a free trial — apply code SAAS50 for 50% off:,https://saasverdict.com/?utm_source=linkedin&utm_medium=group&utm_campaign=SAAS50&utm_content=internet-of-things&utm_date=20261112,
2026-11-13,Leadership Think Tank,https://www.linkedin.com/groups/39683/,EN,Question: Automate routine reports and team alerts so leaders can improve monitoring accuracy and actionability. Start a free trial — apply code SAAS50 for 50% off:,https://saasverdict.com/?utm_source=linkedin&utm_medium=group&utm_campaign=SAAS50&utm_content=leadership-think-tank&utm_date=20261113,
2026-11-14,Make Money Online and Escape The Rat Race,https://www.linkedin.com/groups/3217360/,EN,Here's a shortcut: Automate funnels and follow-ups to improve monitoring accuracy and actionability for online revenue. Start a free trial — apply code SAAS50 for 50% off:,https://saasverdict.com/?utm_source=linkedin&utm_medium=group&utm_campaign=SAAS50&utm_content=make-money-online-and-escape-the-rat-race&utm_date=20261114,
2026-11-15,"Power BI: Business Intelligence Dashboards, Analysis for",https://www.linkedin.com/groups/8256390/,EN,A small win: Automate anomaly detection and report summaries to improve monitoring accuracy and actionability. Start a free trial — apply code SAAS50 for 50% off:,https://saasverdict.com/?utm_source=linkedin&utm_medium=group&utm_campaign=SAAS50&utm_content=power-bi-business-intelligence-dashboards-analysis-for&utm_date=20261115,
2026-11-16,AI and Web3 Payment and Fraud Professionals,https://www.linkedin.com/groups/107667/,EN,Want a faster way? Deploy and monitor models faster; improve monitoring accuracy and actionability. Start a free trial — apply code SAAS50 for 50% off:,https://saasverdict.com/?utm_source=linkedin&utm_medium=group&utm_campaign=SAAS50&utm_content=ai-and-web3-payment-and-fraud-professionals&utm_date=20261116,
2026-11-17,Banking & FinTech Connect,https://www.linkedin.com/groups/55097/,EN,Quick tip: Centralize alerts and compliance automations to save hours each week. See a quick demo — enter SAAS50 for 50% off:,https://saasverdict.com/?utm_source=linkedin&utm_medium=group&utm_campaign=SAAS50&utm_content=banking-fintech-connect&utm_date=20261117,
2026-11-18,Banking Careers,https://www.linkedin.com/groups/1843082/,EN,Pro tip: Centralize alerts and compliance automations to save hours each week. See a quick demo — enter SAAS50 for 50% off:,https://saasverdict.com/?utm_source=linkedin&utm_medium=group&utm_campaign=SAAS50&utm_content=banking-careers&utm_date=20261118,
2026-11-19,"Business Owners, Start Up Founders and Entrepreneurs",https://www.linkedin.com/groups/9503160/,EN,Heads up: Automate repeatable operations to save hours each week so you can focus on growth. See a quick demo — enter SAAS50 for 50% off:,https://saasverdict.com/?utm_source=linkedin&utm_medium=group&utm_campaign=SAAS50&utm_content=business-owners-start-up-founders-and-entrepreneurs&utm_date=20261119,
2026-11-20,Business Start-up Best Practices,https://www.linkedin.com/groups/3684074/,EN,One quick win: Automate repeatable operations to save hours each week so you can focus on growth. See a quick demo — enter SAAS50 for 50% off:,https://saasverdict.com/?utm_source=linkedin&utm_medium=group&utm_campaign=SAAS50&utm_content=business-start-up-best-practices&utm_date=20261120,
2026-11-21,Global Crypto Bitcoin Financial Banking Digital Network,https://www.linkedin.com/groups/2256606/,EN,Short idea: Filter market noise and surface meaningful signals so you can save hours each week. See a quick demo — enter SAAS50 for 50% off:,https://saasverdict.com/?utm_source=linkedin&utm_medium=group&utm_campaign=SAAS50&utm_content=global-crypto-bitcoin-financial-banking-digital-network&utm_date=20261121,
2026-11-22,Investment Banking Careers,https://www.linkedin.com/groups/2445872/,EN,Try this: Centralize alerts and compliance automations to save hours each week. See a quick demo — enter SAAS50 for 50% off:,https://saasverdict.com/?utm_source=linkedin&utm_medium=group&utm_campaign=SAAS50&utm_content=investment-banking-careers&utm_date=20261122,
2026-11-23,Make Money Online Instantly,https://www.linkedin.com/groups/3992943/,EN,Question: Automate funnels and follow-ups to save hours each week for online revenue. See a quick demo — enter SAAS50 for 50% off:,https://saasverdict.com/?utm_source=linkedin&utm_medium=group&utm_campaign=SAAS50&utm_content=make-money-online-instantly&utm_date=20261123,
2026-11-24,Shopify Dropshipping Community,https://www.linkedin.com/groups/12564321/,EN,"Here's a shortcut: Automate cart recovery, inventory checks and promos to save hours each week. See a quick demo — enter SAAS50 for 50% off:",https://saasverdict.com/?utm_source=linkedin&utm_medium=group&utm_campaign=SAAS50&utm_content=shopify-dropshipping-community&utm_date=20261124,
2026-11-25,Stock Market Investing | Personal Finance,https://www.linkedin.com/groups/14210452/,EN,A small win: Get concise position alerts and summaries to save hours each week. See a quick demo — enter SAAS50 for 50% off:,https://saasverdict.com/?utm_source=linkedin&utm_medium=group&utm_campaign=SAAS50&utm_content=stock-market-investing-personal-finance&utm_date=20261125,
2026-11-26,"Shopify Dropshipping US, UK, Australia, Canada",https://www.linkedin.com/groups/14303925/,EN,"Want a faster way? Automate cart recovery, inventory checks and promos to save hours each week. See a quick demo — enter SAAS50 for 50% off:",https://saasverdict.com/?utm_source=linkedin&utm_medium=group&utm_campaign=SAAS50&utm_content=shopify-dropshipping-us-uk-australia-canada&utm_date=20261126,
2026-11-27,Ecommerce and Dropshipping Business,https://www.linkedin.com/groups/13978200/,EN,"Quick tip: Automate cart recovery, inventory checks and promos to reduce errors and manual reviews. See a quick demo — enter SAAS50 for 50% off:",https://saasverdict.com/?utm_source=linkedin&utm_medium=group&utm_campaign=SAAS50&utm_content=ecommerce-and-dropshipping-business&utm_date=20261127,
2026-11-28,"Shopify Dropshipping Store Design & Marketing Tips For USA, UK & Ca",https://www.linkedin.com/groups/14318037/,EN,"Pro tip: Automate cart recovery, inventory checks and promos to reduce errors and manual reviews. See a quick demo — enter SAAS50 for 50% off:",https://saasverdict.com/?utm_source=linkedin&utm_medium=group&utm_campaign=SAAS50&utm_content=shopify-dropshipping-store-design-marketing-tips-for-usa-uk-&utm_date=20261128,
2026-11-29,"Python Developers: Machine Learning, Artificial Intelligence, Data Engineering",https://www.linkedin.com/groups/6986570/,EN,Heads up: Deploy and monitor models faster; reduce errors and manual reviews. See a quick demo — enter SAAS50 for 50% off:,https://saasverdict.com/?utm_source=linkedin&utm_medium=group&utm_campaign=SAAS50&utm_content=python-developers-machine-learning-artificial-intelligence-d&utm_date=20261129,
2026-11-30,"Ai Mindshare - Artificial Intelligence, Machine Learning",https://www.linkedin.com/groups/60878/,EN,One quick win: Deploy and monitor models faster; reduce errors and manual reviews. See a quick demo — enter SAAS50 for 50% off:,https://saasverdict.com/?utm_source=linkedin&utm_medium=group&utm_campaign=SAAS50&utm_content=ai-mindshare-artificial-intelligence-machine-learning&utm_date=20261130,
2026-12-01,"Big Data, Analytics, Business Intelligence & Visualization Experts Community",https://www.linkedin.com/groups/23006/,EN,Short idea: Automate repeatable operations to reduce errors and manual reviews so you can focus on growth. See a quick demo — enter SAAS50 for 50% off:,https://saasverdict.com/?utm_source=linkedin&utm_medium=group&utm_campaign=SAAS50&utm_content=big-data-analytics-business-intelligence-visualization-exper&utm_date=20261201,
2026-12-02,Bitcoin and Crypto Digital Currency Investor Network Group,https://www.linkedin.com/groups/2151027/,EN,Try this: Filter market noise and surface meaningful signals so you can reduce errors and manual reviews. See a quick demo — enter SAAS50 for 50% off:,https://saasverdict.com/?utm_source=linkedin&utm_medium=group&utm_campaign=SAAS50&utm_content=bitcoin-and-crypto-digital-currency-investor-network-group&utm_date=20261202,
2026-12-03,How to Make Money Online,https://www.linkedin.com/groups/14555308/,EN,Question: Automate funnels and follow-ups to reduce errors and manual reviews for online revenue. See a quick demo — enter SAAS50 for 50% off:,https://saasverdict.com/?utm_source=linkedin&utm_medium=group&utm_campaign=SAAS50&utm_content=how-to-make-money-online&utm_date=20261203,
2026-12-04,Internet of Things,https://www.linkedin.com/groups/73311/,EN,Here's a shortcut: Monitor device health and get concise alerts to reduce errors and manual reviews. See a quick demo — enter SAAS50 for 50% off:,https://saasverdict.com/?utm_source=linkedin&utm_medium=group&utm_campaign=SAAS50&utm_content=internet-of-things&utm_date=20261204,
2026-12-05,Leadership Think Tank,https://www.linkedin.com/groups/39683/,EN,A small win: Automate routine reports and team alerts so leaders can reduce errors and manual reviews. See a quick demo — enter SAAS50 for 50% off:,https://saasverdict.com/?utm_source=linkedin&utm_medium=group&utm_campaign=SAAS50&utm_content=leadership-think-tank&utm_date=20261205,
2026-12-06,Make Money Online and Escape The Rat Race,https://www.linkedin.com/groups/3217360/,EN,Want a faster way? Automate funnels and follow-ups to reduce errors and manual reviews for online revenue. See a quick demo — enter SAAS50 for 50% off:,https://saasverdict.com/?utm_source=linkedin&utm_medium=group&utm_campaign=SAAS50&utm_content=make-money-online-and-escape-the-rat-race&utm_date=20261206,
2026-12-07,"Power BI: Business Intelligence Dashboards, Analysis for",https://www.linkedin.com/groups/8256390/,EN,Quick tip: Automate anomaly detection and report summaries to improve conversion. See a quick demo — enter SAAS50 for 50% off:,https://saasverdict.com/?utm_source=linkedin&utm_medium=group&utm_campaign=SAAS50&utm_content=power-bi-business-intelligence-dashboards-analysis-for&utm_date=20261207,
2026-12-08,AI and Web3 Payment and Fraud Professionals,https://www.linkedin.com/groups/107667/,EN,Pro tip: Deploy and monitor models faster; improve conversion. See a quick demo — enter SAAS50 for 50% off:,https://saasverdict.com/?utm_source=linkedin&utm_medium=group&utm_campaign=SAAS50&utm_content=ai-and-web3-payment-and-fraud-professionals&utm_date=20261208,
2026-12-09,Banking & FinTech Connect,https://www.linkedin.com/groups/55097/,EN,Heads up: Centralize alerts and compliance automations to improve conversion. See a quick demo — enter SAAS50 for 50% off:,https://saasverdict.com/?utm_source=linkedin&utm_medium=group&utm_campaign=SAAS50&utm_content=banking-fintech-connect&utm_date=20261209,
2026-12-10,Banking Careers,https://www.linkedin.com/groups/1843082/,EN,One quick win: Centralize alerts and compliance automations to improve conversion. See a quick demo — enter SAAS50 for 50% off:,https://saasverdict.com/?utm_source=linkedin&utm_medium=group&utm_campaign=SAAS50&utm_content=banking-careers&utm_date=20261210,
2026-12-11,"Business Owners, Start Up Founders and Entrepreneurs",https://www.linkedin.com/groups/9503160/,EN,Short idea: Automate repeatable operations to improve conversion so you can focus on growth. See a quick demo — enter SAAS50 for 50% off:,https://saasverdict.com/?utm_source=linkedin&utm_medium=group&utm_campaign=SAAS50&utm_content=business-owners-start-up-founders-and-entrepreneurs&utm_date=20261211,
2026-12-12,Business Start-up Best Practices,https://www.linkedin.com/groups/3684074/,EN,Try this: Automate repeatable operations to improve conversion so you can focus on growth. See a quick demo — enter SAAS50 for 50% off:,https://saasverdict.com/?utm_source=linkedin&utm_medium=group&utm_campaign=SAAS50&utm_content=business-start-up-best-practices&utm_date=20261212,
2026-12-13,Global Crypto Bitcoin Financial Banking Digital Network,https://www.linkedin.com/groups/2256606/,EN,Question: Filter market noise and surface meaningful signals so you can improve conversion. See a quick demo — enter SAAS50 for 50% off:,https://saasverdict.com/?utm_source=linkedin&utm_medium=group&utm_campaign=SAAS50&utm_content=global-crypto-bitcoin-financial-banking-digital-network&utm_date=20261213,
2026-12-14,Investment Banking Careers,https://www.linkedin.com/groups/2445872/,EN,Here's a shortcut: Centralize alerts and compliance automations to improve conversion. See a quick demo — enter SAAS50 for 50% off:,https://saasverdict.com/?utm_source=linkedin&utm_medium=group&utm_campaign=SAAS50&utm_content=investment-banking-careers&utm_date=20261214,
2026-12-15,Make Money Online Instantly,https://www.linkedin.com/groups/3992943/,EN,A small win: Automate funnels and follow-ups to improve conversion for online revenue. See a quick demo — enter SAAS50 for 50% off:,https://saasverdict.com/?utm_source=linkedin&utm_medium=group&utm_campaign=SAAS50&utm_content=make-money-online-instantly&utm_date=20261215,
2026-12-16,Shopify Dropshipping Community,https://www.linkedin.com/groups/12564321/,EN,"Want a faster way? Automate cart recovery, inventory checks and promos to improve conversion. See a quick demo — enter SAAS50 for 50% off:",https://saasverdict.com/?utm_source=linkedin&utm_medium=group&utm_campaign=SAAS50&utm_content=shopify-dropshipping-community&utm_date=20261216,
2026-12-17,Stock Market Investing | Personal Finance,https://www.linkedin.com/groups/14210452/,EN,Quick tip: Get concise position alerts and summaries to recover lost revenue. See a quick demo — enter SAAS50 for 50% off:,https://saasverdict.com/?utm_source=linkedin&utm_medium=group&utm_campaign=SAAS50&utm_content=stock-market-investing-personal-finance&utm_date=20261217,
2026-12-18,"Shopify Dropshipping US, UK, Australia, Canada",https://www.linkedin.com/groups/14303925/,EN,"Pro tip: Automate cart recovery, inventory checks and promos to recover lost revenue. See a quick demo — enter SAAS50 for 50% off:",https://saasverdict.com/?utm_source=linkedin&utm_medium=group&utm_campaign=SAAS50&utm_content=shopify-dropshipping-us-uk-australia-canada&utm_date=20261218,
2026-12-19,Ecommerce and Dropshipping Business,https://www.linkedin.com/groups/13978200/,EN,"Heads up: Automate cart recovery, inventory checks and promos to recover lost revenue. See a quick demo — enter SAAS50 for 50% off:",https://saasverdict.com/?utm_source=linkedin&utm_medium=group&utm_campaign=SAAS50&utm_content=ecommerce-and-dropshipping-business&utm_date=20261219,
2026-12-20,"Shopify Dropshipping Store Design & Marketing Tips For USA, UK & Ca",https://www.linkedin.com/groups/14318037/,EN,"One quick win: Automate cart recovery, inventory checks and promos to recover lost revenue. See a quick demo — enter SAAS50 for 50% off:",https://saasverdict.com/?utm_source=linkedin&utm_medium=group&utm_campaign=SAAS50&utm_content=shopify-dropshipping-store-design-marketing-tips-for-usa-uk-&utm_date=20261220,
2026-12-21,"Python Developers: Machine Learning, Artificial Intelligence, Data Engineering",https://www.linkedin.com/groups/6986570/,EN,Short idea: Deploy and monitor models faster; recover lost revenue. See a quick demo — enter SAAS50 for 50% off:,https://saasverdict.com/?utm_source=linkedin&utm_medium=group&utm_campaign=SAAS50&utm_content=python-developers-machine-learning-artificial-intelligence-d&utm_date=20261221,
2026-12-22,"Ai Mindshare - Artificial Intelligence, Machine Learning",https://www.linkedin.com/groups/60878/,EN,Try this: Deploy and monitor models faster; recover lost revenue. See a quick demo — enter SAAS50 for 50% off:,https://saasverdict.com/?utm_source=linkedin&utm_medium=group&utm_campaign=SAAS50&utm_content=ai-mindshare-artificial-intelligence-machine-learning&utm_date=20261222,
2026-12-23,"Big Data, Analytics, Business Intelligence & Visualization Experts Community",https://www.linkedin.com/groups/23006/,EN,Question: Automate repeatable operations to recover lost revenue so you can focus on growth. See a quick demo — enter SAAS50 for 50% off:,https://saasverdict.com/?utm_source=linkedin&utm_medium=group&utm_campaign=SAAS50&utm_content=big-data-analytics-business-intelligence-visualization-exper&utm_date=20261223,
2026-12-24,Bitcoin and Crypto Digital Currency Investor Network Group,https://www.linkedin.com/groups/2151027/,EN,Here's a shortcut: Filter market noise and surface meaningful signals so you can recover lost revenue. See a quick demo — enter SAAS50 for 50% off:,https://saasverdict.com/?utm_source=linkedin&utm_medium=group&utm_campaign=SAAS50&utm_content=bitcoin-and-crypto-digital-currency-investor-network-group&utm_date=20261224,
2026-12-25,How to Make Money Online,https://www.linkedin.com/groups/14555308/,EN,A small win: Automate funnels and follow-ups to recover lost revenue for online revenue. See a quick demo — enter SAAS50 for 50% off:,https://saasverdict.com/?utm_source=linkedin&utm_medium=group&utm_campaign=SAAS50&utm_content=how-to-make-money-online&utm_date=20261225,
2026-12-26,Internet of Things,https://www.linkedin.com/groups/73311/,EN,Want a faster way? Monitor device health and get concise alerts to recover lost revenue. See a quick demo — enter SAAS50 for 50% off:,https://saasverdict.com/?utm_source=linkedin&utm_medium=group&utm_campaign=SAAS50&utm_content=internet-of-things&utm_date=20261226,
2026-12-27,Leadership Think Tank,https://www.linkedin.com/groups/39683/,EN,Quick tip: Automate routine reports and team alerts so leaders can free up time for strategy. See a quick demo — enter SAAS50 for 50% off:,https://saasverdict.com/?utm_source=linkedin&utm_medium=group&utm_campaign=SAAS50&utm_content=leadership-think-tank&utm_date=20261227,
2026-12-28,Make Money Online and Escape The Rat Race,https://www.linkedin.com/groups/3217360/,EN,Pro tip: Automate funnels and follow-ups to free up time for strategy for online revenue. See a quick demo — enter SAAS50 for 50% off:,https://saasverdict.com/?utm_source=linkedin&utm_medium=group&utm_campaign=SAAS50&utm_content=make-money-online-and-escape-the-rat-race&utm_date=20261228,
2026-12-29,"Power BI: Business Intelligence Dashboards, Analysis for",https://www.linkedin.com/groups/8256390/,EN,Heads up: Automate anomaly detection and report summaries to free up time for strategy. See a quick demo — enter SAAS50 for 50% off:,https://saasverdict.com/?utm_source=linkedin&utm_medium=group&utm_campaign=SAAS50&utm_content=power-bi-business-intelligence-dashboards-analysis-for&utm_date=20261229,
2026-12-30,AI and Web3 Payment and Fraud Professionals,https://www.linkedin.com/groups/107667/,EN,One quick win: Deploy and monitor models faster; free up time for strategy. See a quick demo — enter SAAS50 for 50% off:,https://saasverdict.com/?utm_source=linkedin&utm_medium=group&utm_campaign=SAAS50&utm_content=ai-and-web3-payment-and-fraud-professionals&utm_date=20261230,
2026-12-31,Banking & FinTech Connect,https://www.linkedin.com/groups/55097/,EN,Short idea: Centralize alerts and compliance automations to free up time for strategy. See a quick demo — enter SAAS50 for 50% off:,https://saasverdict.com/?utm_source=linkedin&utm_medium=group&utm_campaign=SAAS50&utm_content=banking-fintech-connect&utm_date=20261231,
2027-01-01,Banking Careers,https://www.linkedin.com/groups/1843082/,EN,Try this: Centralize alerts and compliance automations to free up time for strategy. See a quick demo — enter SAAS50 for 50% off:,https://saasverdict.com/?utm_source=linkedin&utm_medium=group&utm_campaign=SAAS50&utm_content=banking-careers&utm_date=20270101,
2027-01-02,"Business Owners, Start Up Founders and Entrepreneurs",https://www.linkedin.com/groups/9503160/,EN,Question: Automate repeatable operations to free up time for strategy so you can focus on growth. See a quick demo — enter SAAS50 for 50% off:,https://saasverdict.com/?utm_source=linkedin&utm_medium=group&utm_campaign=SAAS50&utm_content=business-owners-start-up-founders-and-entrepreneurs&utm_date=20270102,
2027-01-03,Business Start-up Best Practices,https://www.linkedin.com/groups/3684074/,EN,Here's a shortcut: Automate repeatable operations to free up time for strategy so you can focus on growth. See a quick demo — enter SAAS50 for 50% off:,https://saasverdict.com/?utm_source=linkedin&utm_medium=group&utm_campaign=SAAS50&utm_content=business-start-up-best-practices&utm_date=20270103,
2027-01-04,Global Crypto Bitcoin Financial Banking Digital Network,https://www.linkedin.com/groups/2256606/,EN,A small win: Filter market noise and surface meaningful signals so you can free up time for strategy. See a quick demo — enter SAAS50 for 50% off:,https://saasverdict.com/?utm_source=linkedin&utm_medium=group&utm_campaign=SAAS50&utm_content=global-crypto-bitcoin-financial-banking-digital-network&utm_date=20270104,
2027-01-05,Investment Banking Careers,https://www.linkedin.com/groups/2445872/,EN,Want a faster way? Centralize alerts and compliance automations to free up time for strategy. See a quick demo — enter SAAS50 for 50% off:,https://saasverdict.com/?utm_source=linkedin&utm_medium=group&utm_campaign=SAAS50&utm_content=investment-banking-careers&utm_date=20270105,
2027-01-06,Make Money Online Instantly,https://www.linkedin.com/groups/3992943/,EN,Quick tip: Automate funnels and follow-ups to scale operations without more hires for online revenue. See a quick demo — enter SAAS50 for 50% off:,https://saasverdict.com/?utm_source=linkedin&utm_medium=group&utm_campaign=SAAS50&utm_content=make-money-online-instantly&utm_date=20270106,
2027-01-07,Shopify Dropshipping Community,https://www.linkedin.com/groups/12564321/,EN,"Pro tip: Automate cart recovery, inventory checks and promos to scale operations without more hires. See a quick demo — enter SAAS50 for 50% off:",https://saasverdict.com/?utm_source=linkedin&utm_medium=group&utm_campaign=SAAS50&utm_content=shopify-dropshipping-community&utm_date=20270107,
2027-01-08,Stock Market Investing | Personal Finance,https://www.linkedin.com/groups/14210452/,EN,Heads up: Get concise position alerts and summaries to scale operations without more hires. See a quick demo — enter SAAS50 for 50% off:,https://saasverdict.com/?utm_source=linkedin&utm_medium=group&utm_campaign=SAAS50&utm_content=stock-market-investing-personal-finance&utm_date=20270108,
2027-01-09,"Shopify Dropshipping US, UK, Australia, Canada",https://www.linkedin.com/groups/14303925/,EN,"One quick win: Automate cart recovery, inventory checks and promos to scale operations without more hires. See a quick demo — enter SAAS50 for 50% off:",https://saasverdict.com/?utm_source=linkedin&utm_medium=group&utm_campaign=SAAS50&utm_content=shopify-dropshipping-us-uk-australia-canada&utm_date=20270109,
2027-01-10,Ecommerce and Dropshipping Business,https://www.linkedin.com/groups/13978200/,EN,"Short idea: Automate cart recovery, inventory checks and promos to scale operations without more hires. See a quick demo — enter SAAS50 for 50% off:",https://saasverdict.com/?utm_source=linkedin&utm_medium=group&utm_campaign=SAAS50&utm_content=ecommerce-and-dropshipping-business&utm_date=20270110,
2027-01-11,"Shopify Dropshipping Store Design & Marketing Tips For USA, UK & Ca",https://www.linkedin.com/groups/14318037/,EN,"Try this: Automate cart recovery, inventory checks and promos to scale operations without more hires. See a quick demo — enter SAAS50 for 50% off:",https://saasverdict.com/?utm_source=linkedin&utm_medium=group&utm_campaign=SAAS50&utm_content=shopify-dropshipping-store-design-marketing-tips-for-usa-uk-&utm_date=20270111,
2027-01-12,"Python Developers: Machine Learning, Artificial Intelligence, Data Engineering",https://www.linkedin.com/groups/6986570/,EN,Question: Deploy and monitor models faster; scale operations without more hires. See a quick demo — enter SAAS50 for 50% off:,https://saasverdict.com/?utm_source=linkedin&utm_medium=group&utm_campaign=SAAS50&utm_content=python-developers-machine-learning-artificial-intelligence-d&utm_date=20270112,
2027-01-13,"Ai Mindshare - Artificial Intelligence, Machine Learning",https://www.linkedin.com/groups/60878/,EN,Here's a shortcut: Deploy and monitor models faster; scale operations without more hires. See a quick demo — enter SAAS50 for 50% off:,https://saasverdict.com/?utm_source=linkedin&utm_medium=group&utm_campaign=SAAS50&utm_content=ai-mindshare-artificial-intelligence-machine-learning&utm_date=20270113,
2027-01-14,"Big Data, Analytics, Business Intelligence & Visualization Experts Community",https://www.linkedin.com/groups/23006/,EN,A small win: Automate repeatable operations to scale operations without more hires so you can focus on growth. See a quick demo — enter SAAS50 for 50% off:,https://saasverdict.com/?utm_source=linkedin&utm_medium=group&utm_campaign=SAAS50&utm_content=big-data-analytics-business-intelligence-visualization-exper&utm_date=20270114,
2027-01-15,Bitcoin and Crypto Digital Currency Investor Network Group,https://www.linkedin.com/groups/2151027/,EN,Want a faster way? Filter market noise and surface meaningful signals so you can scale operations without more hires. See a quick demo — enter SAAS50 for 50% off:,https://saasverdict.com/?utm_source=linkedin&utm_medium=group&utm_campaign=SAAS50&utm_content=bitcoin-and-crypto-digital-currency-investor-network-group&utm_date=20270115,
2027-01-16,How to Make Money Online,https://www.linkedin.com/groups/14555308/,EN,Quick tip: Automate funnels and follow-ups to speed up reporting and decisions for online revenue. See a quick demo — enter SAAS50 for 50% off:,https://saasverdict.com/?utm_source=linkedin&utm_medium=group&utm_campaign=SAAS50&utm_content=how-to-make-money-online&utm_date=20270116,
2027-01-17,Internet of Things,https://www.linkedin.com/groups/73311/,EN,Pro tip: Monitor device health and get concise alerts to speed up reporting and decisions. See a quick demo — enter SAAS50 for 50% off:,https://saasverdict.com/?utm_source=linkedin&utm_medium=group&utm_campaign=SAAS50&utm_content=internet-of-things&utm_date=20270117,
2027-01-18,Leadership Think Tank,https://www.linkedin.com/groups/39683/,EN,Heads up: Automate routine reports and team alerts so leaders can speed up reporting and decisions. See a quick demo — enter SAAS50 for 50% off:,https://saasverdict.com/?utm_source=linkedin&utm_medium=group&utm_campaign=SAAS50&utm_content=leadership-think-tank&utm_date=20270118,
2027-01-19,Make Money Online and Escape The Rat Race,https://www.linkedin.com/groups/3217360/,EN,One quick win: Automate funnels and follow-ups to speed up reporting and decisions for online revenue. See a quick demo — enter SAAS50 for 50% off:,https://saasverdict.com/?utm_source=linkedin&utm_medium=group&utm_campaign=SAAS50&utm_content=make-money-online-and-escape-the-rat-race&utm_date=20270119,
2027-01-20,"Power BI: Business Intelligence Dashboards, Analysis for",https://www.linkedin.com/groups/8256390/,EN,Short idea: Automate anomaly detection and report summaries to speed up reporting and decisions. See a quick demo — enter SAAS50 for 50% off:,https://saasverdict.com/?utm_source=linkedin&utm_medium=group&utm_campaign=SAAS50&utm_content=power-bi-business-intelligence-dashboards-analysis-for&utm_date=20270120,
2027-01-21,AI and Web3 Payment and Fraud Professionals,https://www.linkedin.com/groups/107667/,EN,Try this: Deploy and monitor models faster; speed up reporting and decisions. See a quick demo — enter SAAS50 for 50% off:,https://saasverdict.com/?utm_source=linkedin&utm_medium=group&utm_campaign=SAAS50&utm_content=ai-and-web3-payment-and-fraud-professionals&utm_date=20270121,
2027-01-22,Banking & FinTech Connect,https://www.linkedin.com/groups/55097/,EN,Question: Centralize alerts and compliance automations to speed up reporting and decisions. See a quick demo — enter SAAS50 for 50% off:,https://saasverdict.com/?utm_source=linkedin&utm_medium=group&utm_campaign=SAAS50&utm_content=banking-fintech-connect&utm_date=20270122,
2027-01-23,Banking Careers,https://www.linkedin.com/groups/1843082/,EN,Here's a shortcut: Centralize alerts and compliance automations to speed up reporting and decisions. See a quick demo — enter SAAS50 for 50% off:,https://saasverdict.com/?utm_source=linkedin&utm_medium=group&utm_campaign=SAAS50&utm_content=banking-careers&utm_date=20270123,
2027-01-24,"Business Owners, Start Up Founders and Entrepreneurs",https://www.linkedin.com/groups/9503160/,EN,A small win: Automate repeatable operations to speed up reporting and decisions so you can focus on growth. See a quick demo — enter SAAS50 for 50% off:,https://saasverdict.com/?utm_source=linkedin&utm_medium=group&utm_campaign=SAAS50&utm_content=business-owners-start-up-founders-and-entrepreneurs&utm_date=20270124,
2027-01-25,Business Start-up Best Practices,https://www.linkedin.com/groups/3684074/,EN,Want a faster way? Automate repeatable operations to speed up reporting and decisions so you can focus on growth. See a quick demo — enter SAAS50 for 50% off:,https://saasverdict.com/?utm_source=linkedin&utm_medium=group&utm_campaign=SAAS50&utm_content=business-start-up-best-practices&utm_date=20270125,
2027-01-26,Global Crypto Bitcoin Financial Banking Digital Network,https://www.linkedin.com/groups/2256606/,EN,Quick tip: Filter market noise and surface meaningful signals so you can reduce alert noise and false positives. See a quick demo — enter SAAS50 for 50% off:,https://saasverdict.com/?utm_source=linkedin&utm_medium=group&utm_campaign=SAAS50&utm_content=global-crypto-bitcoin-financial-banking-digital-network&utm_date=20270126,
2027-01-27,Investment Banking Careers,https://www.linkedin.com/groups/2445872/,EN,Pro tip: Centralize alerts and compliance automations to reduce alert noise and false positives. See a quick demo — enter SAAS50 for 50% off:,https://saasverdict.com/?utm_source=linkedin&utm_medium=group&utm_campaign=SAAS50&utm_content=investment-banking-careers&utm_date=20270127,
2027-01-28,Make Money Online Instantly,https://www.linkedin.com/groups/3992943/,EN,Heads up: Automate funnels and follow-ups to reduce alert noise and false positives for online revenue. See a quick demo — enter SAAS50 for 50% off:,https://saasverdict.com/?utm_source=linkedin&utm_medium=group&utm_campaign=SAAS50&utm_content=make-money-online-instantly&utm_date=20270128,
2027-01-29,Shopify Dropshipping Community,https://www.linkedin.com/groups/12564321/,EN,"One quick win: Automate cart recovery, inventory checks and promos to reduce alert noise and false positives. See a quick demo — enter SAAS50 for 50% off:",https://saasverdict.com/?utm_source=linkedin&utm_medium=group&utm_campaign=SAAS50&utm_content=shopify-dropshipping-community&utm_date=20270129,
2027-01-30,Stock Market Investing | Personal Finance,https://www.linkedin.com/groups/14210452/,EN,Short idea: Get concise position alerts and summaries to reduce alert noise and false positives. See a quick demo — enter SAAS50 for 50% off:,https://saasverdict.com/?utm_source=linkedin&utm_medium=group&utm_campaign=SAAS50&utm_content=stock-market-investing-personal-finance&utm_date=20270130,
2027-01-31,"Shopify Dropshipping US, UK, Australia, Canada",https://www.linkedin.com/groups/14303925/,EN,"Try this: Automate cart recovery, inventory checks and promos to reduce alert noise and false positives. See a quick demo — enter SAAS50 for 50% off:",https://saasverdict.com/?utm_source=linkedin&utm_medium=group&utm_campaign=SAAS50&utm_content=shopify-dropshipping-us-uk-australia-canada&utm_date=20270131,
2027-02-01,Ecommerce and Dropshipping Business,https://www.linkedin.com/groups/13978200/,EN,"Question: Automate cart recovery, inventory checks and promos to reduce alert noise and false positives. See a quick demo — enter SAAS50 for 50% off:",https://saasverdict.com/?utm_source=linkedin&utm_medium=group&utm_campaign=SAAS50&utm_content=ecommerce-and-dropshipping-business&utm_date=20270201,
2027-02-02,"Shopify Dropshipping Store Design & Marketing Tips For USA, UK & Ca",https://www.linkedin.com/groups/14318037/,EN,"Here's a shortcut: Automate cart recovery, inventory checks and promos to reduce alert noise and false positives. See a quick demo — enter SAAS50 for 50% off:",https://saasverdict.com/?utm_source=linkedin&utm_medium=group&utm_campaign=SAAS50&utm_content=shopify-dropshipping-store-design-marketing-tips-for-usa-uk-&utm_date=20270202,
2027-02-03,"Python Developers: Machine Learning, Artificial Intelligence, Data Engineering",https://www.linkedin.com/groups/6986570/,EN,A small win: Deploy and monitor models faster; reduce alert noise and false positives. See a quick demo — enter SAAS50 for 50% off:,https://saasverdict.com/?utm_source=linkedin&utm_medium=group&utm_campaign=SAAS50&utm_content=python-developers-machine-learning-artificial-intelligence-d&utm_date=20270203,
2027-02-04,"Ai Mindshare - Artificial Intelligence, Machine Learning",https://www.linkedin.com/groups/60878/,EN,Want a faster way? Deploy and monitor models faster; reduce alert noise and false positives. See a quick demo — enter SAAS50 for 50% off:,https://saasverdict.com/?utm_source=linkedin&utm_medium=group&utm_campaign=SAAS50&utm_content=ai-mindshare-artificial-intelligence-machine-learning&utm_date=20270204,
2027-02-05,"Big Data, Analytics, Business Intelligence & Visualization Experts Community",https://www.linkedin.com/groups/23006/,EN,Quick tip: Automate repeatable operations to cut repetitive work and focus on growth so you can focus on growth. See a quick demo — enter SAAS50 for 50% off:,https://saasverdict.com/?utm_source=linkedin&utm_medium=group&utm_campaign=SAAS50&utm_content=big-data-analytics-business-intelligence-visualization-exper&utm_date=20270205,
2027-02-06,Bitcoin and Crypto Digital Currency Investor Network Group,https://www.linkedin.com/groups/2151027/,EN,Pro tip: Filter market noise and surface meaningful signals so you can cut repetitive work and focus on growth. See a quick demo — enter SAAS50 for 50% off:,https://saasverdict.com/?utm_source=linkedin&utm_medium=group&utm_campaign=SAAS50&utm_content=bitcoin-and-crypto-digital-currency-investor-network-group&utm_date=20270206,
2027-02-07,How to Make Money Online,https://www.linkedin.com/groups/14555308/,EN,Heads up: Automate funnels and follow-ups to cut repetitive work and focus on growth for online revenue. See a quick demo — enter SAAS50 for 50% off:,https://saasverdict.com/?utm_source=linkedin&utm_medium=group&utm_campaign=SAAS50&utm_content=how-to-make-money-online&utm_date=20270207,
2027-02-08,Internet of Things,https://www.linkedin.com/groups/73311/,EN,One quick win: Monitor device health and get concise alerts to cut repetitive work and focus on growth. See a quick demo — enter SAAS50 for 50% off:,https://saasverdict.com/?utm_source=linkedin&utm_medium=group&utm_campaign=SAAS50&utm_content=internet-of-things&utm_date=20270208,
2027-02-09,Leadership Think Tank,https://www.linkedin.com/groups/39683/,EN,Short idea: Automate routine reports and team alerts so leaders can cut repetitive work and focus on growth. See a quick demo — enter SAAS50 for 50% off:,https://saasverdict.com/?utm_source=linkedin&utm_medium=group&utm_campaign=SAAS50&utm_content=leadership-think-tank&utm_date=20270209,
2027-02-10,Make Money Online and Escape The Rat Race,https://www.linkedin.com/groups/3217360/,EN,Try this: Automate funnels and follow-ups to cut repetitive work and focus on growth for online revenue. See a quick demo — enter SAAS50 for 50% off:,https://saasverdict.com/?utm_source=linkedin&utm_medium=group&utm_campaign=SAAS50&utm_content=make-money-online-and-escape-the-rat-race&utm_date=20270210,
2027-02-11,"Power BI: Business Intelligence Dashboards, Analysis for",https://www.linkedin.com/groups/8256390/,EN,Question: Automate anomaly detection and report summaries to cut repetitive work and focus on growth. See a quick demo — enter SAAS50 for 50% off:,https://saasverdict.com/?utm_source=linkedin&utm_medium=group&utm_campaign=SAAS50&utm_content=power-bi-business-intelligence-dashboards-analysis-for&utm_date=20270211,
2027-02-12,AI and Web3 Payment and Fraud Professionals,https://www.linkedin.com/groups/107667/,EN,Here's a shortcut: Deploy and monitor models faster; cut repetitive work and focus on growth. See a quick demo — enter SAAS50 for 50% off:,https://saasverdict.com/?utm_source=linkedin&utm_medium=group&utm_campaign=SAAS50&utm_content=ai-and-web3-payment-and-fraud-professionals&utm_date=20270212,
2027-02-13,Banking & FinTech Connect,https://www.linkedin.com/groups/55097/,EN,A small win: Centralize alerts and compliance automations to cut repetitive work and focus on growth. See a quick demo — enter SAAS50 for 50% off:,https://saasverdict.com/?utm_source=linkedin&utm_medium=group&utm_campaign=SAAS50&utm_content=banking-fintech-connect&utm_date=20270213,
2027-02-14,Banking Careers,https://www.linkedin.com/groups/1843082/,EN,Want a faster way? Centralize alerts and compliance automations to cut repetitive work and focus on growth. See a quick demo — enter SAAS50 for 50% off:,https://saasverdict.com/?utm_source=linkedin&utm_medium=group&utm_campaign=SAAS50&utm_content=banking-careers&utm_date=20270214,
2027-02-15,"Business Owners, Start Up Founders and Entrepreneurs",https://www.linkedin.com/groups/9503160/,EN,Quick tip: Automate repeatable operations to improve monitoring accuracy and actionability so you can focus on growth. See a quick demo — enter SAAS50 for 50% off:,https://saasverdict.com/?utm_source=linkedin&utm_medium=group&utm_campaign=SAAS50&utm_content=business-owners-start-up-founders-and-entrepreneurs&utm_date=20270215,
2027-02-16,Business Start-up Best Practices,https://www.linkedin.com/groups/3684074/,EN,Pro tip: Automate repeatable operations to improve monitoring accuracy and actionability so you can focus on growth. See a quick demo — enter SAAS50 for 50% off:,https://saasverdict.com/?utm_source=linkedin&utm_medium=group&utm_campaign=SAAS50&utm_content=business-start-up-best-practices&utm_date=20270216,
2027-02-17,Global Crypto Bitcoin Financial Banking Digital Network,https://www.linkedin.com/groups/2256606/,EN,Heads up: Filter market noise and surface meaningful signals so you can improve monitoring accuracy and actionability. See a quick demo — enter SAAS50 for 50% off:,https://saasverdict.com/?utm_source=linkedin&utm_medium=group&utm_campaign=SAAS50&utm_content=global-crypto-bitcoin-financial-banking-digital-network&utm_date=20270217,
2027-02-18,Investment Banking Careers,https://www.linkedin.com/groups/2445872/,EN,One quick win: Centralize alerts and compliance automations to improve monitoring accuracy and actionability. See a quick demo — enter SAAS50 for 50% off:,https://saasverdict.com/?utm_source=linkedin&utm_medium=group&utm_campaign=SAAS50&utm_content=investment-banking-careers&utm_date=20270218,
2027-02-19,Make Money Online Instantly,https://www.linkedin.com/groups/3992943/,EN,Short idea: Automate funnels and follow-ups to improve monitoring accuracy and actionability for online revenue. See a quick demo — enter SAAS50 for 50% off:,https://saasverdict.com/?utm_source=linkedin&utm_medium=group&utm_campaign=SAAS50&utm_content=make-money-online-instantly&utm_date=20270219,
2027-02-20,Shopify Dropshipping Community,https://www.linkedin.com/groups/12564321/,EN,"Try this: Automate cart recovery, inventory checks and promos to improve monitoring accuracy and actionability. See a quick demo — enter SAAS50 for 50% off:",https://saasverdict.com/?utm_source=linkedin&utm_medium=group&utm_campaign=SAAS50&utm_content=shopify-dropshipping-community&utm_date=20270220,
2027-02-21,Stock Market Investing | Personal Finance,https://www.linkedin.com/groups/14210452/,EN,Question: Get concise position alerts and summaries to improve monitoring accuracy and actionability. See a quick demo — enter SAAS50 for 50% off:,https://saasverdict.com/?utm_source=linkedin&utm_medium=group&utm_campaign=SAAS50&utm_content=stock-market-investing-personal-finance&utm_date=20270221,
2027-02-22,"Shopify Dropshipping US, UK, Australia, Canada",https://www.linkedin.com/groups/14303925/,EN,"Here's a shortcut: Automate cart recovery, inventory checks and promos to improve monitoring accuracy and actionability. See a quick demo — enter SAAS50 for 50% off:",https://saasverdict.com/?utm_source=linkedin&utm_medium=group&utm_campaign=SAAS50&utm_content=shopify-dropshipping-us-uk-australia-canada&utm_date=20270222,
2027-02-23,Ecommerce and Dropshipping Business,https://www.linkedin.com/groups/13978200/,EN,"A small win: Automate cart recovery, inventory checks and promos to improve monitoring accuracy and actionability. See a quick demo — enter SAAS50 for 50% off:",https://saasverdict.com/?utm_source=linkedin&utm_medium=group&utm_campaign=SAAS50&utm_content=ecommerce-and-dropshipping-business&utm_date=20270223,
2027-02-24,"Shopify Dropshipping Store Design & Marketing Tips For USA, UK & Ca",https://www.linkedin.com/groups/14318037/,EN,"Want a faster way? Automate cart recovery, inventory checks and promos to improve monitoring accuracy and actionability. See a quick demo — enter SAAS50 for 50% off:",https://saasverdict.com/?utm_source=linkedin&utm_medium=group&utm_campaign=SAAS50&utm_content=shopify-dropshipping-store-design-marketing-tips-for-usa-uk-&utm_date=20270224,
2027-02-25,"Python Developers: Machine Learning, Artificial Intelligence, Data Engineering",https://www.linkedin.com/groups/6986570/,EN,Quick tip: Deploy and monitor models faster; save hours each week. Get started free — use SAAS50 to save 50%:,https://saasverdict.com/?utm_source=linkedin&utm_medium=group&utm_campaign=SAAS50&utm_content=python-developers-machine-learning-artificial-intelligence-d&utm_date=20270225,
2027-02-26,"Ai Mindshare - Artificial Intelligence, Machine Learning",https://www.linkedin.com/groups/60878/,EN,Pro tip: Deploy and monitor models faster; save hours each week. Get started free — use SAAS50 to save 50%:,https://saasverdict.com/?utm_source=linkedin&utm_medium=group&utm_campaign=SAAS50&utm_content=ai-mindshare-artificial-intelligence-machine-learning&utm_date=20270226,
2027-02-27,"Big Data, Analytics, Business Intelligence & Visualization Experts Community",https://www.linkedin.com/groups/23006/,EN,Heads up: Automate repeatable operations to save hours each week so you can focus on growth. Get started free — use SAAS50 to save 50%:,https://saasverdict.com/?utm_source=linkedin&utm_medium=group&utm_campaign=SAAS50&utm_content=big-data-analytics-business-intelligence-visualization-exper&utm_date=20270227,
2027-02-28,Bitcoin and Crypto Digital Currency Investor Network Group,https://www.linkedin.com/groups/2151027/,EN,One quick win: Filter market noise and surface meaningful signals so you can save hours each week. Get started free — use SAAS50 to save 50%:,https://saasverdict.com/?utm_source=linkedin&utm_medium=group&utm_campaign=SAAS50&utm_content=bitcoin-and-crypto-digital-currency-investor-network-group&utm_date=20270228,
2027-03-01,How to Make Money Online,https://www.linkedin.com/groups/14555308/,EN,Short idea: Automate funnels and follow-ups to save hours each week for online revenue. Get started free — use SAAS50 to save 50%:,https://saasverdict.com/?utm_source=linkedin&utm_medium=group&utm_campaign=SAAS50&utm_content=how-to-make-money-online&utm_date=20270301,
2027-03-02,Internet of Things,https://www.linkedin.com/groups/73311/,EN,Try this: Monitor device health and get concise alerts to save hours each week. Get started free — use SAAS50 to save 50%:,https://saasverdict.com/?utm_source=linkedin&utm_medium=group&utm_campaign=SAAS50&utm_content=internet-of-things&utm_date=20270302,
2027-03-03,Leadership Think Tank,https://www.linkedin.com/groups/39683/,EN,Question: Automate routine reports and team alerts so leaders can save hours each week. Get started free — use SAAS50 to save 50%:,https://saasverdict.com/?utm_source=linkedin&utm_medium=group&utm_campaign=SAAS50&utm_content=leadership-think-tank&utm_date=20270303,
2027-03-04,Make Money Online and Escape The Rat Race,https://www.linkedin.com/groups/3217360/,EN,Here's a shortcut: Automate funnels and follow-ups to save hours each week for online revenue. Get started free — use SAAS50 to save 50%:,https://saasverdict.com/?utm_source=linkedin&utm_medium=group&utm_campaign=SAAS50&utm_content=make-money-online-and-escape-the-rat-race&utm_date=20270304,
2027-03-05,"Power BI: Business Intelligence Dashboards, Analysis for",https://www.linkedin.com/groups/8256390/,EN,A small win: Automate anomaly detection and report summaries to save hours each week. Get started free — use SAAS50 to save 50%:,https://saasverdict.com/?utm_source=linkedin&utm_medium=group&utm_campaign=SAAS50&utm_content=power-bi-business-intelligence-dashboards-analysis-for&utm_date=20270305,
2027-03-06,AI and Web3 Payment and Fraud Professionals,https://www.linkedin.com/groups/107667/,EN,Want a faster way? Deploy and monitor models faster; save hours each week. Get started free — use SAAS50 to save 50%:,https://saasverdict.com/?utm_source=linkedin&utm_medium=group&utm_campaign=SAAS50&utm_content=ai-and-web3-payment-and-fraud-professionals&utm_date=20270306,
2027-03-07,Banking & FinTech Connect,https://www.linkedin.com/groups/55097/,EN,Quick tip: Centralize alerts and compliance automations to reduce errors and manual reviews. Get started free — use SAAS50 to save 50%:,https://saasverdict.com/?utm_source=linkedin&utm_medium=group&utm_campaign=SAAS50&utm_content=banking-fintech-connect&utm_date=20270307,
2027-03-08,Banking Careers,https://www.linkedin.com/groups/1843082/,EN,Pro tip: Centralize alerts and compliance automations to reduce errors and manual reviews. Get started free — use SAAS50 to save 50%:,https://saasverdict.com/?utm_source=linkedin&utm_medium=group&utm_campaign=SAAS50&utm_content=banking-careers&utm_date=20270308,
2027-03-09,"Business Owners, Start Up Founders and Entrepreneurs",https://www.linkedin.com/groups/9503160/,EN,Heads up: Automate repeatable operations to reduce errors and manual reviews so you can focus on growth. Get started free — use SAAS50 to save 50%:,https://saasverdict.com/?utm_source=linkedin&utm_medium=group&utm_campaign=SAAS50&utm_content=business-owners-start-up-founders-and-entrepreneurs&utm_date=20270309,
2027-03-10,Business Start-up Best Practices,https://www.linkedin.com/groups/3684074/,EN,One quick win: Automate repeatable operations to reduce errors and manual reviews so you can focus on growth. Get started free — use SAAS50 to save 50%:,https://saasverdict.com/?utm_source=linkedin&utm_medium=group&utm_campaign=SAAS50&utm_content=business-start-up-best-practices&utm_date=20270310,
2027-03-11,Global Crypto Bitcoin Financial Banking Digital Network,https://www.linkedin.com/groups/2256606/,EN,Short idea: Filter market noise and surface meaningful signals so you can reduce errors and manual reviews. Get started free — use SAAS50 to save 50%:,https://saasverdict.com/?utm_source=linkedin&utm_medium=group&utm_campaign=SAAS50&utm_content=global-crypto-bitcoin-financial-banking-digital-network&utm_date=20270311,
2027-03-12,Investment Banking Careers,https://www.linkedin.com/groups/2445872/,EN,Try this: Centralize alerts and compliance automations to reduce errors and manual reviews. Get started free — use SAAS50 to save 50%:,https://saasverdict.com/?utm_source=linkedin&utm_medium=group&utm_campaign=SAAS50&utm_content=investment-banking-careers&utm_date=20270312,
2027-03-13,Make Money Online Instantly,https://www.linkedin.com/groups/3992943/,EN,Question: Automate funnels and follow-ups to reduce errors and manual reviews for online revenue. Get started free — use SAAS50 to save 50%:,https://saasverdict.com/?utm_source=linkedin&utm_medium=group&utm_campaign=SAAS50&utm_content=make-money-online-instantly&utm_date=20270313,
2027-03-14,Shopify Dropshipping Community,https://www.linkedin.com/groups/12564321/,EN,"Here's a shortcut: Automate cart recovery, inventory checks and promos to reduce errors and manual reviews. Get started free — use SAAS50 to save 50%:",https://saasverdict.com/?utm_source=linkedin&utm_medium=group&utm_campaign=SAAS50&utm_content=shopify-dropshipping-community&utm_date=20270314,
2027-03-15,Stock Market Investing | Personal Finance,https://www.linkedin.com/groups/14210452/,EN,A small win: Get concise position alerts and summaries to reduce errors and manual reviews. Get started free — use SAAS50 to save 50%:,https://saasverdict.com/?utm_source=linkedin&utm_medium=group&utm_campaign=SAAS50&utm_content=stock-market-investing-personal-finance&utm_date=20270315,
2027-03-16,"Shopify Dropshipping US, UK, Australia, Canada",https://www.linkedin.com/groups/14303925/,EN,"Want a faster way? Automate cart recovery, inventory checks and promos to reduce errors and manual reviews. Get started free — use SAAS50 to save 50%:",https://saasverdict.com/?utm_source=linkedin&utm_medium=group&utm_campaign=SAAS50&utm_content=shopify-dropshipping-us-uk-australia-canada&utm_date=20270316,
2027-03-17,Ecommerce and Dropshipping Business,https://www.linkedin.com/groups/13978200/,EN,"Quick tip: Automate cart recovery, inventory checks and promos to improve conversion. Get started free — use SAAS50 to save 50%:",https://saasverdict.com/?utm_source=linkedin&utm_medium=group&utm_campaign=SAAS50&utm_content=ecommerce-and-dropshipping-business&utm_date=20270317,
2027-03-18,"Shopify Dropshipping Store Design & Marketing Tips For USA, UK & Ca",https://www.linkedin.com/groups/14318037/,EN,"Pro tip: Automate cart recovery, inventory checks and promos to improve conversion. Get started free — use SAAS50 to save 50%:",https://saasverdict.com/?utm_source=linkedin&utm_medium=group&utm_campaign=SAAS50&utm_content=shopify-dropshipping-store-design-marketing-tips-for-usa-uk-&utm_date=20270318,
2027-03-19,"Python Developers: Machine Learning, Artificial Intelligence, Data Engineering",https://www.linkedin.com/groups/6986570/,EN,Heads up: Deploy and monitor models faster; improve conversion. Get started free — use SAAS50 to save 50%:,https://saasverdict.com/?utm_source=linkedin&utm_medium=group&utm_campaign=SAAS50&utm_content=python-developers-machine-learning-artificial-intelligence-d&utm_date=20270319,
2027-03-20,"Ai Mindshare - Artificial Intelligence, Machine Learning",https://www.linkedin.com/groups/60878/,EN,One quick win: Deploy and monitor models faster; improve conversion. Get started free — use SAAS50 to save 50%:,https://saasverdict.com/?utm_source=linkedin&utm_medium=group&utm_campaign=SAAS50&utm_content=ai-mindshare-artificial-intelligence-machine-learning&utm_date=20270320,
2027-03-21,"Big Data, Analytics, Business Intelligence & Visualization Experts Community",https://www.linkedin.com/groups/23006/,EN,Short idea: Automate repeatable operations to improve conversion so you can focus on growth. Get started free — use SAAS50 to save 50%:,https://saasverdict.com/?utm_source=linkedin&utm_medium=group&utm_campaign=SAAS50&utm_content=big-data-analytics-business-intelligence-visualization-exper&utm_date=20270321,
2027-03-22,Bitcoin and Crypto Digital Currency Investor Network Group,https://www.linkedin.com/groups/2151027/,EN,Try this: Filter market noise and surface meaningful signals so you can improve conversion. Get started free — use SAAS50 to save 50%:,https://saasverdict.com/?utm_source=linkedin&utm_medium=group&utm_campaign=SAAS50&utm_content=bitcoin-and-crypto-digital-currency-investor-network-group&utm_date=20270322,
2027-03-23,How to Make Money Online,https://www.linkedin.com/groups/14555308/,EN,Question: Automate funnels and follow-ups to improve conversion for online revenue. Get started free — use SAAS50 to save 50%:,https://saasverdict.com/?utm_source=linkedin&utm_medium=group&utm_campaign=SAAS50&utm_content=how-to-make-money-online&utm_date=20270323,
2027-03-24,Internet of Things,https://www.linkedin.com/groups/73311/,EN,Here's a shortcut: Monitor device health and get concise alerts to improve conversion. Get started free — use SAAS50 to save 50%:,https://saasverdict.com/?utm_source=linkedin&utm_medium=group&utm_campaign=SAAS50&utm_content=internet-of-things&utm_date=20270324,
2027-03-25,Leadership Think Tank,https://www.linkedin.com/groups/39683/,EN,A small win: Automate routine reports and team alerts so leaders can improve conversion. Get started free — use SAAS50 to save 50%:,https://saasverdict.com/?utm_source=linkedin&utm_medium=group&utm_campaign=SAAS50&utm_content=leadership-think-tank&utm_date=20270325,
2027-03-26,Make Money Online and Escape The Rat Race,https://www.linkedin.com/groups/3217360/,EN,Want a faster way? Automate funnels and follow-ups to improve conversion for online revenue. Get started free — use SAAS50 to save 50%:,https://saasverdict.com/?utm_source=linkedin&utm_medium=group&utm_campaign=SAAS50&utm_content=make-money-online-and-escape-the-rat-race&utm_date=20270326,
2027-03-27,"Power BI: Business Intelligence Dashboards, Analysis for",https://www.linkedin.com/groups/8256390/,EN,Quick tip: Automate anomaly detection and report summaries to recover lost revenue. Get started free — use SAAS50 to save 50%:,https://saasverdict.com/?utm_source=linkedin&utm_medium=group&utm_campaign=SAAS50&utm_content=power-bi-business-intelligence-dashboards-analysis-for&utm_date=20270327,
2027-03-28,AI and Web3 Payment and Fraud Professionals,https://www.linkedin.com/groups/107667/,EN,Pro tip: Deploy and monitor models faster; recover lost revenue. Get started free — use SAAS50 to save 50%:,https://saasverdict.com/?utm_source=linkedin&utm_medium=group&utm_campaign=SAAS50&utm_content=ai-and-web3-payment-and-fraud-professionals&utm_date=20270328,
2027-03-29,Banking & FinTech Connect,https://www.linkedin.com/groups/55097/,EN,Heads up: Centralize alerts and compliance automations to recover lost revenue. Get started free — use SAAS50 to save 50%:,https://saasverdict.com/?utm_source=linkedin&utm_medium=group&utm_campaign=SAAS50&utm_content=banking-fintech-connect&utm_date=20270329,
2027-03-30,Banking Careers,https://www.linkedin.com/groups/1843082/,EN,One quick win: Centralize alerts and compliance automations to recover lost revenue. Get started free — use SAAS50 to save 50%:,https://saasverdict.com/?utm_source=linkedin&utm_medium=group&utm_campaign=SAAS50&utm_content=banking-careers&utm_date=20270330,
2027-03-31,"Business Owners, Start Up Founders and Entrepreneurs",https://www.linkedin.com/groups/9503160/,EN,Short idea: Automate repeatable operations to recover lost revenue so you can focus on growth. Get started free — use SAAS50 to save 50%:,https://saasverdict.com/?utm_source=linkedin&utm_medium=group&utm_campaign=SAAS50&utm_content=business-owners-start-up-founders-and-entrepreneurs&utm_date=20270331,
2027-04-01,Business Start-up Best Practices,https://www.linkedin.com/groups/3684074/,EN,Try this: Automate repeatable operations to recover lost revenue so you can focus on growth. Get started free — use SAAS50 to save 50%:,https://saasverdict.com/?utm_source=linkedin&utm_medium=group&utm_campaign=SAAS50&utm_content=business-start-up-best-practices&utm_date=20270401,
2027-04-02,Global Crypto Bitcoin Financial Banking Digital Network,https://www.linkedin.com/groups/2256606/,EN,Question: Filter market noise and surface meaningful signals so you can recover lost revenue. Get started free — use SAAS50 to save 50%:,https://saasverdict.com/?utm_source=linkedin&utm_medium=group&utm_campaign=SAAS50&utm_content=global-crypto-bitcoin-financial-banking-digital-network&utm_date=20270402,
2027-04-03,Investment Banking Careers,https://www.linkedin.com/groups/2445872/,EN,Here's a shortcut: Centralize alerts and compliance automations to recover lost revenue. Get started free — use SAAS50 to save 50%:,https://saasverdict.com/?utm_source=linkedin&utm_medium=group&utm_campaign=SAAS50&utm_content=investment-banking-careers&utm_date=20270403,
2027-04-04,Make Money Online Instantly,https://www.linkedin.com/groups/3992943/,EN,A small win: Automate funnels and follow-ups to recover lost revenue for online revenue. Get started free — use SAAS50 to save 50%:,https://saasverdict.com/?utm_source=linkedin&utm_medium=group&utm_campaign=SAAS50&utm_content=make-money-online-instantly&utm_date=20270404,
2027-04-05,Shopify Dropshipping Community,https://www.linkedin.com/groups/12564321/,EN,"Want a faster way? Automate cart recovery, inventory checks and promos to recover lost revenue. Get started free — use SAAS50 to save 50%:",https://saasverdict.com/?utm_source=linkedin&utm_medium=group&utm_campaign=SAAS50&utm_content=shopify-dropshipping-community&utm_date=20270405,
2027-04-06,Stock Market Investing | Personal Finance,https://www.linkedin.com/groups/14210452/,EN,Quick tip: Get concise position alerts and summaries to free up time for strategy. Get started free — use SAAS50 to save 50%:,https://saasverdict.com/?utm_source=linkedin&utm_medium=group&utm_campaign=SAAS50&utm_content=stock-market-investing-personal-finance&utm_date=20270406,
2027-04-07,"Shopify Dropshipping US, UK, Australia, Canada",https://www.linkedin.com/groups/14303925/,EN,"Pro tip: Automate cart recovery, inventory checks and promos to free up time for strategy. Get started free — use SAAS50 to save 50%:",https://saasverdict.com/?utm_source=linkedin&utm_medium=group&utm_campaign=SAAS50&utm_content=shopify-dropshipping-us-uk-australia-canada&utm_date=20270407,
2027-04-08,Ecommerce and Dropshipping Business,https://www.linkedin.com/groups/13978200/,EN,"Heads up: Automate cart recovery, inventory checks and promos to free up time for strategy. Get started free — use SAAS50 to save 50%:",https://saasverdict.com/?utm_source=linkedin&utm_medium=group&utm_campaign=SAAS50&utm_content=ecommerce-and-dropshipping-business&utm_date=20270408,
2027-04-09,"Shopify Dropshipping Store Design & Marketing Tips For USA, UK & Ca",https://www.linkedin.com/groups/14318037/,EN,"One quick win: Automate cart recovery, inventory checks and promos to free up time for strategy. Get started free — use SAAS50 to save 50%:",https://saasverdict.com/?utm_source=linkedin&utm_medium=group&utm_campaign=SAAS50&utm_content=shopify-dropshipping-store-design-marketing-tips-for-usa-uk-&utm_date=20270409,
2027-04-10,"Python Developers: Machine Learning, Artificial Intelligence, Data Engineering",https://www.linkedin.com/groups/6986570/,EN,Short idea: Deploy and monitor models faster; free up time for strategy. Get started free — use SAAS50 to save 50%:,https://saasverdict.com/?utm_source=linkedin&utm_medium=group&utm_campaign=SAAS50&utm_content=python-developers-machine-learning-artificial-intelligence-d&utm_date=20270410,
2027-04-11,"Ai Mindshare - Artificial Intelligence, Machine Learning",https://www.linkedin.com/groups/60878/,EN,Try this: Deploy and monitor models faster; free up time for strategy. Get started free — use SAAS50 to save 50%:,https://saasverdict.com/?utm_source=linkedin&utm_medium=group&utm_campaign=SAAS50&utm_content=ai-mindshare-artificial-intelligence-machine-learning&utm_date=20270411,
2027-04-12,"Big Data, Analytics, Business Intelligence & Visualization Experts Community",https://www.linkedin.com/groups/23006/,EN,Question: Automate repeatable operations to free up time for strategy so you can focus on growth. Get started free — use SAAS50 to save 50%:,https://saasverdict.com/?utm_source=linkedin&utm_medium=group&utm_campaign=SAAS50&utm_content=big-data-analytics-business-intelligence-visualization-exper&utm_date=20270412,
2027-04-13,Bitcoin and Crypto Digital Currency Investor Network Group,https://www.linkedin.com/groups/2151027/,EN,Here's a shortcut: Filter market noise and surface meaningful signals so you can free up time for strategy. Get started free — use SAAS50 to save 50%:,https://saasverdict.com/?utm_source=linkedin&utm_medium=group&utm_campaign=SAAS50&utm_content=bitcoin-and-crypto-digital-currency-investor-network-group&utm_date=20270413,
2027-04-14,How to Make Money Online,https://www.linkedin.com/groups/14555308/,EN,A small win: Automate funnels and follow-ups to free up time for strategy for online revenue. Get started free — use SAAS50 to save 50%:,https://saasverdict.com/?utm_source=linkedin&utm_medium=group&utm_campaign=SAAS50&utm_content=how-to-make-money-online&utm_date=20270414,
2027-04-15,Internet of Things,https://www.linkedin.com/groups/73311/,EN,Want a faster way? Monitor device health and get concise alerts to free up time for strategy. Get started free — use SAAS50 to save 50%:,https://saasverdict.com/?utm_source=linkedin&utm_medium=group&utm_campaign=SAAS50&utm_content=internet-of-things&utm_date=20270415,
2027-04-16,Leadership Think Tank,https://www.linkedin.com/groups/39683/,EN,Quick tip: Automate routine reports and team alerts so leaders can scale operations without more hires. Get started free — use SAAS50 to save 50%:,https://saasverdict.com/?utm_source=linkedin&utm_medium=group&utm_campaign=SAAS50&utm_content=leadership-think-tank&utm_date=20270416,
2027-04-17,Make Money Online and Escape The Rat Race,https://www.linkedin.com/groups/3217360/,EN,Pro tip: Automate funnels and follow-ups to scale operations without more hires for online revenue. Get started free — use SAAS50 to save 50%:,https://saasverdict.com/?utm_source=linkedin&utm_medium=group&utm_campaign=SAAS50&utm_content=make-money-online-and-escape-the-rat-race&utm_date=20270417,
2027-04-18,"Power BI: Business Intelligence Dashboards, Analysis for",https://www.linkedin.com/groups/8256390/,EN,Heads up: Automate anomaly detection and report summaries to scale operations without more hires. Get started free — use SAAS50 to save 50%:,https://saasverdict.com/?utm_source=linkedin&utm_medium=group&utm_campaign=SAAS50&utm_content=power-bi-business-intelligence-dashboards-analysis-for&utm_date=20270418,
2027-04-19,AI and Web3 Payment and Fraud Professionals,https://www.linkedin.com/groups/107667/,EN,One quick win: Deploy and monitor models faster; scale operations without more hires. Get started free — use SAAS50 to save 50%:,https://saasverdict.com/?utm_source=linkedin&utm_medium=group&utm_campaign=SAAS50&utm_content=ai-and-web3-payment-and-fraud-professionals&utm_date=20270419,
2027-04-20,Banking & FinTech Connect,https://www.linkedin.com/groups/55097/,EN,Short idea: Centralize alerts and compliance automations to scale operations without more hires. Get started free — use SAAS50 to save 50%:,https://saasverdict.com/?utm_source=linkedin&utm_medium=group&utm_campaign=SAAS50&utm_content=banking-fintech-connect&utm_date=20270420,
2027-04-21,Banking Careers,https://www.linkedin.com/groups/1843082/,EN,Try this: Centralize alerts and compliance automations to scale operations without more hires. Get started free — use SAAS50 to save 50%:,https://saasverdict.com/?utm_source=linkedin&utm_medium=group&utm_campaign=SAAS50&utm_content=banking-careers&utm_date=20270421,
2027-04-22,"Business Owners, Start Up Founders and Entrepreneurs",https://www.linkedin.com/groups/9503160/,EN,Question: Automate repeatable operations to scale operations without more hires so you can focus on growth. Get started free — use SAAS50 to save 50%:,https://saasverdict.com/?utm_source=linkedin&utm_medium=group&utm_campaign=SAAS50&utm_content=business-owners-start-up-founders-and-entrepreneurs&utm_date=20270422,
2027-04-23,Business Start-up Best Practices,https://www.linkedin.com/groups/3684074/,EN,Here's a shortcut: Automate repeatable operations to scale operations without more hires so you can focus on growth. Get started free — use SAAS50 to save 50%:,https://saasverdict.com/?utm_source=linkedin&utm_medium=group&utm_campaign=SAAS50&utm_content=business-start-up-best-practices&utm_date=20270423,
2027-04-24,Global Crypto Bitcoin Financial Banking Digital Network,https://www.linkedin.com/groups/2256606/,EN,A small win: Filter market noise and surface meaningful signals so you can scale operations without more hires. Get started free — use SAAS50 to save 50%:,https://saasverdict.com/?utm_source=linkedin&utm_medium=group&utm_campaign=SAAS50&utm_content=global-crypto-bitcoin-financial-banking-digital-network&utm_date=20270424,
2027-04-25,Investment Banking Careers,https://www.linkedin.com/groups/2445872/,EN,Want a faster way? Centralize alerts and compliance automations to scale operations without more hires. Get started free — use SAAS50 to save 50%:,https://saasverdict.com/?utm_source=linkedin&utm_medium=group&utm_campaign=SAAS50&utm_content=investment-banking-careers&utm_date=20270425,
2027-04-26,Make Money Online Instantly,https://www.linkedin.com/groups/3992943/,EN,Quick tip: Automate funnels and follow-ups to speed up reporting and decisions for online revenue. Get started free — use SAAS50 to save 50%:,https://saasverdict.com/?utm_source=linkedin&utm_medium=group&utm_campaign=SAAS50&utm_content=make-money-online-instantly&utm_date=20270426,
2027-04-27,Shopify Dropshipping Community,https://www.linkedin.com/groups/12564321/,EN,"Pro tip: Automate cart recovery, inventory checks and promos to speed up reporting and decisions. Get started free — use SAAS50 to save 50%:",https://saasverdict.com/?utm_source=linkedin&utm_medium=group&utm_campaign=SAAS50&utm_content=shopify-dropshipping-community&utm_date=20270427,
2027-04-28,Stock Market Investing | Personal Finance,https://www.linkedin.com/groups/14210452/,EN,Heads up: Get concise position alerts and summaries to speed up reporting and decisions. Get started free — use SAAS50 to save 50%:,https://saasverdict.com/?utm_source=linkedin&utm_medium=group&utm_campaign=SAAS50&utm_content=stock-market-investing-personal-finance&utm_date=20270428,
2027-04-29,"Shopify Dropshipping US, UK, Australia, Canada",https://www.linkedin.com/groups/14303925/,EN,"One quick win: Automate cart recovery, inventory checks and promos to speed up reporting and decisions. Get started free — use SAAS50 to save 50%:",https://saasverdict.com/?utm_source=linkedin&utm_medium=group&utm_campaign=SAAS50&utm_content=shopify-dropshipping-us-uk-australia-canada&utm_date=20270429,
2027-04-30,Ecommerce and Dropshipping Business,https://www.linkedin.com/groups/13978200/,EN,"Short idea: Automate cart recovery, inventory checks and promos to speed up reporting and decisions. Get started free — use SAAS50 to save 50%:",https://saasverdict.com/?utm_source=linkedin&utm_medium=group&utm_campaign=SAAS50&utm_content=ecommerce-and-dropshipping-business&utm_date=20270430,
